rule,horizon,side,train_n,train_mean_return,train_median_return,train_win_rate,train_profit_factor,train_t_stat,train_worst_trade,train_best_trade,validation_n,validation_mean_return,validation_median_return,validation_win_rate,validation_profit_factor,validation_t_stat,validation_worst_trade,validation_best_trade,test_n,test_mean_return,test_median_return,test_win_rate,test_profit_factor,test_t_stat,test_worst_trade,test_best_trade,sample_size_pass,stable_positive,robust_score
failed_spike_cl0.40_rv2_px5,20,short,57,0.21477565314797398,0.2271133772292261,0.7894736842105263,5.255235443033017,5.133927351667779,-0.7744482910607313,0.8094444565342025,177,0.1317567937831656,0.23076285758096593,0.7627118644067796,2.099952583270314,3.355698689516942,-4.271904761904762,0.8330136981075758,289,0.2470821507374872,0.31391524597099063,0.8200692041522492,3.8208564814778154,7.210903347781278,-7.145593088835488,0.9522641509433962,False,False,0.5349909524088606
failed_spike_cl0.40_rv2_px10,20,short,50,0.24859555970113198,0.23735474221332975,0.84,8.667911133722416,6.1295024083659655,-0.7744482910607313,0.8094444565342025,148,0.13553782399679873,0.2345073499493458,0.7635135135135135,2.1090640611745863,2.9989065092154217,-4.271904761904762,0.8330136981075758,222,0.26486156904925817,0.34832710120472443,0.8333333333333334,3.8885825582841234,6.226093607630009,-7.145593088835488,0.9522641509433962,False,False,0.5329110905942914
failed_spike_cl0.40_rv2_px3,20,short,60,0.1954149030666951,0.22002972498249745,0.7666666666666667,4.298379573011921,4.613199783496753,-0.7744482910607313,0.8094444565342025,192,0.12906066194718488,0.20259366845933774,0.7552083333333334,2.1375733401176094,3.5418960650394755,-4.271904761904762,0.8330136981075758,332,0.23831864861387755,0.31252672867655223,0.822289156626506,3.627382580280695,7.4398143931890885,-7.145593088835488,0.9522641509433962,False,False,0.5305521020915893
failed_spike_cl0.40_rv5_px5,20,short,53,0.21391781921267355,0.2271133772292261,0.7735849056603774,4.9408193114916825,4.764849363746814,-0.7744482910607313,0.8094444565342025,168,0.12880282144580701,0.23199316235998607,0.7678571428571429,2.05426274461099,3.1519989389271665,-4.271904761904762,0.8330136981075758,272,0.24867532015668636,0.3095434646654159,0.8235294117647058,3.9247943231326032,7.012334984283152,-7.145593088835488,0.9522641509433962,False,False,0.513792399899791
failed_spike_cl0.40_rv5_px3,20,short,56,0.19322011380069443,0.22002972498249745,0.75,4.043911776209576,4.266496806078461,-0.7744482910607313,0.8094444565342025,178,0.12675012641519534,0.2126744418826002,0.7640449438202247,2.0728584649537916,3.270426081066977,-4.271904761904762,0.8330136981075758,314,0.23800368768954705,0.3052243462745056,0.8248407643312102,3.6760415203593473,7.193135153422943,-7.145593088835488,0.9522641509433962,False,False,0.512457259301145
failed_spike_cl0.25_rv2_px3,20,short,41,0.16933630524289217,0.2137960040008603,0.7560975609756098,3.3297957845156754,3.1871477936211496,-0.7744482910607313,0.8094444565342025,129,0.13709109315808563,0.2332234671390062,0.7906976744186046,2.2313133691203118,2.829598430295848,-4.271904761904762,0.7974534241023812,183,0.22285750895545273,0.31917312120204033,0.8087431693989071,3.0756375710714434,4.479653701725848,-7.145593088835488,0.9445454545454546,False,False,0.5124012138342317
failed_spike_cl0.40_rv5_px10,20,short,47,0.24863488541485543,0.2296313364055299,0.8297872340425532,8.20897668442927,5.777023618425501,-0.7744482910607313,0.8094444565342025,142,0.13109214359301635,0.2345073499493458,0.7676056338028169,2.035828491331261,2.7966771458670334,-4.271904761904762,0.8330136981075758,209,0.2695371216193117,0.34234896422987127,0.8421052631578947,4.100650653548393,6.1399881974812045,-7.145593088835488,0.9522641509433962,False,False,0.5074840387993673
failed_spike_cl0.25_rv2_px5,20,short,39,0.19539886671569232,0.21941174226648663,0.7948717948717948,4.310073699958688,3.802013648923698,-0.7744482910607313,0.8094444565342025,116,0.13700806574498864,0.2386686226583768,0.7931034482758621,2.1259997894170914,2.557389894361401,-4.271904761904762,0.7974534241023812,164,0.21788295254582524,0.3165441835865155,0.8048780487804879,2.903020548746136,3.9688056776793945,-7.145593088835488,0.9445454545454546,False,False,0.50540623877458
failed_spike_cl0.40_rv5_px1,20,short,56,0.19322011380069443,0.22002972498249745,0.75,4.043911776209576,4.266496806078461,-0.7744482910607313,0.8094444565342025,187,0.12377587829727828,0.20524665467023284,0.7486631016042781,2.0664523281555924,3.3312194531269497,-4.271904761904762,0.8330136981075758,349,0.21265902430959485,0.29864197440017304,0.8080229226361032,3.068635423066771,6.613820707992741,-7.145593088835488,0.9522641509433962,False,False,0.500432221677146
failed_spike_cl0.40_rv2_px1,20,short,61,0.18901162621967546,0.21941174226648663,0.7540983606557377,4.074647547857953,4.484371387585254,-0.7744482910607313,0.8094444565342025,205,0.12116407950268596,0.19473535171821765,0.7365853658536585,2.0684861973960684,3.4993588580190367,-4.271904761904762,0.8330136981075758,370,0.21295826969461096,0.3003137457707842,0.8054054054054054,3.0631432971239265,6.878219985420595,-7.145593088835488,0.9522641509433962,False,False,0.5000604387478724
failed_spike_cl0.25_rv5_px1,20,short,39,0.16730384572144388,0.2137960040008603,0.7435897435897436,3.1895478960010997,2.999670674304892,-0.7744482910607313,0.8094444565342025,122,0.1342630299803636,0.2365642390382195,0.7950819672131147,2.146539103647915,2.6349279816894646,-4.271904761904762,0.7974534241023812,192,0.209321779278648,0.29883762676424086,0.8020833333333334,2.9986050751322426,4.459471732592665,-7.145593088835488,0.9445454545454546,False,False,0.49528013274164673
failed_spike_cl0.25_rv2_px1,20,short,42,0.16065722691326373,0.20981164673800995,0.7380952380952381,3.125106483301305,3.0559527161569995,-0.7744482910607313,0.8094444565342025,136,0.13073808171098372,0.20259366845933774,0.7794117647058824,2.1700303314946505,2.812860502583148,-4.271904761904762,0.7974534241023812,202,0.2079685017518042,0.300766626864301,0.7970297029702971,2.9215521202686316,4.539572061181422,-7.145593088835488,0.9445454545454546,False,False,0.4917320880569064
failed_spike_cl0.25_rv2_px3,10,short,41,0.13496416721246426,0.10358573528986971,0.7073170731707317,4.228957019039245,3.3358928040347675,-0.4811032508602693,0.7341679815232331,129,0.1314454959324549,0.19155038832162208,0.7596899224806202,2.606451218178592,3.97197814396727,-2.319523809523809,0.8005590230945284,183,0.13186741832055734,0.23079317606847494,0.7486338797814208,2.1226086830161313,3.014665162242822,-5.603220491033966,0.9094444417953491,False,False,0.4912998366069267
failed_spike_cl0.25_rv5_px3,20,short,39,0.16730384572144388,0.2137960040008603,0.7435897435897436,3.1895478960010997,2.999670674304892,-0.7744482910607313,0.8094444565342025,119,0.13242759686393685,0.2373372453167536,0.7983193277310925,2.106526987870502,2.539241705245306,-4.271904761904762,0.7974534241023812,175,0.22237275779251914,0.31113821138211384,0.8114285714285714,3.159418616081309,4.389554025433641,-7.145593088835488,0.9445454545454546,False,False,0.48850944122905976
failed_spike_cl0.25_rv5_px5,20,short,37,0.19466533162404684,0.21941174226648663,0.7837837837837838,4.128537421195776,3.598541144312944,-0.7744482910607313,0.8094444565342025,110,0.132500036380571,0.24508128790560046,0.8,2.041164451455047,2.357662298117062,-4.271904761904762,0.7974534241023812,157,0.21966045616008142,0.31113821138211384,0.8089171974522293,3.010924950772779,3.9317910084117424,-7.145593088835488,0.9445454545454546,False,False,0.48198029850120766
failed_spike_cl0.40_rv2_px3,10,short,60,0.16055371265033522,0.14146061049155273,0.7166666666666667,5.298647815399403,4.812257886029424,-0.4811032508602693,0.7761538422413361,192,0.1170518637057132,0.1729063507075721,0.71875,2.306697934244394,4.265392360694209,-2.319523809523809,0.808356161248194,332,0.1517270663560475,0.23657398206105434,0.7620481927710844,2.508062529814132,5.37285938994715,-5.603220491033966,0.930670916453088,False,False,0.481185447260593
failed_spike_cl0.40_rv2_px5,10,short,57,0.16507071327737496,0.14760867546471534,0.7192982456140351,5.258131147990057,4.7263195413229555,-0.4811032508602693,0.7761538422413361,177,0.11812909606942278,0.18027653356756423,0.7231638418079096,2.2663320340190145,4.007350515821012,-2.319523809523809,0.808356161248194,289,0.15769429045585184,0.24192806468183647,0.754325259515571,2.629808309236944,5.171946441276764,-5.603220491033966,0.930670916453088,False,False,0.4796564624772542
failed_spike_cl0.25_rv2_px5,10,short,39,0.14089379210631023,0.1203116170781935,0.717948717948718,4.266095018711905,3.3311453873176324,-0.4811032508602693,0.7341679815232331,116,0.1327567809515108,0.19690198224512312,0.7672413793103449,2.5267120229954085,3.6487046426423886,-2.319523809523809,0.8005590230945284,164,0.1249944997331312,0.22750077980929628,0.7378048780487805,1.9969396013082459,2.5890247238062387,-5.603220491033966,0.9094444417953491,False,False,0.4610896419427976
failed_spike_cl0.40_rv5_px5,10,short,53,0.15550631475562346,0.13531254551839011,0.6981132075471698,4.72990738964289,4.194529378254575,-0.4811032508602693,0.7761538422413361,168,0.11521844687571228,0.17978113475668134,0.7202380952380952,2.2240918584612754,3.7839057647827166,-2.319523809523809,0.808356161248194,272,0.15748572453482157,0.22750077980929628,0.75,2.72182601441082,5.140506442107526,-5.603220491033966,0.930670916453088,False,False,0.45960454645712967
failed_spike_cl0.25_rv5_px3,10,short,39,0.123410053319113,0.10214951688373454,0.6923076923076923,3.8085041834484517,2.959866140438703,-0.4811032508602693,0.7341679815232331,119,0.12650530264117607,0.19155038832162208,0.7563025210084033,2.4501734336075693,3.565424966648859,-2.319523809523809,0.8005590230945284,175,0.12980837369306214,0.22333336510829105,0.7428571428571429,2.186065439976174,3.0206867578262995,-5.603220491033966,0.9094444417953491,False,False,0.45524481011998136
failed_spike_cl0.25_rv5_px5,10,short,37,0.1290356517805532,0.10358573528986971,0.7027027027027027,3.8378131315108486,2.950049846523912,-0.4811032508602693,0.7341679815232331,110,0.13023515132151892,0.19690198224512312,0.7636363636363637,2.441585054109653,3.420976477784427,-2.319523809523809,0.8005590230945284,157,0.12448878930670372,0.22220338983050847,0.732484076433121,2.0727849822928963,2.628891716044047,-5.603220491033966,0.9094444417953491,False,False,0.45283869702315954
failed_spike_cl0.40_rv5_px3,10,short,56,0.15117904971888896,0.12864612047493107,0.6964285714285714,4.777808159495356,4.287105647582181,-0.4811032508602693,0.7761538422413361,178,0.11160451606000038,0.16996217748524872,0.7134831460674157,2.205743885963939,3.8544773552420675,-2.319523809523809,0.808356161248194,314,0.15023865936510497,0.22750077980929628,0.7579617834394905,2.5559816527432235,5.2875954832664105,-5.603220491033966,0.930670916453088,False,False,0.451222780152446
failed_spike_cl0.40_rv10_px3,20,short,54,0.19392425832618446,0.22002972498249745,0.7592592592592593,3.9841313725663006,4.159896585006619,-0.7744482910607313,0.8094444565342025,157,0.11182220927841736,0.23076285758096593,0.7579617834394905,1.8754053977085834,2.610216915709274,-4.271904761904762,0.8330136981075758,283,0.2297786742347776,0.2990332791283087,0.8197879858657244,3.4754356166675757,6.418284122729957,-7.145593088835488,0.9522641509433962,False,False,0.44810885008741225
failed_spike_cl0.25_rv10_px1,10,short,37,0.13045157190445744,0.10358573528986971,0.7027027027027027,3.8689527170853806,2.987704046023725,-0.4811032508602693,0.7341679815232331,106,0.12214737824570927,0.19690198224512312,0.7830188679245284,2.350163526616611,3.1863586076105395,-2.319523809523809,0.8005590230945284,174,0.12440598044625895,0.21651557092353774,0.7471264367816092,2.1932027481669265,2.968348174454814,-5.603220491033966,0.9094444417953491,False,False,0.44432161255345587
failed_spike_cl0.40_rv10_px5,20,short,52,0.21045544128815302,0.22388054246386718,0.7692307692307693,4.803883373411604,4.612165900796956,-0.7744482910607313,0.8094444565342025,149,0.11185033245281886,0.2332234671390062,0.7651006711409396,1.852440327655185,2.4898296340165094,-4.271904761904762,0.8330136981075758,246,0.24314515827786165,0.3095434646654159,0.8211382113821138,3.786100813577764,6.380072928119529,-7.145593088835488,0.9522641509433962,False,False,0.4440784704655432
failed_spike_cl0.40_rv2_px1,10,short,61,0.15976606621335557,0.13531254551839011,0.7213114754098361,5.3488521120780375,4.867734726393644,-0.4811032508602693,0.7761538422413361,205,0.10751810333113995,0.1647430770821423,0.697560975609756,2.163006900720445,4.089650168422096,-2.319523809523809,0.808356161248194,370,0.13760211978099943,0.2262910935387521,0.7567567567567568,2.2878106349158953,5.170369099265109,-5.603220491033966,0.930670916453088,False,False,0.4437416612727789
failed_spike_cl0.25_rv2_px1,10,short,42,0.1344294794215622,0.10804650764222325,0.7142857142857143,4.294607899264585,3.404418599289627,-0.4811032508602693,0.7341679815232331,136,0.123623591354551,0.19039927811295887,0.75,2.4591863555829434,3.859797772655474,-2.319523809523809,0.8005590230945284,202,0.11749697905783049,0.22013677988272212,0.7425742574257426,1.9688433424165097,2.876347678763609,-5.603220491033966,0.9094444417953491,False,False,0.4419296512259561
failed_spike_cl0.40_rv2_px10,10,short,50,0.17484115487165727,0.16276216094270463,0.74,6.273955850366014,4.816277537901396,-0.4811032508602693,0.7761538422413361,148,0.11174227772464725,0.17978113475668134,0.7297297297297297,2.087380630116226,3.27967575400256,-2.319523809523809,0.808356161248194,222,0.16053287060631957,0.2511649967181959,0.7612612612612613,2.5462369604110586,4.27862972785489,-5.603220491033966,0.930670916453088,False,False,0.4393511518167685
failed_spike_cl0.25_rv10_px5,10,short,36,0.13213078181842725,0.1119486761840316,0.6944444444444444,3.8273453261766757,2.94541731512773,-0.4811032508602693,0.7341679815232331,97,0.12025668799665869,0.20023255408404272,0.7835051546391752,2.25477754577116,2.894533839793833,-2.319523809523809,0.8005590230945284,142,0.13910934804960234,0.22276837746939976,0.7464788732394366,2.384093746410346,2.851271858274848,-5.603220491033966,0.9094444417953491,False,False,0.43423702880240256
failed_spike_cl0.25_rv10_px3,10,short,37,0.13045157190445744,0.10358573528986971,0.7027027027027027,3.8689527170853806,2.987704046023725,-0.4811032508602693,0.7341679815232331,104,0.11893336480664682,0.19328945597545244,0.7788461538461539,2.2898327561392007,3.0497185619632914,-2.319523809523809,0.8005590230945284,157,0.14035320254804404,0.22333336510829105,0.7515923566878981,2.449137096043407,3.1426602961288426,-5.603220491033966,0.9094444417953491,False,False,0.4326303617503477
failed_spike_cl0.50_rv2_px10,20,short,66,0.221098757324809,0.23735474221332975,0.803030303030303,6.024210489180383,5.999697031304404,-0.7744482910607313,0.8317842101489564,202,0.1027826879908371,0.2345073499493458,0.7376237623762376,1.6793740031251931,2.4070434864168226,-4.271904761904762,0.8330136981075758,311,0.2913567387623934,0.35363636363636364,0.8488745980707395,4.597336133418593,8.892620994913722,-7.145593088835488,0.9522641509433962,False,False,0.43216960959623724
failed_spike_cl0.40_rv10_px1,20,short,54,0.19392425832618446,0.22002972498249745,0.7592592592592593,3.9841313725663006,4.159896585006619,-0.7744482910607313,0.8094444565342025,164,0.1073715869634407,0.2126744418826002,0.7439024390243902,1.8513119947241554,2.6057363476421918,-4.271904761904762,0.8330136981075758,317,0.2019792835191467,0.2946511914163993,0.8012618296529969,2.8710496591666685,5.835074459456623,-7.145593088835488,0.9522641509433962,False,False,0.4302737235896701
failed_spike_cl0.25_rv5_px1,10,short,39,0.123410053319113,0.10214951688373454,0.6923076923076923,3.8085041834484517,2.959866140438703,-0.4811032508602693,0.7341679815232331,122,0.12555451956102315,0.19227894493316172,0.7540983606557377,2.4320983342604836,3.602287978072132,-2.319523809523809,0.8005590230945284,192,0.11628986038485421,0.21651557092353774,0.7395833333333334,2.0108266950762186,2.870002962822045,-5.603220491033966,0.9094444417953491,False,False,0.42897927669546687
failed_spike_cl0.40_rv5_px1,10,short,56,0.15117904971888896,0.12864612047493107,0.6964285714285714,4.777808159495356,4.287105647582181,-0.4811032508602693,0.7761538422413361,187,0.10609646060577238,0.1647430770821423,0.6951871657754011,2.128756269959801,3.7920978971713444,-2.319523809523809,0.808356161248194,349,0.13638189029201167,0.22220338983050847,0.7535816618911175,2.308182449615282,5.0566564535492375,-5.603220491033966,0.930670916453088,False,False,0.42895342956492644
failed_spike_cl0.25_rv10_px1,20,short,37,0.16693063675436176,0.2137960040008603,0.7567567567567568,3.1047984384482072,2.8677028817356076,-0.7744482910607313,0.8094444565342025,106,0.11756631932956739,0.2386686226583768,0.7924528301886793,1.9123652991749693,2.0502490709852093,-4.271904761904762,0.7974534241023812,174,0.19563063382724846,0.294177472197727,0.7931034482758621,2.807835574427501,3.8773190437215224,-7.145593088835488,0.9445454545454546,False,False,0.427657616043207
failed_spike_cl0.25_rv2_px10,20,short,35,0.22101682633351702,0.22064770769850828,0.8571428571428571,6.048516634792165,4.458823247160658,-0.7744482910607313,0.8094444565342025,98,0.1184524925978985,0.2378956163798427,0.7653061224489796,1.8363603656364722,1.8846924120445248,-4.271904761904762,0.7974534241023812,122,0.24787467328634466,0.3558867628326378,0.8278688524590164,3.1052406706511357,3.515806587519632,-7.145593088835488,0.9445454545454546,False,False,0.4244767505319015
failed_spike_cl0.25_rv2_px10,10,short,35,0.14510207413817058,0.12197969543147204,0.7428571428571429,4.678800839656358,3.3635305939011872,-0.4811032508602693,0.7341679815232331,98,0.11770095902992748,0.1925608993639128,0.7551020408163265,2.1654414021529997,2.7865842097163402,-2.319523809523809,0.8005590230945284,122,0.13310421441939105,0.2511649967181959,0.7622950819672131,2.0159677416681054,2.175370135692978,-5.603220491033966,0.9094444417953491,False,False,0.42178361575819184
failed_spike_cl0.25_rv5_px10,10,short,33,0.13206163086576786,0.1203116170781935,0.7272727272727273,4.156859170883859,2.950850469759015,-0.4811032508602693,0.7341679815232331,94,0.11959925019408309,0.19690198224512312,0.7553191489361702,2.153300974309182,2.723428970654065,-2.319523809523809,0.8005590230945284,115,0.13290744455725806,0.22333336510829105,0.7565217391304347,2.1205407745278033,2.199222617839166,-5.603220491033966,0.9094444417953491,False,False,0.4217500746581064
failed_spike_cl0.40_rv10_px10,20,short,46,0.2454756118089231,0.228372356817378,0.8260869565217391,7.965942451993526,5.596042387175226,-0.7744482910607313,0.8094444565342025,128,0.10880255217733395,0.22595281072208617,0.7578125,1.7974040513880016,2.1409553666607937,-4.271904761904762,0.8330136981075758,186,0.260034826025409,0.34474590812547723,0.8387096774193549,3.729583850295457,5.358817950422283,-7.145593088835488,0.9522641509433962,False,False,0.41890588532549583
failed_spike_cl0.40_rv10_px5,10,short,52,0.15815814830059527,0.14146061049155273,0.6923076923076923,4.721937405867243,4.195539324773388,-0.4811032508602693,0.7761538422413361,149,0.10479436192696787,0.17928573594579844,0.7315436241610739,2.050535876838962,3.1622156253264637,-2.319523809523809,0.808356161248194,246,0.16781857363249122,0.23081047760877677,0.7642276422764228,3.0412061249805387,5.2880039905126575,-5.603220491033966,0.930670916453088,False,False,0.4160642077444949
failed_spike_cl0.25_rv5_px10,20,short,33,0.22174698151063119,0.22064770769850828,0.8484848484848485,5.775755290880293,4.226056337149595,-0.7744482910607313,0.8094444565342025,94,0.11796676291891474,0.24508128790560046,0.776595744680851,1.8056528173343622,1.804220555780084,-4.271904761904762,0.7974534241023812,115,0.2521269351352304,0.3501035818822824,0.8347826086956521,3.276359109108525,3.469557870536105,-7.145593088835488,0.9445454545454546,False,False,0.41599333597401456
failed_spike_cl0.40_rv2_px10,5,short,50,0.11307583427723623,0.04615779674229848,0.66,3.762133179009415,3.2095644378079,-0.43994744436162203,0.6418218594623261,148,0.10575126104952057,0.1658840975932297,0.722972972972973,2.285032486754053,3.562038672440639,-1.6271484747068465,0.7650684921055624,222,0.13613727478383603,0.15259653437799114,0.7522522522522522,3.1425823284841785,6.386092455570869,-1.6826726193510548,0.8884382232316722,False,False,0.41579551888742655
failed_spike_cl0.40_rv5_px10,10,short,47,0.1639897657208849,0.14760867546471534,0.723404255319149,5.649833718275061,4.307421712662074,-0.4811032508602693,0.7761538422413361,142,0.10717140534789842,0.17978113475668134,0.7253521126760564,2.0105422689768346,3.0435839971356606,-2.319523809523809,0.808356161248194,209,0.16333732283663285,0.2356479617379229,0.7607655502392344,2.7099417485980903,4.361359432638917,-5.603220491033966,0.930670916453088,False,False,0.4148820527232037
failed_spike_cl0.40_rv2_px5,5,short,57,0.1157506437958657,0.0487914744704856,0.6666666666666666,3.963154171803946,3.533527783693724,-0.43994744436162203,0.6418218594623261,177,0.10724729763750646,0.16978288057525837,0.7288135593220338,2.3828616676327505,4.117065561082803,-1.6271484747068465,0.7650684921055624,289,0.10197500599592113,0.15247584916672474,0.7474048442906575,2.1352656137817005,3.492220418761718,-6.251379469101554,0.8884382232316722,False,False,0.41406370034656714
failed_spike_cl0.25_rv10_px3,20,short,37,0.16693063675436176,0.2137960040008603,0.7567567567567568,3.1047984384482072,2.8677028817356076,-0.7744482910607313,0.8094444565342025,104,0.11342332648008138,0.2386686226583768,0.7884615384615384,1.8636060801485024,1.9436648321718388,-4.271904761904762,0.7974534241023812,157,0.20869542215370487,0.29864197440017304,0.802547770700637,2.957153465693999,3.7956254148755515,-7.145593088835488,0.9445454545454546,False,False,0.4125871225940713
failed_spike_cl0.40_rv10_px3,10,short,54,0.157032275282913,0.14146061049155273,0.7037037037037037,4.8375746172586265,4.322616848795906,-0.4811032508602693,0.7761538422413361,157,0.10254249392331924,0.16826086956521735,0.7261146496815286,2.047041020905913,3.239627144985185,-2.319523809523809,0.808356161248194,283,0.15622411386871357,0.22868313867552492,0.7667844522968198,2.7226266883131283,5.24539025986934,-5.603220491033966,0.930670916453088,False,False,0.4109219387954162
failed_spike_cl0.50_rv5_px10,20,short,63,0.21981872401395233,0.2296313364055299,0.7936507936507936,5.768072174401153,5.705237573773126,-0.7744482910607313,0.8317842101489564,193,0.09781220937555549,0.2332234671390062,0.7409326424870466,1.6292432920514128,2.204616309201256,-4.271904761904762,0.8330136981075758,292,0.2980253245034992,0.3558459595959596,0.8595890410958904,4.898412981034727,8.80525246451882,-7.145593088835488,0.9522641509433962,False,False,0.406789542918032
failed_spike_cl0.40_rv2_px3,5,short,60,0.11549260553653934,0.05126251214866096,0.6833333333333333,4.112156348704176,3.7099694453388423,-0.43994744436162203,0.6418218594623261,192,0.10896113301126771,0.16588806270260859,0.7291666666666666,2.4333914818685574,4.429789243013508,-1.6271484747068465,0.7650684921055624,332,0.09734903543233277,0.14931619010591346,0.75,2.0935936675231557,3.7329000606344267,-6.251379469101554,0.8884382232316722,False,False,0.4001896054612584
failed_spike_cl0.25_rv10_px5,20,short,36,0.18912932774449975,0.21660387313367346,0.7777777777777778,3.957415847021435,3.4183463163227743,-0.7744482910607313,0.8094444565342025,97,0.10973615573969563,0.24,0.7938144329896907,1.7934092915045028,1.7607522204669726,-4.271904761904762,0.7974534241023812,142,0.20783533488017233,0.300766626864301,0.8028169014084507,2.859677888724912,3.455449237374334,-7.145593088835488,0.9445454545454546,False,False,0.39624825042518325
failed_spike_cl0.40_rv10_px1,10,short,54,0.157032275282913,0.14146061049155273,0.7037037037037037,4.8375746172586265,4.322616848795906,-0.4811032508602693,0.7761538422413361,164,0.09690037143236771,0.16379131543802739,0.7073170731707317,1.9832769695384638,3.1683685145912857,-2.319523809523809,0.808356161248194,317,0.13931303415784957,0.22220338983050847,0.7602523659305994,2.3917709379031264,4.93808376200884,-5.603220491033966,0.930670916453088,False,False,0.38831207410227964
failed_spike_cl0.40_rv5_px5,5,short,53,0.10993832650151401,0.03929572912559232,0.6415094339622641,3.6168628917120964,3.130425585040651,-0.43994744436162203,0.6418218594623261,168,0.10468091844556995,0.16588806270260859,0.7202380952380952,2.3648913751562715,3.9453125476672852,-1.6271484747068465,0.7650684921055624,272,0.09706612447901755,0.14664487014211292,0.7389705882352942,2.0605736679951936,3.16880840869118,-6.251379469101554,0.8884382232316722,False,False,0.387195222008623
failed_spike_cl0.40_rv5_px10,5,short,47,0.10769249893341822,0.03929572912559232,0.6382978723404256,3.47279504728496,2.8824191814615427,-0.43994744436162203,0.6418218594623261,142,0.09971130550232574,0.1627708089546902,0.7112676056338029,2.1625177259125006,3.2477107662261644,-1.6271484747068465,0.7650684921055624,209,0.13429767965521267,0.15121305244516237,0.7464114832535885,3.152416849387173,6.165920416913311,-1.6826726193510548,0.8884382232316722,False,False,0.38600250665954894
failed_spike_cl0.50_rv2_px3,5,short,80,0.10225765127395851,0.06782217782217782,0.675,2.873140999274488,3.4196155928027627,-0.5898319193040837,0.6552687805490285,259,0.08528193416433344,0.16336656634482605,0.7104247104247104,1.8915237251417394,3.7464931407888957,-1.6352156747813715,0.7937846139761118,452,0.11469568453556274,0.1561458333878854,0.7433628318584071,2.39747897016188,5.577449650085835,-6.251379469101554,0.8884382232316722,False,False,0.3747671234972857
failed_spike_cl0.50_rv10_px10,10,short,58,0.14522402581644955,0.1506225195505395,0.7068965517241379,3.6335689884503033,3.784824539859236,-0.6012897822445562,0.810815863847155,174,0.09183102205482108,0.16324774543636916,0.7068965517241379,1.8346296147407093,2.9250761454750527,-2.319523809523809,0.808356161248194,248,0.20833926179837728,0.2603463087239246,0.8064516129032258,3.897088313860421,6.601642595272184,-5.603220491033966,0.930670916453088,False,False,0.37444443094066493
failed_spike_cl0.40_rv5_px3,5,short,56,0.10997323107871892,0.04509668118566313,0.6607142857142857,3.7658650686123263,3.3078060001013077,-0.43994744436162203,0.6418218594623261,178,0.10386512320500006,0.16401277568206613,0.7134831460674157,2.3443078283184393,4.059240773077124,-1.6271484747068465,0.7650684921055624,314,0.09212072891509931,0.1439353638123831,0.7420382165605095,2.015353062916211,3.3832605996520138,-6.251379469101554,0.8884382232316722,False,False,0.3724488298340352
failed_spike_cl0.50_rv2_px10,5,short,66,0.09224452172063471,0.0554218877569131,0.6515151515151515,2.4941006921815965,2.710828970939276,-0.5898319193040837,0.6552687805490285,202,0.08831339549547114,0.16453756507287842,0.7128712871287128,1.8950040154556882,3.286512487412596,-1.6352156747813715,0.7937846139761118,311,0.15133816395363706,0.1749816199352643,0.7556270096463023,3.509009866625901,8.57943735954556,-1.6826726193510548,0.8884382232316722,False,False,0.37133068223316285
failed_spike_cl0.40_rv10_px3,5,short,54,0.11278665286996034,0.04509668118566313,0.6481481481481481,3.7353156207092444,3.276231479979307,-0.43994744436162203,0.6418218594623261,157,0.09159604648872037,0.16153280733669317,0.7197452229299363,2.1022681045086347,3.2886541501643327,-1.6271484747068465,0.7650684921055624,283,0.11214223497789541,0.14741932776666455,0.7455830388692579,2.531366301014509,5.707256366966393,-1.732580553882962,0.8884382232316722,False,False,0.3670558767303453
failed_spike_cl0.40_rv10_px5,5,short,52,0.11173694111275785,0.04034880851321649,0.6346153846153846,3.6094927767272313,3.1251329767929312,-0.43994744436162203,0.6418218594623261,149,0.09121132597615228,0.16400881057268724,0.7248322147651006,2.0945218730544988,3.1661656598217847,-1.6271484747068465,0.7650684921055624,246,0.1206761384279133,0.15159246206244437,0.7439024390243902,2.723694978955463,5.6916345202709016,-1.732580553882962,0.8884382232316722,False,False,0.362135589947484
failed_spike_cl0.50_rv2_px5,5,short,75,0.10238642811780745,0.05993006993006989,0.6666666666666666,2.8049079654224807,3.232774007233159,-0.5898319193040837,0.6552687805490285,237,0.08277574171664574,0.16401674079144501,0.7130801687763713,1.8385300446351684,3.401564145398042,-1.6352156747813715,0.7937846139761118,402,0.12479988603411755,0.17717367545641022,0.7487562189054726,2.564105048420788,5.5645625496712094,-6.251379469101554,0.8884382232316722,False,False,0.3584796644192078
failed_spike_cl0.25_rv10_px10,10,short,32,0.1356382140047891,0.12114565625483277,0.71875,4.144102190148087,2.9469162399486026,-0.4811032508602693,0.7341679815232331,84,0.1020001695192184,0.1925608993639128,0.7619047619047619,1.9231582624661665,2.1560079851417355,-2.319523809523809,0.8005590230945284,102,0.14227893895609192,0.23474550543088651,0.7745098039215687,2.2885008981117916,2.184263403557971,-5.603220491033966,0.9094444417953491,False,False,0.35664436399481
failed_spike_cl0.50_rv2_px1,5,short,82,0.09837387046944494,0.055770694321817756,0.6585365853658537,2.800079699546437,3.357204452226789,-0.5898319193040837,0.6552687805490285,277,0.08006323510803554,0.15541351402640047,0.6967509025270758,1.8276177610860265,3.690139033603119,-1.6352156747813715,0.7937846139761118,505,0.10148086493881843,0.1521052591424239,0.7227722772277227,2.152514168784892,5.310306543653201,-6.251379469101554,0.8884382232316722,False,False,0.35378667448695367
failed_spike_cl0.40_rv2_px1,5,short,61,0.11320183220228114,0.050913705583756304,0.6721311475409836,4.067863178834378,3.687195842992378,-0.43994744436162203,0.6418218594623261,205,0.10208929876447237,0.16401674079144501,0.7121951219512195,2.2839882431714886,4.308219198371106,-1.6271484747068465,0.7650684921055624,370,0.08560654744874126,0.14253193688033006,0.7297297297297297,1.9124713646843707,3.5514665208376686,-6.251379469101554,0.8884382232316722,False,False,0.35330972556069423
failed_spike_cl0.50_rv5_px10,5,short,63,0.08723641539001169,0.041792828685258916,0.6349206349206349,2.348756992391237,2.4549131377590188,-0.5898319193040837,0.6552687805490285,193,0.0842746854849542,0.16400881057268724,0.7046632124352331,1.8484171631072772,3.0787957959784134,-1.6352156747813715,0.7650684921055624,292,0.15523738886747993,0.17339990087672302,0.7636986301369864,3.659556102144885,8.566569688068085,-1.6826726193510548,0.8884382232316722,False,False,0.35048856381883287
failed_spike_cl0.50_rv5_px3,5,short,75,0.09755670572849781,0.050913705583756304,0.6533333333333333,2.6753403930317528,3.0667569835994106,-0.5898319193040837,0.6552687805490285,242,0.0808816735677634,0.1590997455471485,0.6983471074380165,1.8446930402221884,3.46414253597458,-1.6352156747813715,0.7650684921055624,424,0.11794543067875274,0.15561507422756332,0.7476415094339622,2.475224638769548,5.498807577999993,-6.251379469101554,0.8884382232316722,False,False,0.35027696033806865
failed_spike_cl0.40_rv10_px10,10,short,46,0.16717191344488044,0.1506225195505395,0.717391304347826,5.639209276846495,4.311651495140393,-0.4811032508602693,0.7761538422413361,128,0.0906181808354714,0.16996217748524872,0.7265625,1.8063029655564267,2.4025947602419873,-2.319523809523809,0.808356161248194,186,0.17123322489035753,0.24809627861133038,0.7795698924731183,2.886746635188561,4.257337033028551,-5.603220491033966,0.930670916453088,False,False,0.3488933716150186
failed_spike_cl0.50_rv5_px5,5,short,70,0.09735889909366016,0.04529215157787226,0.6428571428571429,2.601862004518855,2.8768013326612776,-0.5898319193040837,0.6552687805490285,225,0.08061939140609743,0.16400881057268724,0.7066666666666667,1.8323823492850242,3.2778202321126395,-1.6352156747813715,0.7650684921055624,376,0.12710963799810107,0.17339990087672302,0.7526595744680851,2.6067370420987896,5.390842978279269,-6.251379469101554,0.8884382232316722,False,False,0.3436546574460891
failed_spike_cl0.50_rv10_px10,20,short,58,0.22740512979526703,0.23735474221332975,0.7931034482758621,6.206869702812061,5.6423110340432014,-0.7744482910607313,0.8317842101489564,174,0.0839871672524681,0.22598483479420706,0.735632183908046,1.5328994112164043,1.7741967112111827,-4.271904761904762,0.8330136981075758,248,0.29060481225925605,0.3523817962444129,0.8588709677419355,4.574685502832516,7.555401763500137,-7.145593088835488,0.9522641509433962,False,False,0.34246081927951094
failed_spike_cl0.25_rv10_px1,5,short,37,0.09393481065252654,0.04140188790084066,0.6486486486486487,2.8439775511630816,2.1515508500734795,-0.43994744436162203,0.6418218594623261,106,0.1083548028195787,0.17245162342060227,0.7735849056603774,2.3776051328550034,3.0933680599446833,-1.6271484747068465,0.7451020408163265,174,0.09474238145999891,0.13059281743918233,0.7183908045977011,2.3153071124940143,4.089273845532077,-1.732580553882962,0.8705555502573649,False,False,0.3416959671461492
failed_spike_cl0.25_rv10_px3,5,short,37,0.09393481065252654,0.04140188790084066,0.6486486486486487,2.8439775511630816,2.1515508500734795,-0.43994744436162203,0.6418218594623261,104,0.1053256888060685,0.17050633431033796,0.7692307692307693,2.313827561102824,2.9568009402966404,-1.6271484747068465,0.7451020408163265,157,0.11418579920559684,0.14294116151099112,0.7261146496815286,2.940205664138122,4.970127752263472,-1.732580553882962,0.8705555502573649,False,False,0.3416959671461492
failed_spike_cl0.25_rv2_px5,5,short,39,0.09581248906580536,0.04140188790084066,0.6666666666666666,2.9825039938532125,2.303975390062314,-0.43994744436162203,0.6418218594623261,116,0.12497742458471736,0.17436007414234128,0.7758620689655172,2.761666070636309,3.7989499258451667,-1.6271484747068465,0.7451020408163265,164,0.09251768878203957,0.14931619010591346,0.7378048780487805,2.006044502349162,2.0586439819671374,-6.251379469101554,0.8705555502573649,False,False,0.3412866012901732
failed_spike_cl0.40_rv10_px1,5,short,54,0.11278665286996034,0.04509668118566313,0.6481481481481481,3.7353156207092444,3.276231479979307,-0.43994744436162203,0.6418218594623261,164,0.08484202253790481,0.15604009889200215,0.7012195121951219,1.990709096128,3.13520361766714,-1.6271484747068465,0.7650684921055624,317,0.09628543493569243,0.1419823788546255,0.722397476340694,2.1867397114035643,5.1270061506822655,-1.732580553882962,0.8884382232316722,False,False,0.33999025241838715
failed_spike_cl0.25_rv2_px3,5,short,41,0.09594765828064607,0.0487914744704856,0.6829268292682927,3.087111147358806,2.4250077148397207,-0.43994744436162203,0.6418218594623261,129,0.12729763171805805,0.17122978804541755,0.7751937984496124,2.83845900438623,4.169384460145125,-1.6271484747068465,0.7451020408163265,183,0.09070593962299003,0.14741932776666455,0.7431693989071039,2.011887450374679,2.230551580716153,-6.251379469101554,0.8705555502573649,False,False,0.3390288347266954
failed_spike_cl0.50_rv10_px5,10,short,65,0.14698539610305358,0.14760867546471534,0.6923076923076923,3.547481461473055,3.9658666847935793,-0.6012897822445562,0.810815863847155,200,0.08063332986273299,0.16324774543636916,0.71,1.6712071882391977,2.360405269880831,-3.8013448230701927,0.808356161248194,325,0.2003098048500407,0.25229508196721306,0.7876923076923077,3.871039531811113,7.834107570677491,-5.603220491033966,0.930670916453088,False,False,0.3378258128247802
failed_spike_cl0.50_rv5_px1,5,short,76,0.09509266807984669,0.049852590027120953,0.6447368421052632,2.621491748677292,3.0201342728622977,-0.5898319193040837,0.6552687805490285,256,0.07744133306877264,0.15334472773547975,0.6875,1.8096028071337886,3.465739652338741,-1.6352156747813715,0.7650684921055624,474,0.1038674052490771,0.15203856541107513,0.7257383966244726,2.1977509890928655,5.207649427479325,-6.251379469101554,0.8884382232316722,False,False,0.3363900824597116
failed_spike_cl0.50_rv2_px10,10,short,66,0.14255805452272693,0.1506225195505395,0.7272727272727273,3.581090076855356,4.032994582486454,-0.6012897822445562,0.810815863847155,202,0.07989602043720063,0.16996217748524872,0.7029702970297029,1.6042266306696298,2.2222745377295072,-3.4878759946625744,0.8287692260742188,311,0.19189624216701298,0.26083333333333336,0.7813504823151125,3.227746151994976,6.726717510934784,-5.603220491033966,0.930670916453088,False,False,0.3359382074510073
failed_spike_cl0.50_rv10_px3,10,short,69,0.1483345687930101,0.15363636363636368,0.7101449275362319,3.7290717428541784,4.244240089006212,-0.6012897822445562,0.810815863847155,215,0.07898121109096438,0.16271156712371437,0.7023255813953488,1.6687126866280122,2.457847183741102,-3.8013448230701927,0.808356161248194,368,0.18596548695243778,0.24182882406883388,0.7853260869565217,3.4098951112256786,7.667963769262806,-5.603220491033966,0.930670916453088,False,False,0.3355512995312583
failed_spike_cl0.25_rv10_px5,5,short,36,0.09250089991436021,0.04034880851321649,0.6388888888888888,2.7667528472614404,2.0617619868918227,-0.43994744436162203,0.6418218594623261,97,0.10307842745753851,0.17122978804541755,0.7731958762886598,2.269983939484285,2.7623112975458413,-1.6271484747068465,0.7451020408163265,142,0.12187528127164499,0.1439353638123831,0.7253521126760564,3.1858589802303716,5.004490367712875,-1.732580553882962,0.8705555502573649,False,False,0.3340131564364739
failed_spike_cl0.40_rv10_px10,5,short,46,0.10967689311203958,0.04034880851321649,0.6304347826086957,3.464777840305589,2.8764550023268614,-0.43994744436162203,0.6418218594623261,128,0.08564747988957942,0.15604009889200215,0.7109375,1.9341933560036817,2.59992034691588,-1.6271484747068465,0.7650684921055624,186,0.1381444483381817,0.15259653437799114,0.7526881720430108,3.2112357613259004,5.868788819200847,-1.6826726193510548,0.8884382232316722,False,False,0.3297554392893747
failed_spike_cl0.40_rv5_px1,5,short,56,0.10997323107871892,0.04509668118566313,0.6607142857142857,3.7658650686123263,3.3078060001013077,-0.43994744436162203,0.6418218594623261,187,0.09977476858228349,0.16400881057268724,0.7005347593582888,2.264853535994953,4.0286808610473965,-1.6271484747068465,0.7650684921055624,349,0.08051390191427907,0.14094339622641505,0.7220630372492837,1.8391876467545323,3.1911136321103277,-6.251379469101554,0.8884382232316722,False,False,0.3255218332128326
failed_spike_cl0.50_rv2_px3,10,short,80,0.1456087762350291,0.1506225195505395,0.725,3.7546816911747642,4.615736467941281,-0.6012897822445562,0.810815863847155,259,0.07289798030946464,0.16365593707882586,0.694980694980695,1.555981760574322,2.2311571336185803,-3.8013448230701927,0.8287692260742188,452,0.17490906138876783,0.24765198020094892,0.7743362831858407,2.9617795164791705,7.804573891169196,-5.603220491033966,0.930670916453088,False,False,0.320346467948255
failed_spike_cl0.25_rv2_px10,5,short,35,0.08898499795252933,0.04140188790084066,0.6571428571428571,2.709958032303089,2.047425060991614,-0.43994744436162203,0.6418218594623261,98,0.11301459082114176,0.16877113259451526,0.7653061224489796,2.3753969097529395,2.9646770275562995,-1.6271484747068465,0.7451020408163265,122,0.15306671652640536,0.15234454563449196,0.7377049180327869,4.683504799779955,6.860320292075223,-0.5128967849461021,0.8705555502573649,False,False,0.318879425401367
failed_spike_cl0.50_rv5_px10,10,short,63,0.13292528323490005,0.13531254551839011,0.7142857142857143,3.2972888751941993,3.6330449890189875,-0.6012897822445562,0.810815863847155,193,0.07656993922787683,0.1716634854052801,0.7046632124352331,1.5733781349904088,2.0641638935850257,-3.4878759946625744,0.808356161248194,292,0.19616707384648008,0.2537145127787441,0.7842465753424658,3.492745431130858,6.867405273635989,-5.603220491033966,0.930670916453088,False,False,0.31844542494869504
failed_spike_cl0.50_rv10_px10,5,short,58,0.10343028961811047,0.04635326713450761,0.6379310344827587,2.786613323263108,2.8327400597620036,-0.5175376884422112,0.6552687805490285,174,0.07745880331772152,0.15604009889200215,0.7068965517241379,1.7865854140561248,2.7105306997550738,-1.6352156747813715,0.7650684921055624,248,0.1631916636165169,0.18331534656387666,0.7741935483870968,3.914307383610603,8.182405405149597,-1.6826726193510548,0.8884382232316722,False,False,0.3158411708881381
failed_spike_cl0.50_rv10_px1,10,short,70,0.14788424009721934,0.1506225195505395,0.7142857142857143,3.76021824727398,4.2927630613994765,-0.6012897822445562,0.810815863847155,225,0.07403023225469622,0.15633272140188825,0.6844444444444444,1.6268340278452416,2.39491253115141,-3.8013448230701927,0.808356161248194,415,0.16785159479478887,0.2291304667069617,0.7783132530120482,2.9512234219594764,7.328702698537614,-5.603220491033966,0.930670916453088,False,False,0.3155671813247885
failed_spike_cl0.50_rv10_px3,5,short,69,0.11258267013338322,0.050913705583756304,0.6521739130434783,3.1281212448004534,3.425249951103364,-0.5175376884422112,0.6552687805490285,215,0.07341179638567821,0.15541351402640047,0.7023255813953488,1.7561412385110877,2.966603091086373,-1.6352156747813715,0.7650684921055624,368,0.13366104311729696,0.1561458333878854,0.75,3.016020036890261,7.9590899713168834,-1.732580553882962,0.8884382232316722,False,False,0.31188966765485027
failed_spike_cl0.25_rv10_px10,20,short,32,0.21636527870509648,0.22002972498249745,0.84375,5.518642217602716,4.0177729278761,-0.7744482910607313,0.8094444565342025,84,0.08906991271333735,0.2378956163798427,0.7619047619047619,1.557681346931664,1.2430761117830385,-4.271904761904762,0.7974534241023812,102,0.2304582557973828,0.34593015730911847,0.8235294117647058,2.8558638044035694,2.8446870810682747,-7.145593088835488,0.9445454545454546,False,False,0.31143362330134344
failed_spike_cl0.50_rv2_px5,10,short,75,0.1466532620029297,0.14760867546471534,0.72,3.620451925800614,4.373387360406475,-0.6012897822445562,0.810815863847155,237,0.0715020518133941,0.16826086956521735,0.70042194092827,1.5227534709688637,2.020893113846129,-3.8013448230701927,0.8287692260742188,402,0.18671473482043052,0.25262547898232923,0.7736318407960199,3.2492927400679705,7.910167906008707,-5.603220491033966,0.930670916453088,False,False,0.3096563196871465
failed_spike_cl0.50_rv10_px5,5,short,65,0.11258747022824436,0.0487914744704856,0.6461538461538462,3.0687793003403994,3.2515472924852955,-0.5175376884422112,0.6552687805490285,200,0.07230520094622922,0.1590997455471485,0.71,1.7328660717580795,2.7739181097719374,-1.6352156747813715,0.7650684921055624,325,0.14598654068378708,0.17936573097755615,0.7569230769230769,3.3329267143926575,8.136678321444803,-1.732580553882962,0.8884382232316722,False,False,0.3029338280175428
failed_spike_cl0.25_rv5_px5,5,short,37,0.09044439901712978,0.03929572912559232,0.6486486486486487,2.775459387818948,2.070424066063734,-0.43994744436162203,0.6418218594623261,110,0.11753989090681775,0.17245162342060227,0.7636363636363637,2.571129554889849,3.4250592661786237,-1.6271484747068465,0.7451020408163265,157,0.08322325028901775,0.14492956611377505,0.7261146496815286,1.8663490324964183,1.7839440305930274,-6.251379469101554,0.8705555502573649,False,False,0.3027317434187759
failed_spike_cl0.25_rv5_px3,5,short,39,0.09086178665574056,0.04140188790084066,0.6666666666666666,2.880066541324542,2.1920149978661545,-0.43994744436162203,0.6418218594623261,119,0.11761477374413187,0.17122978804541755,0.7563025210084033,2.5669413979383515,3.6079543646295793,-1.6271484747068465,0.7451020408163265,175,0.08095517872264915,0.14294116151099112,0.7314285714285714,1.8636307119114983,1.916616183759951,-6.251379469101554,0.8705555502573649,False,False,0.29863389549410213
failed_spike_cl0.25_rv10_px10,5,short,32,0.0846193828652839,0.04034880851321649,0.625,2.4866900829022947,1.7890973249603899,-0.43994744436162203,0.6418218594623261,84,0.09460292950594866,0.1658840975932297,0.7619047619047619,2.0309246432386336,2.216576373042403,-1.6271484747068465,0.7451020408163265,102,0.14653990777292636,0.1441732889005507,0.7156862745098039,4.595904804288444,6.155358560084469,-0.5128967849461021,0.8705555502573649,False,False,0.29587231203509223
failed_spike_cl0.50_rv2_px1,10,short,82,0.14485391388883614,0.14146061049155273,0.7317073170731707,3.8089109439153694,4.706626600235576,-0.6012897822445562,0.810815863847155,277,0.06687249574176127,0.16108420592980432,0.6750902527075813,1.5125415846240315,2.168040670470763,-3.8013448230701927,0.8287692260742188,505,0.16139891422611363,0.2356479617379229,0.7702970297029703,2.7098908083586357,7.654373516715702,-5.603220491033966,0.930670916453088,False,False,0.29549889972839977
failed_spike_cl0.25_rv5_px10,5,short,33,0.08255244298199756,0.03929572912559232,0.6363636363636364,2.4956999606589476,1.798991679294161,-0.43994744436162203,0.6418218594623261,94,0.10908476685024629,0.16877113259451526,0.7553191489361702,2.273384071053736,2.7591110815761235,-1.6271484747068465,0.7451020408163265,115,0.14406338044645864,0.14540541629011028,0.7217391304347827,4.267925031227997,6.317964763991837,-0.5128967849461021,0.8705555502573649,False,False,0.2911096761423427
failed_spike_cl0.50_rv5_px5,10,short,70,0.1357907156163302,0.132809332618314,0.7,3.2645990610140285,3.8274899181859245,-0.6012897822445562,0.810815863847155,225,0.06823268905385843,0.16826086956521735,0.7022222222222222,1.4963379131873138,1.859191169673576,-3.8013448230701927,0.808356161248194,376,0.18930632242781514,0.24959061305879732,0.773936170212766,3.4219490530554326,7.92347786313133,-5.603220491033966,0.930670916453088,False,False,0.29085411058629956
failed_spike_cl0.50_rv5_px3,10,short,75,0.13540076722300956,0.13531254551839011,0.7066666666666667,3.401465059862266,4.0752043782732015,-0.6012897822445562,0.810815863847155,242,0.06706918435473716,0.16324774543636916,0.6942148760330579,1.5002007293434376,1.9498800412676978,-3.8013448230701927,0.808356161248194,424,0.179067350733516,0.23716773932894286,0.7759433962264151,3.1623605471033356,7.946216109672329,-5.603220491033966,0.930670916453088,False,False,0.2904587527908706
failed_spike_cl0.50_rv10_px1,5,short,70,0.10969277262334937,0.049852590027120953,0.6428571428571429,3.053087504897086,3.372656546350505,-0.5175376884422112,0.6552687805490285,225,0.06732062385517314,0.15013072506519498,0.6844444444444444,1.6826442160173811,2.8149674333312382,-1.6352156747813715,0.7650684921055624,415,0.11434882649221591,0.15121305244516237,0.7228915662650602,2.5015565521472443,7.08131889404613,-1.732580553882962,0.8884382232316722,False,False,0.28696626861731406
failed_spike_cl0.50_rv2_px3,20,short,80,0.19295946118777418,0.228372356817378,0.7625,4.190617960305132,5.312146173034447,-0.7744482910607313,0.8317842101489564,259,0.06413214108105768,0.19994068224844264,0.7258687258687259,1.3731132787415887,1.4596592933164927,-6.123772312837141,0.8330136981075758,452,0.2594608807463614,0.32709149874213284,0.8296460176991151,4.1006357283659,10.149265198982825,-7.145593088835488,0.9522641509433962,False,False,0.2818254331609875
failed_spike_cl0.25_rv2_px1,5,short,42,0.09308593861079235,0.04509668118566313,0.6666666666666666,3.0479059762042655,2.4041855051663665,-0.43994744436162203,0.6418218594623261,136,0.12541171308365773,0.17436007414234128,0.7720588235294118,2.7696155057480154,4.238707722392106,-1.6271484747068465,0.7451020408163265,202,0.07455522361249053,0.14183937787996082,0.7326732673267327,1.7582713538462873,1.9685872534260098,-6.251379469101554,0.8705555502573649,False,False,0.2804171156768588
failed_spike_cl0.50_rv2_px5,20,short,75,0.20459729120265854,0.2296313364055299,0.7733333333333333,4.688294704180217,5.54256258462486,-0.7744482910607313,0.8317842101489564,237,0.06423536559833488,0.21868215430516613,0.7383966244725738,1.3528925867329151,1.343211645992037,-6.123772312837141,0.8330136981075758,402,0.2744682183481875,0.3414125878430019,0.835820895522388,4.4821097538953305,10.229747037631473,-7.145593088835488,0.9522641509433962,False,False,0.2781862394221905
failed_spike_cl0.50_rv5_px1,10,short,76,0.13515617239228125,0.132809332618314,0.7105263157894737,3.4290886236860953,4.122332360648348,-0.6012897822445562,0.810815863847155,256,0.06359776545849818,0.16189788652675935,0.67578125,1.4791563218931898,1.9422290995569977,-3.8013448230701927,0.808356161248194,474,0.1650950528058696,0.23186549630525177,0.7721518987341772,2.845023455941363,7.746482619313485,-5.603220491033966,0.930670916453088,False,False,0.27625631841640336
failed_spike_cl0.50_rv2_px1,20,short,82,0.18875547252504077,0.228372356817378,0.7560975609756098,4.075075008646224,5.279528455839687,-0.7744482910607313,0.8317842101489564,277,0.058254418271198094,0.19389000623502173,0.7075812274368231,1.345258664593828,1.4087585951824744,-6.123772312837141,0.8330136981075758,505,0.23834233318339992,0.31113821138211384,0.8158415841584158,3.5972066371114915,9.730505431252768,-7.145593088835488,0.9522641509433962,False,False,0.2574169890403382
failed_spike_cl0.50_rv5_px3,20,short,75,0.19065597858755004,0.2271133772292261,0.7466666666666667,3.95549638595311,4.9296726142646055,-0.7744482910607313,0.8317842101489564,242,0.0576539956392158,0.20595669206513356,0.731404958677686,1.32207289265026,1.236000701364038,-6.123772312837141,0.8330136981075758,424,0.2653529915708,0.3263031859418708,0.8372641509433962,4.36707705554809,10.070695776842447,-7.145593088835488,0.9522641509433962,False,False,0.2496840811154746
failed_spike_cl0.50_rv5_px5,20,short,70,0.20296054770348157,0.228372356817378,0.7571428571428571,4.414869709475921,5.140709400667664,-0.7744482910607313,0.8317842101489564,225,0.05823053398547394,0.21868215430516613,0.7422222222222222,1.311806910051015,1.1645297987861754,-6.123772312837141,0.8330136981075758,376,0.27996964034109145,0.3414125878430019,0.8430851063829787,4.732862869726149,10.078147089765435,-7.145593088835488,0.9522641509433962,False,False,0.2482181254492502
failed_spike_cl0.25_rv5_px1,5,short,39,0.09086178665574056,0.04140188790084066,0.6666666666666666,2.880066541324542,2.1920149978661545,-0.43994744436162203,0.6418218594623261,122,0.12125309548478043,0.17436007414234128,0.7622950819672131,2.6561382243581,3.8038952703130904,-1.6271484747068465,0.7451020408163265,192,0.06627687591262871,0.13412015315506737,0.7239583333333334,1.646023289507588,1.675593217002124,-6.251379469101554,0.8705555502573649,False,False,0.24448740583695489
failed_spike_cl0.50_rv5_px1,20,short,76,0.19125756882498895,0.228372356817378,0.75,4.004353032818119,5.010986855635653,-0.7744482910607313,0.8317842101489564,256,0.05470349141138002,0.19858761758720156,0.71484375,1.3129375265899281,1.2354225961540037,-6.123772312837141,0.8330136981075758,474,0.2434774297228121,0.31252672867655223,0.8227848101265823,3.760414515192552,9.609391979036683,-7.145593088835488,0.9522641509433962,False,False,0.23762132258707896
failed_spike_cl0.40_rv2_px3,2,short,60,0.06496464460354168,0.06027141322697001,0.6666666666666666,2.032919314117163,1.3888379400760007,-2.232222222222222,0.595670122097346,192,0.049419244920876536,0.10869384836067238,0.7135416666666666,1.5667642168747788,1.7703635376822675,-3.2059999084472652,0.6874683544303797,332,0.059662330951132124,0.11334799292468974,0.677710843373494,1.7517055772913428,3.3421411053808177,-2.9425843328719887,0.8126281607392556,False,False,0.203156282332411
failed_spike_cl0.25_rv2_px3,3,short,41,0.07475054616387486,0.060422470179417494,0.6829268292682927,2.3800224527519607,1.9199132205877452,-0.5704202780887566,0.6080554989535061,129,0.05409305841914081,0.1744311818365596,0.7751937984496124,1.45002862018446,0.9745741794587904,-5.41,0.6716455696202532,183,0.05922848064564434,0.13018691588785047,0.7213114754098361,1.6495071953973302,1.5170863119837876,-6.145632550812481,0.8043783015425022,False,False,0.20218198101325
failed_spike_cl0.40_rv2_px3,3,short,60,0.08907410054935617,0.07815834819531005,0.6666666666666666,2.6566126354837336,2.760869230479322,-0.5704202780887566,0.6080554989535061,192,0.048713349565592194,0.14965229704216487,0.734375,1.4267966381527413,1.2355168911550682,-5.41,0.716027397260274,332,0.06361120700637396,0.1453717837429308,0.7259036144578314,1.6848964532429422,2.505782646747192,-6.145632550812481,0.8043783015425022,False,False,0.20025443556553127
failed_spike_cl0.40_rv5_px1,3,short,56,0.0800541979622275,0.05758529420614956,0.6428571428571429,2.3896019386837075,2.339692292516595,-0.5704202780887566,0.6080554989535061,187,0.04878057713468737,0.1507142857142857,0.7165775401069518,1.4316935806497224,1.2197127801360397,-5.41,0.716027397260274,349,0.05739296756447041,0.1263635642833154,0.7134670487106017,1.634281907065376,2.434199746637237,-6.145632550812481,0.7469444444444444,False,False,0.19722237423009883
failed_spike_cl0.40_rv5_px3,2,short,56,0.058480677424654605,0.048709908666204955,0.6428571428571429,1.8678376801874932,1.169190086739791,-2.232222222222222,0.595670122097346,178,0.04868727583066328,0.10869384836067238,0.7134831460674157,1.5556601350920714,1.6530077813666475,-3.2059999084472652,0.6874683544303797,314,0.06114910380443389,0.11155677255307085,0.6719745222929936,1.8172265385325725,3.497903403673337,-2.9425843328719887,0.6663888994852702,False,False,0.19684515227457364
failed_spike_cl0.40_rv5_px1,2,short,56,0.058480677424654605,0.048709908666204955,0.6428571428571429,1.8678376801874932,1.169190086739791,-2.232222222222222,0.595670122097346,187,0.047992315025704474,0.1042857465794478,0.7005347593582888,1.5555907334443855,1.7017910460726438,-3.2059999084472652,0.6874683544303797,349,0.05764261107900869,0.09828029975440612,0.673352435530086,1.7715122102582979,3.5741415410447455,-2.9425843328719887,0.6663888994852702,False,False,0.1940353901109896
failed_spike_cl0.40_rv5_px5,2,short,53,0.05954356396072354,0.054466626715361406,0.6415094339622641,1.844344100751895,1.1269738898511452,-2.232222222222222,0.595670122097346,168,0.04823682977633621,0.1141869061769092,0.7202380952380952,1.5360439691777905,1.5524628052021452,-3.2059999084472652,0.6874683544303797,272,0.07394243860017662,0.12362001536379848,0.6801470588235294,2.080405110805204,4.517492144686483,-1.2207171374973116,0.6663888994852702,False,False,0.19241594443464172
failed_spike_cl0.40_rv5_px3,3,short,56,0.0800541979622275,0.05758529420614956,0.6428571428571429,2.3896019386837075,2.339692292516595,-0.5704202780887566,0.6080554989535061,178,0.04716524076789651,0.1515138592750533,0.7303370786516854,1.4059913934022281,1.126362329107244,-5.41,0.716027397260274,314,0.06432465811993003,0.1362273952842401,0.7229299363057324,1.7269722482524008,2.521912168893295,-6.145632550812481,0.7469444444444444,False,False,0.1906914864843658
failed_spike_cl0.40_rv2_px5,2,short,57,0.06629420404123139,0.06327589455266992,0.6666666666666666,2.011018713990996,1.3469310410824151,-2.232222222222222,0.595670122097346,177,0.04661287249274311,0.1093415774447656,0.7175141242937854,1.5107763444496174,1.551171610027457,-3.2059999084472652,0.6874683544303797,289,0.07122008366663832,0.12390667923714495,0.6851211072664359,1.9586208050479503,4.130689236141991,-1.8093138779408096,0.8126281607392556,False,False,0.1892689123146502
failed_spike_cl0.50_rv2_px3,3,short,80,0.07275381031289897,0.07815834819531005,0.6625,1.9518240826908437,2.238084553192506,-0.881559633027523,0.6080554989535061,259,0.04214208278123918,0.146844788630912,0.7181467181467182,1.3608675286247067,1.3333473671946572,-5.41,0.716027397260274,452,0.0715568137499422,0.1453717837429308,0.7212389380530974,1.771459303382844,3.4337409535377987,-6.145632550812481,0.8128626962807256,False,False,0.18519124005415247
failed_spike_cl0.40_rv2_px1,3,short,61,0.08833733271568674,0.0772913992297818,0.6721311475409836,2.6702919592060352,2.783303311089561,-0.5704202780887566,0.6080554989535061,205,0.04483756058062098,0.146844788630912,0.7170731707317073,1.393010532188441,1.203176575721026,-5.41,0.716027397260274,370,0.05672659479361349,0.13000869912503882,0.7162162162162162,1.6030246990088972,2.4291795856966405,-6.145632550812481,0.8043783015425022,False,False,0.1850506380138232
failed_spike_cl0.25_rv2_px1,3,short,42,0.07402151560510453,0.05758529420614956,0.6904761904761905,2.399894118763049,1.9477801042257576,-0.5704202780887566,0.6080554989535061,136,0.048854891684686444,0.1657574955585447,0.7647058823529411,1.4012470556682557,0.9207422450546884,-5.41,0.6716455696202532,202,0.05046916151441479,0.12177604432074547,0.7128712871287128,1.5346293372739872,1.3932584761913485,-6.145632550812481,0.8043783015425022,False,False,0.1837530242566391
failed_spike_cl0.40_rv2_px5,3,short,57,0.08741855616734907,0.0772913992297818,0.6491228070175439,2.5445314590655226,2.581227747665584,-0.5704202780887566,0.6080554989535061,177,0.04478120178110547,0.1507142857142857,0.7344632768361582,1.3717687016247015,1.0517768296498256,-5.41,0.716027397260274,289,0.0773850789550541,0.16031872954622672,0.7474048442906575,1.8879846265443823,2.7688696151842715,-6.145632550812481,0.8043783015425022,False,False,0.18183151777595857
failed_spike_cl0.40_rv2_px10,2,short,50,0.061282969053576386,0.06515146623012792,0.7,1.8546750471200375,1.1159859594281252,-2.232222222222222,0.5817574224473625,148,0.04619785479807851,0.1141869061769092,0.7162162162162162,1.4898994971206714,1.326360421578529,-3.2059999084472652,0.6874683544303797,222,0.08003633864078807,0.12827450509523747,0.6891891891891891,2.1185628250155286,4.078211311874656,-1.8093138779408096,0.8126281607392556,False,False,0.18164190967196156
failed_spike_cl0.50_rv10_px3,20,short,69,0.19834291822283417,0.2296313364055299,0.7536231884057971,4.095405799723829,4.8527738104767835,-0.7744482910607313,0.8317842101489564,215,0.04266244235532003,0.21036194107701234,0.7255813953488373,1.2277494838174752,0.8325046451857488,-6.123772312837141,0.8330136981075758,368,0.2564634645327272,0.31431925222881824,0.8315217391304348,4.141320759596846,8.78571565946104,-7.145593088835488,0.9522641509433962,False,False,0.18125118336078222
failed_spike_cl0.40_rv2_px1,2,short,61,0.06345549254735061,0.057266931901270086,0.6557377049180327,2.0184276428101113,1.3786342641522598,-2.232222222222222,0.595670122097346,205,0.04354411215881639,0.1042857465794478,0.697560975609756,1.4815625289234433,1.6301932180931842,-3.2059999084472652,0.6874683544303797,370,0.05645738205339329,0.10355285725811515,0.6783783783783783,1.719288091684497,3.447520151015116,-2.9425843328719887,0.8126281607392556,False,False,0.1797124025569112
failed_spike_cl0.40_rv5_px5,3,short,53,0.07776314631060888,0.05474811823288162,0.6226415094339622,2.2775207622654974,2.15758226735357,-0.5704202780887566,0.6080554989535061,168,0.04497027734668909,0.1515138592750533,0.7321428571428571,1.3744754568068271,1.0170272055484577,-5.41,0.716027397260274,272,0.0796849520101895,0.15604477176719128,0.7463235294117647,1.97923610942154,2.8371545937147475,-6.145632550812481,0.7469444444444444,False,False,0.17938571890551358
failed_spike_cl0.25_rv2_px3,2,short,41,0.08854126274474056,0.032835770096872226,0.6585365853658537,4.397045520991924,2.76299455854807,-0.3366199227072859,0.595670122097346,129,0.047327966755618185,0.12059701492537313,0.7441860465116279,1.5083119723565799,1.2293541747836523,-3.2059999084472652,0.6874683544303797,183,0.07058490130415311,0.09828029975440612,0.6830601092896175,2.1234313272170624,3.7954526077342474,-1.0831707479166204,0.8126281607392556,False,False,0.17689630343759938
failed_spike_cl0.50_rv10_px5,20,short,65,0.20843317314600307,0.2296313364055299,0.7538461538461538,4.575598641211026,5.039846524082227,-0.7744482910607313,0.8317842101489564,200,0.04177144743101453,0.21911378708577733,0.74,1.21436013252078,0.7608881657817941,-6.123772312837141,0.8330136981075758,325,0.27389934236949476,0.3287716107449258,0.84,4.585057917452064,8.908899364440419,-7.145593088835488,0.9522641509433962,False,False,0.17500794281065757
failed_spike_cl0.50_rv2_px10,3,short,66,0.0624585280115541,0.07815834819531005,0.6515151515151515,1.736590188819364,1.6906541228077336,-0.881559633027523,0.6080554989535061,202,0.04131691094819188,0.1515138592750533,0.7178217821782178,1.3276202133794903,1.0557330396877407,-5.41,0.716027397260274,311,0.1155217979174748,0.1643264402161091,0.7491961414790996,2.7978071659303616,6.621240633895528,-2.274150994836636,0.8128626962807256,False,False,0.17372491051989616
failed_spike_cl0.40_rv2_px10,3,short,50,0.08095334813098826,0.07815834819531005,0.66,2.318257071054771,2.2128462831896467,-0.5704202780887566,0.6080554989535061,148,0.043969509133316105,0.1545654324673182,0.7297297297297297,1.3439725660283517,0.8829879516438193,-5.41,0.716027397260274,222,0.10958573848381366,0.16473959498533292,0.7567567567567568,2.7385433890904918,5.323636195650936,-2.274150994836636,0.8043783015425022,False,False,0.1728804430686786
failed_spike_cl0.50_rv5_px1,3,short,76,0.06586568544090132,0.07559749437260484,0.6447368421052632,1.81862266853329,1.9380772250791287,-0.881559633027523,0.6080554989535061,256,0.03946662712240663,0.14747923897870352,0.70703125,1.3402627373605847,1.2499272280906641,-5.41,0.716027397260274,474,0.07487217736287918,0.135833365731151,0.7194092827004219,1.8772648745056733,3.9661764477897754,-6.145632550812481,0.8128626962807256,False,False,0.1714353488765876
failed_spike_cl0.25_rv2_px5,3,short,39,0.07417375794809085,0.060422470179417494,0.6666666666666666,2.3025752297446456,1.81599454971071,-0.5704202780887566,0.6080554989535061,116,0.04646722424836858,0.1754145601617796,0.7758620689655172,1.3557683593277203,0.7558098103836624,-5.41,0.6716455696202532,164,0.06200598243768405,0.14649881007108728,0.7317073170731707,1.6623839708765167,1.4341622018651197,-6.145632550812481,0.8043783015425022,False,False,0.17141198881951175
failed_spike_cl0.50_rv5_px3,3,short,75,0.06537964364363653,0.07390358951542787,0.64,1.8018899508938186,1.8984881654850765,-0.881559633027523,0.6080554989535061,242,0.0395771346290792,0.1485850776168231,0.71900826446281,1.3338982724616506,1.1905468441384186,-5.41,0.716027397260274,424,0.08240952614750659,0.14419746141145262,0.7264150943396226,2.00686330031057,4.06038052350735,-6.145632550812481,0.8128626962807256,False,False,0.171398016451154
failed_spike_cl0.40_rv5_px10,2,short,47,0.05410799731824095,0.057266931901270086,0.6808510638297872,1.7093336129012058,0.9281925595693059,-2.232222222222222,0.5817574224473625,142,0.044029001129152624,0.1141869061769092,0.7183098591549296,1.4556317898510214,1.218250976808059,-3.2059999084472652,0.6874683544303797,209,0.08663250924408476,0.128427463229149,0.6889952153110048,2.3896599248188424,4.8341926811665665,-1.2207171374973116,0.6663888994852702,False,False,0.17044511368044032
failed_spike_cl0.50_rv10_px1,20,short,70,0.19888625991440673,0.2330040865192205,0.7571428571428571,4.14886921752494,4.936659746291364,-0.7744482910607313,0.8317842101489564,225,0.039603316895314586,0.19920217057317213,0.7155555555555555,1.2150203405603657,0.8064243254871796,-6.123772312837141,0.8330136981075758,415,0.23171027613481807,0.3024999746002933,0.8144578313253013,3.501690762353995,8.289999319145952,-7.145593088835488,0.9522641509433962,False,False,0.16881626199374783
failed_spike_cl0.50_rv2_px1,3,short,82,0.07276530375564873,0.07815834819531005,0.6707317073170732,1.9757738104175702,2.2944623649058493,-0.881559633027523,0.6080554989535061,277,0.03809664670892605,0.1407246300693923,0.703971119133574,1.3269495592654648,1.2769267346746067,-5.41,0.716027397260274,505,0.0652062754764644,0.1335185973305314,0.7148514851485148,1.688151677426365,3.38321738129288,-6.145632550812481,0.8128626962807256,False,False,0.16834300949828304
failed_spike_cl0.50_rv2_px5,3,short,75,0.07498962689077901,0.0772913992297818,0.6533333333333333,1.9777730684802561,2.2004979399039026,-0.881559633027523,0.6080554989535061,237,0.038395526698234705,0.14857984686360215,0.7215189873417721,1.3127442792799902,1.1199597756794002,-5.41,0.716027397260274,402,0.09208207840442825,0.16043067773132985,0.7412935323383084,2.1354512834165322,4.256824239923225,-6.145632550812481,0.8128626962807256,False,False,0.16628078758989898
failed_spike_cl0.25_rv5_px3,3,short,39,0.06676863449923356,0.05474811823288162,0.6666666666666666,2.1725328718472183,1.650027355966691,-0.5704202780887566,0.6080554989535061,119,0.0442554204764558,0.1747826086956522,0.7647058823529411,1.3416256322853313,0.7380147340439579,-5.41,0.6716455696202532,175,0.050599627217749354,0.12832853461552596,0.7142857142857143,1.535929467067297,1.250208543318282,-6.145632550812481,0.7469444444444444,False,False,0.16325291132877098
failed_spike_cl0.25_rv5_px1,2,short,39,0.0838748518686633,0.02428571428571425,0.6410256410256411,4.0610341273926895,2.50152853197055,-0.3366199227072859,0.595670122097346,122,0.04395210112768147,0.12246267764289027,0.7377049180327869,1.4512775122712256,1.084190338822706,-3.2059999084472652,0.6874683544303797,192,0.05953951044348657,0.09597508465277156,0.671875,1.9172208699547804,3.384859761706379,-1.0831707479166204,0.6663888994852702,False,False,0.16213400281504214
failed_spike_cl0.25_rv2_px1,2,short,42,0.0857880509931012,0.02856074219129324,0.6428571428571429,4.288321295179414,2.73261991560595,-0.3366199227072859,0.595670122097346,136,0.04248881031090524,0.12051601090681276,0.7352941176470589,1.4357443019394203,1.1396079179012772,-3.2059999084472652,0.6874683544303797,202,0.06439174071108741,0.09652348845004695,0.6782178217821783,1.9967188538794556,3.6799419288839017,-1.0831707479166204,0.8126281607392556,False,False,0.15980891825705862
failed_spike_cl0.25_rv5_px1,3,short,39,0.06676863449923356,0.05474811823288162,0.6666666666666666,2.1725328718472183,1.650027355966691,-0.5704202780887566,0.6080554989535061,122,0.047708803564047476,0.1754145601617796,0.7622950819672131,1.3767953984423638,0.8146472854079801,-5.41,0.6716455696202532,192,0.04324483122941949,0.12177604432074547,0.7083333333333334,1.443334302831377,1.144959109265435,-6.145632550812481,0.7469444444444444,False,False,0.15952496941883026
failed_spike_cl0.50_rv5_px5,3,short,70,0.0672484352149893,0.06716302984742269,0.6285714285714286,1.8183815656263562,1.8544747261307113,-0.881559633027523,0.6080554989535061,225,0.037106182694551425,0.14859030837004406,0.7244444444444444,1.3022244090705282,1.0446671838233084,-5.41,0.716027397260274,376,0.09945034314110296,0.16043067773132985,0.7473404255319149,2.343542560293651,4.5586248763250055,-6.145632550812481,0.8128626962807256,False,False,0.15817177828588305
failed_spike_cl0.25_rv2_px5,2,short,39,0.09112912608433592,0.032835770096872226,0.6666666666666666,4.4419465791804535,2.7165143502046702,-0.3366199227072859,0.595670122097346,116,0.0416348329509306,0.12193490364036287,0.75,1.416357914962028,0.9799199442698318,-3.2059999084472652,0.6874683544303797,164,0.0715433312906224,0.11639731773537194,0.6829268292682927,2.079068288977205,3.5181893062892966,-1.0831707479166204,0.8126281607392556,False,False,0.1535858798481538
failed_spike_cl0.40_rv5_px10,3,short,47,0.07150791170736114,0.060422470179417494,0.6382978723404256,2.094579330882482,1.8585157989654462,-0.5704202780887566,0.6080554989535061,142,0.038920098322812784,0.1545654324673182,0.7253521126760564,1.29292827526167,0.7511415628769251,-5.41,0.716027397260274,209,0.11780451933319878,0.1643264402161091,0.7607655502392344,3.250193310460816,6.580731394609421,-1.1506640532673524,0.7469444444444444,False,False,0.15066752397190736
failed_spike_cl0.50_rv5_px10,3,short,63,0.054531226864430696,0.07390358951542787,0.6349206349206349,1.6138695164464931,1.4200993482496138,-0.881559633027523,0.6080554989535061,193,0.03619481876397788,0.15231343283582088,0.7202072538860104,1.278345310634352,0.888783547247581,-5.41,0.716027397260274,292,0.12671176424052577,0.16548846566846998,0.7602739726027398,3.3383585178157356,7.972339043223339,-1.1506640532673524,0.8128626962807256,False,False,0.1505300194627768
failed_spike_cl0.25_rv5_px3,2,short,39,0.0838748518686633,0.02428571428571425,0.6410256410256411,4.0610341273926895,2.50152853197055,-0.3366199227072859,0.595670122097346,119,0.04049416808881648,0.12059701492537313,0.7394957983193278,1.4059539122007227,0.9766946130333053,-3.2059999084472652,0.6874683544303797,175,0.06515411060287503,0.09603592237209403,0.6742857142857143,2.034464726380137,3.5107107716388293,-1.0831707479166204,0.6663888994852702,False,False,0.14937810467427132
failed_spike_cl0.40_rv10_px5,2,short,52,0.061134886620847914,0.055866779308315746,0.6538461538461539,1.855866451303989,1.1355659597519725,-2.232222222222222,0.595670122097346,149,0.037488690368947815,0.1190322349090528,0.738255033557047,1.392594882519597,1.0982066687743341,-3.2059999084472652,0.6874683544303797,246,0.07845484480889305,0.12411751429707214,0.6910569105691057,2.210981475300938,4.66472460587712,-1.2207171374973116,0.6663888994852702,False,False,0.14884104422149283
failed_spike_cl0.40_rv10_px3,2,short,54,0.06174425062577307,0.055866779308315746,0.6666666666666666,1.8976433795671612,1.1912018104266213,-2.232222222222222,0.595670122097346,157,0.03649554864069776,0.10804611927657916,0.7261146496815286,1.3896064829752628,1.1225783236618825,-3.2059999084472652,0.6874683544303797,283,0.06380340598066914,0.11376237740622776,0.6784452296819788,1.868236914624335,3.4476303615358295,-2.9425843328719887,0.6663888994852702,False,False,0.14624982318113394
failed_spike_cl0.40_rv10_px1,2,short,54,0.06174425062577307,0.055866779308315746,0.6666666666666666,1.8976433795671612,1.1912018104266213,-2.232222222222222,0.595670122097346,164,0.03516371016974238,0.10366461242015869,0.7134146341463414,1.3781163719467995,1.1242558689939435,-3.2059999084472652,0.6874683544303797,317,0.059146268562586396,0.10196910095112445,0.6782334384858044,1.802056918280085,3.4842639509930917,-2.9425843328719887,0.6663888994852702,False,False,0.14091270267910516
failed_spike_cl0.25_rv5_px5,3,short,37,0.06572921385748057,0.05474811823288162,0.6486486486486487,2.0950856488399023,1.5444558034838878,-0.5704202780887566,0.6080554989535061,110,0.038062952490002966,0.1754145601617796,0.7636363636363637,1.2763489122104357,0.5883727963921803,-5.41,0.6716455696202532,157,0.053605739681225714,0.144929603166143,0.7261146496815286,1.554167674430266,1.1969750211056607,-6.145632550812481,0.7469444444444444,False,False,0.13845726917595777
failed_spike_cl0.25_rv5_px5,2,short,37,0.08635036128736774,0.02428571428571425,0.6486486486486487,4.0941986771529235,2.452926047665156,-0.3366199227072859,0.595670122097346,110,0.037079733293882956,0.12246267764289027,0.7454545454545455,1.3525568618389803,0.8298959617034593,-3.2059999084472652,0.6874683544303797,157,0.06595447865782406,0.11376237740622776,0.6751592356687898,1.9958867982739017,3.259285789091248,-1.0831707479166204,0.6663888994852702,False,False,0.13488072463617432
failed_spike_cl0.50_rv10_px5,2,short,65,0.07626471653279855,0.057266931901270086,0.6461538461538462,2.09318168861918,1.658477223678352,-2.232222222222222,0.595670122097346,200,0.03188447540786661,0.11266291470663477,0.735,1.3220315560719078,1.1081502160873302,-3.2059999084472652,0.6874683544303797,325,0.09415352869687021,0.128427463229149,0.7169230769230769,2.5248937891195022,6.30696494416038,-1.299855072463768,0.7869559536487092,False,False,0.13358494358959327
failed_spike_cl0.50_rv10_px10,2,short,58,0.0674250575234439,0.06027141322697001,0.6724137931034483,1.8923878519723076,1.34354937402088,-2.232222222222222,0.5817574224473625,174,0.032606764043823164,0.11750824343877837,0.735632183908046,1.3207044636590646,1.0089841555319894,-3.2059999084472652,0.6874683544303797,248,0.10619504808975662,0.13759128921236113,0.7338709677419355,2.8245799968540735,6.259727808877556,-1.299855072463768,0.7869559536487092,False,False,0.13295530131328764
failed_spike_cl0.40_rv10_px10,2,short,46,0.05578871931137106,0.06027141322697001,0.6956521739130435,1.7204694733089458,0.936830296209531,-2.232222222222222,0.5817574224473625,128,0.03409361782647907,0.1141869061769092,0.7421875,1.3379788854004933,0.8712977157470441,-3.2059999084472652,0.6874683544303797,186,0.09058240833741935,0.13153035337972802,0.7043010752688172,2.4969214334731675,4.795811244863886,-1.2207171374973116,0.6663888994852702,False,False,0.1312654609082377
failed_spike_cl0.50_rv10_px3,2,short,69,0.07643308418688186,0.057266931901270086,0.6521739130434783,2.1417169095215773,1.75951963734991,-2.232222222222222,0.595670122097346,215,0.029259429727324558,0.1042857465794478,0.7209302325581395,1.2984150744722356,1.0836369702853537,-3.2059999084472652,0.6874683544303797,368,0.07617009063659609,0.12175687152775679,0.7010869565217391,2.0536791990842396,4.709123623725153,-2.9425843328719887,0.7869559536487092,False,False,0.12430854798161597
failed_spike_cl0.50_rv2_px1,2,short,82,0.028088001540744256,0.06027141322697001,0.6341463414634146,1.2649693115454603,0.5101895238319459,-3.184311817872919,0.595670122097346,277,0.03301279616234131,0.09891808023445671,0.6931407942238267,1.3362224881996014,1.4487899149971786,-3.2059999084472652,0.713076923076923,505,0.05890091332441225,0.10982574563200555,0.6851485148514852,1.705878851163671,3.990035448437036,-2.9425843328719887,0.8126281607392556,False,False,0.12411640180009413
failed_spike_cl0.50_rv10_px3,3,short,69,0.08952248835788557,0.0772913992297818,0.6376811594202898,2.3815090786993345,2.7624185225333675,-0.5704202780887566,0.6080554989535061,215,0.02826426045985174,0.14857984686360215,0.7069767441860465,1.2238311304566307,0.7721474177608346,-5.41,0.716027397260274,368,0.10123683311308194,0.1485794630334703,0.7309782608695652,2.558020877472563,6.809925005627645,-1.4339072567989646,0.8128626962807256,False,False,0.12008057608372395
failed_spike_cl0.40_rv10_px1,3,short,54,0.08273720035270926,0.06885693470459965,0.6296296296296297,2.3848822678552923,2.334493967114885,-0.5704202780887566,0.6080554989535061,164,0.029299230935082125,0.1485850776168231,0.7073170731707317,1.2324536120065825,0.6511327515782158,-5.41,0.716027397260274,317,0.07511896738960075,0.12168393086142672,0.7129337539432177,2.0319899486702813,4.634196886205591,-1.4339072567989646,0.7469444444444444,False,False,0.11741178042794441
failed_spike_cl0.50_rv2_px3,2,short,80,0.026536481082744645,0.06027141322697001,0.6375,1.2449909187820742,0.470592681624755,-3.184311817872919,0.595670122097346,259,0.04083776516831222,0.10618257261410792,0.7104247104247104,1.4331023376804777,1.7138675707635225,-3.2059999084472652,0.713076923076923,452,0.06063602512728742,0.11371275209724331,0.6836283185840708,1.7140047942394845,3.779622095934164,-2.9425843328719887,0.8126281607392556,False,False,0.11661321686204838
failed_spike_cl0.25_rv10_px1,2,short,37,0.09001056272672855,0.032835770096872226,0.6756756756756757,4.299505902345434,2.5661110574276367,-0.3366199227072859,0.595670122097346,106,0.031432916685793996,0.12246267764289027,0.7641509433962265,1.3000485360155316,0.690648749865892,-3.2059999084472652,0.6874683544303797,174,0.06608221716162704,0.09602148775918846,0.6724137931034483,2.123105554120633,3.77439054313205,-1.0831707479166204,0.6663888994852702,False,False,0.11433994269607681
failed_spike_cl0.40_rv10_px3,3,short,54,0.08273720035270926,0.06885693470459965,0.6296296296296297,2.3848822678552923,2.334493967114885,-0.5704202780887566,0.6080554989535061,157,0.02849752888375732,0.14859030837004406,0.7197452229299363,1.2209343637846712,0.6075601003262563,-5.41,0.716027397260274,283,0.08555098126176536,0.14346531965676224,0.7243816254416962,2.25582119680028,5.076627358813294,-1.4339072567989646,0.7469444444444444,False,False,0.11419909319300156
failed_spike_cl0.50_rv10_px1,3,short,70,0.08970529309899804,0.07815834819531005,0.6428571428571429,2.4043928727840043,2.808425144419467,-0.5704202780887566,0.6080554989535061,225,0.026687740477293297,0.1463786310938049,0.6933333333333334,1.2134927219831206,0.7602671808987769,-5.41,0.716027397260274,415,0.08907053550152468,0.13814813413177063,0.7204819277108434,2.246140682111937,6.16466568524765,-1.4339072567989646,0.8128626962807256,False,False,0.11376129429625913
failed_spike_cl0.50_rv10_px5,3,short,65,0.09207979823225874,0.07390358951542787,0.6307692307692307,2.4568125888266916,2.7409320884302275,-0.5704202780887566,0.6080554989535061,200,0.026660035540189305,0.14884060873047655,0.715,1.2043734241979902,0.6816732930643489,-5.41,0.716027397260274,325,0.1239867679789596,0.16254904527381908,0.7569230769230769,3.36216500757694,8.427157641065417,-1.1506640532673524,0.8128626962807256,False,False,0.11169634432354715
failed_spike_cl0.25_rv2_px10,3,short,35,0.06652773862941881,0.0772913992297818,0.6857142857142857,2.0811209985174752,1.5610117178390457,-0.5704202780887566,0.6080554989535061,98,0.031073374454876877,0.18141102673424475,0.7551020408163265,1.2084376247407926,0.43003870005400346,-5.41,0.6716455696202532,122,0.11898074178231526,0.1517097995279637,0.7377049180327869,3.4578134260417497,5.2285638319939665,-1.0002235061011182,0.8043783015425022,False,False,0.11135202584078958
failed_spike_cl0.50_rv10_px10,3,short,58,0.08126316745701209,0.07559749437260484,0.6379310344827587,2.1924004557464247,2.2958679125377466,-0.5704202780887566,0.6080554989535061,174,0.027123093011390775,0.1515138592750533,0.7126436781609196,1.1999501630712621,0.6132629048932559,-5.41,0.716027397260274,248,0.14186368101690486,0.17295645257684916,0.7782258064516129,4.142519459630352,8.690445356093013,-1.1506640532673524,0.8128626962807256,False,False,0.11059542734848343
failed_spike_cl0.40_rv10_px5,3,short,52,0.0790468939278853,0.05758529420614956,0.6153846153846154,2.2741085396673206,2.152787507091412,-0.5704202780887566,0.6080554989535061,149,0.027635384935845077,0.1507142857142857,0.7248322147651006,1.2085216812050834,0.5606256785624857,-5.41,0.716027397260274,246,0.10681360596434517,0.15787080320697133,0.7520325203252033,2.9253131965448107,6.422763615719641,-1.1506640532673524,0.7469444444444444,False,False,0.10972054533868583
failed_spike_cl0.25_rv10_px1,3,short,37,0.0699662291522072,0.060422470179417494,0.6486486486486487,2.165676705249475,1.6417171272675704,-0.5704202780887566,0.6080554989535061,106,0.029748181401223338,0.1754145601617796,0.7735849056603774,1.2103921522576495,0.4457720071352618,-5.41,0.6716455696202532,174,0.07733504336695983,0.11375372651135081,0.7068965517241379,2.2221559113905887,3.861436578492602,-1.3203446858391372,0.7469444444444444,False,False,0.10821157294211989
failed_spike_cl0.50_rv2_px5,2,short,75,0.024564115146692957,0.06327589455266992,0.64,1.2156100754551773,0.4089539637349339,-3.184311817872919,0.595670122097346,237,0.04037581665322772,0.1093415774447656,0.7172995780590717,1.4154523753535875,1.5683718346014044,-3.2059999084472652,0.713076923076923,402,0.07795433130551165,0.1236200160665142,0.6940298507462687,2.044592731286995,5.135431230350442,-1.8093138779408096,0.8126281607392556,False,False,0.10638063244041565
failed_spike_cl0.50_rv10_px1,2,short,70,0.07830391542057741,0.06027141322697001,0.6571428571428571,2.1866140240478407,1.8271599318602665,-2.232222222222222,0.595670122097346,225,0.024174240088532393,0.09681818600528493,0.7066666666666667,1.2413320331055286,0.9268259879703888,-3.2059999084472652,0.6874683544303797,415,0.07114935178113187,0.11366312678825886,0.6987951807228916,1.9762598707765833,4.76834853658149,-2.9425843328719887,0.7869559536487092,False,False,0.1030470467681525
failed_spike_cl0.50_rv5_px1,2,short,76,0.02271966794310719,0.055866779308315746,0.631578947368421,1.1997114246415077,0.383033432503721,-3.184311817872919,0.595670122097346,256,0.03372878766228945,0.09786813311987082,0.6953125,1.35163086138425,1.4169954984193476,-3.2059999084472652,0.6874683544303797,474,0.06930241127402492,0.11245394501379787,0.689873417721519,1.9461208204136742,5.003122753110083,-2.9425843328719887,0.7869559536487092,False,False,0.09868981679398435
failed_spike_cl0.25_rv2_px10,2,short,35,0.08576597044101304,0.054466626715361406,0.7142857142857143,4.034820186021998,2.520441528889308,-0.3366199227072859,0.5817574224473625,98,0.027254181363254745,0.11353917709281598,0.7346938775510204,1.2418410700844398,0.5485714033983528,-3.2059999084472652,0.6874683544303797,122,0.08737341349296628,0.11781527862971065,0.6885245901639344,2.4973098976477854,3.9817415546390342,-0.8285328340132883,0.8126281607392556,False,False,0.09766587506734094
failed_spike_cl0.25_rv10_px3,2,short,37,0.09001056272672855,0.032835770096872226,0.6756756756756757,4.299505902345434,2.5661110574276367,-0.3366199227072859,0.595670122097346,104,0.026699001249735396,0.11981462491721297,0.7596153846153846,1.2500514172519015,0.577170749672729,-3.2059999084472652,0.6874683544303797,157,0.0730489753915721,0.09769230063850333,0.6751592356687898,2.3037392024708563,3.955604512054111,-1.0831707479166204,0.6663888994852702,False,False,0.09711991742455495
failed_spike_cl0.25_rv10_px5,2,short,36,0.08939357172217641,0.02856074219129324,0.6666666666666666,4.188324374558513,2.4790690144407592,-0.3366199227072859,0.595670122097346,97,0.02531156921183194,0.12432834036040742,0.7731958762886598,1.2272662155307932,0.5117985794121942,-3.2059999084472652,0.6874683544303797,142,0.07536297048828068,0.11639731773537194,0.6830985915492958,2.309491009661996,3.7910529033755127,-1.0831707479166204,0.6663888994852702,False,False,0.091397998664138
failed_spike_cl0.25_rv10_px3,3,short,37,0.0699662291522072,0.060422470179417494,0.6486486486486487,2.165676705249475,1.6417171272675704,-0.5704202780887566,0.6080554989535061,104,0.02468857907618479,0.1746068952661059,0.7692307692307693,1.1713139325806017,0.36348990511522167,-5.41,0.6716455696202532,157,0.08922436122871724,0.11661493168167782,0.7133757961783439,2.591062172031729,4.5260770412448,-0.9914600411019259,0.7469444444444444,False,False,0.08980683355084022
failed_spike_cl0.50_rv5_px3,2,short,75,0.020257379908407692,0.054466626715361406,0.6266666666666667,1.175724321089582,0.33728852030184564,-3.184311817872919,0.595670122097346,242,0.038003415037069464,0.10711434594534354,0.7107438016528925,1.3995545866364563,1.5265682887075605,-3.2059999084472652,0.6874683544303797,424,0.07235082519950803,0.118008195527831,0.6886792452830188,1.9871011246901389,4.842281732804634,-2.9425843328719887,0.7869559536487092,False,False,0.08772931055618766
failed_spike_cl0.25_rv5_px10,3,short,33,0.05659621832669384,0.060422470179417494,0.6666666666666666,1.8671712083228322,1.2703438010226542,-0.5704202780887566,0.6080554989535061,94,0.024746620693209428,0.18141102673424475,0.7446808510638298,1.15922284383843,0.3288485560914946,-5.41,0.6716455696202532,115,0.11098061310969315,0.15101694915254238,0.7304347826086957,3.2231894689341036,4.8276040706122725,-1.0002235061011182,0.7469444444444444,False,False,0.08726550633018315
failed_spike_cl0.25_rv5_px10,2,short,33,0.08008292169027158,0.032835770096872226,0.696969696969697,3.6717988763745213,2.232638755771748,-0.3366199227072859,0.5817574224473625,94,0.02427644282780592,0.11353917709281598,0.7340425531914894,1.207199857411314,0.46921502516717345,-3.2059999084472652,0.6874683544303797,115,0.0807069849022451,0.11376237740622776,0.6782608695652174,2.3970730872815698,3.7387821844549434,-0.8285328340132883,0.6663888994852702,False,False,0.08560748966607594
failed_spike_cl0.40_rv10_px10,3,short,46,0.07282312130508128,0.06885693470459965,0.6304347826086957,2.09099412276388,1.8530735448265825,-0.5704202780887566,0.6080554989535061,128,0.02180484625155934,0.1523412236996204,0.71875,1.151026361715982,0.38336666834274924,-5.41,0.716027397260274,186,0.1265323300166887,0.16548846566846998,0.7688172043010753,3.7362296034865548,6.968467290909383,-1.1506640532673524,0.7469444444444444,False,False,0.08395187650109774
failed_spike_cl0.50_rv5_px5,2,short,70,0.017695623464471105,0.055866779308315746,0.6285714285714286,1.1452964372971486,0.2753733659696976,-3.184311817872919,0.595670122097346,225,0.039397256468231556,0.11556730816051598,0.72,1.4077612425336996,1.484851972886582,-3.2059999084472652,0.6874683544303797,376,0.08753736736969236,0.12447186698619196,0.699468085106383,2.342248336289197,6.189371846252598,-1.299855072463768,0.7869559536487092,False,False,0.0754307780537011
failed_spike_cl0.25_rv10_px5,3,short,36,0.0672492400698485,0.05758529420614956,0.6388888888888888,2.090128784801667,1.537852814756812,-0.5704202780887566,0.6080554989535061,97,0.02033101592018696,0.1747826086956522,0.7731958762886598,1.1339480658945655,0.27975011329017735,-5.41,0.6716455696202532,142,0.09907575007704747,0.14419746141145262,0.7323943661971831,2.883703175168523,4.749195259442753,-0.9914600411019259,0.7469444444444444,False,False,0.07341362956845798
failed_spike_cl0.40_rv2_px5,1,short,57,0.06210963335589874,0.0779999912492473,0.6842105263157895,1.9855393216554176,1.6801352794327167,-1.3433333333333335,0.6750700123666433,177,0.012414410377526431,0.08344496048328744,0.7005649717514124,1.1268192681352718,0.33518713298003233,-4.81,0.5431249940395355,289,0.05280395383470398,0.08615384968074837,0.6678200692041523,1.8704341974142136,3.956439440427874,-1.3619164700890172,0.7542899138568491,False,False,0.05040800584748213
failed_spike_cl0.40_rv2_px3,1,short,60,0.061358083770306174,0.084139831022651,0.6833333333333333,2.0083291811392714,1.744449853574742,-1.3433333333333335,0.6750700123666433,192,0.011408438075230254,0.0792886000738804,0.6875,1.120309005823118,0.3325392777220004,-4.81,0.5431249940395355,332,0.05039612804759156,0.08635277375521118,0.6686746987951807,1.8337250514846617,4.134913541249667,-1.3619164700890172,0.7542899138568491,False,False,0.04689864991450373
failed_spike_cl0.50_rv2_px10,2,short,66,0.010806257317610797,0.06515146623012792,0.6666666666666666,1.0851815104014417,0.16042467219182052,-3.184311817872919,0.5817574224473625,202,0.04237039090490274,0.11750824343877837,0.7128712871287128,1.4270567894765296,1.4512219975618865,-3.2059999084472652,0.713076923076923,311,0.08780709230842197,0.12812154696132594,0.6945337620578779,2.2573975872176844,5.271354610978534,-1.8093138779408096,0.8126281607392556,False,False,0.04543699038659773
failed_spike_cl0.40_rv5_px5,1,short,53,0.05466631775021089,0.05285714285714283,0.660377358490566,1.806558414702662,1.383239279030766,-1.3433333333333335,0.6750700123666433,168,0.011217764035014498,0.09500754572912463,0.7023809523809523,1.11015726820252,0.28781092037411354,-4.81,0.5431249940395355,272,0.05614121210818297,0.085309979182647,0.6727941176470589,1.9795157966748311,4.191699253579188,-1.3619164700890172,0.5643055608537462,False,False,0.04474748177379532
failed_spike_cl0.40_rv5_px1,1,short,56,0.0542598351016664,0.05508242287277055,0.6607142857142857,1.8322346508546996,1.4485566574274582,-1.3433333333333335,0.6750700123666433,187,0.01009677861855536,0.08142857142857142,0.6844919786096256,1.1029247243945683,0.28655660200586486,-4.81,0.5431249940395355,349,0.0482314411438909,0.08290964069343267,0.664756446991404,1.8062518412616209,4.172893288024259,-1.3619164700890172,0.5643055608537462,False,False,0.04082179359479503
failed_spike_cl0.25_rv10_px10,2,short,32,0.08331067594202207,0.043651198406116816,0.71875,3.760010238004943,2.260313201379554,-0.3366199227072859,0.5817574224473625,84,0.011570796409245415,0.11353917709281598,0.7619047619047619,1.0941116996563292,0.20452467524601736,-3.2059999084472652,0.6874683544303797,102,0.0888022069493767,0.11781527862971065,0.6862745098039216,2.7018582307722934,4.035094931449466,-0.8285328340132883,0.6663888994852702,False,False,0.040457377137115794
failed_spike_cl0.40_rv5_px3,1,short,56,0.0542598351016664,0.05508242287277055,0.6607142857142857,1.8322346508546996,1.4485566574274582,-1.3433333333333335,0.6750700123666433,178,0.009076878499718201,0.08747550376258396,0.6966292134831461,1.090580829150628,0.24591563728579516,-4.81,0.5431249940395355,314,0.05282849255724882,0.085309979182647,0.6719745222929936,1.9151443005827196,4.317289642361658,-1.3619164700890172,0.5643055608537462,False,False,0.03669828512626584
failed_spike_cl0.40_rv2_px1,1,short,61,0.05892724601240872,0.0779999912492473,0.6721311475409836,1.9616276965713157,1.6993079684244279,-1.3433333333333335,0.6750700123666433,205,0.008312835474631793,0.06835824542528136,0.6682926829268293,1.0869477698753627,0.25661656899330587,-4.81,0.5431249940395355,370,0.045753253352739436,0.08368787468898915,0.6621621621621622,1.7352106964452367,3.996383522223516,-1.3619164700890172,0.7542899138568491,False,False,0.034308189124575506
failed_spike_cl0.40_rv2_px10,1,short,50,0.0603323819518168,0.0934601381627962,0.7,1.9304616830340542,1.5096768444565192,-1.3433333333333335,0.6750700123666433,148,0.00817107839432441,0.08747550376258396,0.7027027027027027,1.0756471466840112,0.18591433559186496,-4.81,0.5431249940395355,222,0.06777643294609498,0.09970107131076274,0.6801801801801802,2.216373362574907,4.632371680958028,-0.8405084773159273,0.7542899138568491,False,False,0.03212725547780464
failed_spike_cl0.50_rv2_px5,1,short,75,0.026856466931690567,0.04607476371904707,0.64,1.2825465970697632,0.6219289373796226,-2.0283487325857967,0.6750700123666433,237,0.006148426656749847,0.08302322483205239,0.6835443037974683,1.0599907165588096,0.20659942634570097,-4.81,0.5431249940395355,402,0.05859016674920276,0.085309979182647,0.6666666666666666,1.9733446536917858,5.055227136969701,-1.3619164700890172,0.7843652824738312,False,False,0.02662719631269178
failed_spike_cl0.50_rv2_px10,1,short,66,0.01388375818282477,0.04571274277692123,0.6363636363636364,1.1351769111575039,0.2931518017930187,-2.0283487325857967,0.6750700123666433,202,0.006252287055453316,0.08570207207837839,0.6881188118811881,1.0581631226819166,0.18264964074644924,-4.81,0.5431249940395355,311,0.07123023603657323,0.09829494464733825,0.6784565916398714,2.2745416294329712,5.565218273650913,-0.9230434782608696,0.7843652824738312,False,False,0.02628894523637823
continuation_ret_0.40_0.60_cl0.90_rv5_px1,20,long,39,0.045707248066993826,-0.006014539801355126,0.4358974358974359,1.4471600331801735,0.7879674706681704,-0.6855905451737051,1.2449019562011039,73,0.007064720528084419,-0.16122312798111593,0.3424657534246575,1.0301080557100832,0.07810627085915799,-0.8505951089985913,3.5495055574377643,135,0.03500151379451861,-0.028625214796454294,0.4444444444444444,1.300231543390059,0.8938227512413623,-0.6783035714285715,3.123819761360993,False,False,0.026060902405107573
failed_spike_cl0.40_rv5_px10,1,short,47,0.05543921122822267,0.09027967079605471,0.6808510638297872,1.8036980558315716,1.3077901501908942,-1.3433333333333335,0.6750700123666433,142,0.006574678074377976,0.09500754572912463,0.6971830985915493,1.0584477847964506,0.1435397444402152,-4.81,0.5431249940395355,209,0.07246244617654152,0.09931041314796597,0.6889952153110048,2.421855204871642,5.047001575747227,-0.8405084773159273,0.5643055608537462,False,False,0.025451900407925967
failed_spike_cl0.50_rv2_px3,1,short,80,0.028346243133009496,0.04946595328809495,0.6375,1.3144406342214359,0.69938944758164,-2.0283487325857967,0.6750700123666433,259,0.005451276543063799,0.06835824542528136,0.6718146718146718,1.0549975254405537,0.19890394193461525,-4.81,0.5431249940395355,452,0.05252627545404835,0.085309979182647,0.6637168141592921,1.8348241201644546,4.749830911531638,-1.3619164700890172,0.7843652824738312,False,False,0.023955357596552408
failed_spike_cl0.40_rv10_px5,1,short,52,0.055817562156743564,0.05508242287277055,0.6730769230769231,1.8091765377700695,1.3860530512805402,-1.3433333333333335,0.6750700123666433,149,0.005430272099104374,0.0983333151681083,0.7248322147651006,1.0514509274842543,0.1255695017303319,-4.81,0.5431249940395355,246,0.05879013689302148,0.08891665084020285,0.6910569105691057,2.033639008940416,4.118235682744619,-1.3619164700890172,0.5643055608537462,False,False,0.021559765403461804
failed_spike_cl0.25_rv10_px10,3,short,32,0.05802084170527069,0.06885693470459965,0.65625,1.8620600118165813,1.2628853060242677,-0.5704202780887566,0.6080554989535061,84,0.005727515837159694,0.1754145601617796,0.75,1.0338262072214872,0.06862671658248609,-5.41,0.6716455696202532,102,0.12341684722914964,0.15005392912172572,0.7352941176470589,4.020184965405832,5.49545780580386,-0.9057127263499889,0.7469444444444444,False,False,0.02002630243304789
failed_spike_cl0.50_rv5_px5,1,short,70,0.018931799937609912,0.031112053306202765,0.6142857142857143,1.185895931566769,0.41082168003617814,-2.0283487325857967,0.6750700123666433,225,0.0046628065945822665,0.08795918367346935,0.6844444444444444,1.0439884064030567,0.14910947664748953,-4.81,0.5431249940395355,376,0.06503724299269724,0.08891665084020285,0.6808510638297872,2.158513449068308,5.541037178511227,-1.3619164700890172,0.7843652824738312,False,False,0.019876051841261372
failed_spike_cl0.50_rv5_px10,1,short,63,0.00802145825717555,0.032316235285055235,0.6190476190476191,1.074549617467375,0.16209023369454967,-2.0283487325857967,0.6750700123666433,193,0.0046215923029754875,0.09150604704188049,0.6839378238341969,1.0415259374594472,0.12919514664025994,-4.81,0.5431249940395355,292,0.07752303499670482,0.09970107131076274,0.6952054794520548,2.506240001487761,6.050238548452295,-0.9230434782608696,0.7843652824738312,False,False,0.01922066204703002
failed_spike_cl0.40_rv10_px1,1,short,54,0.05453230481082568,0.05508242287277055,0.6666666666666666,1.8076918468182088,1.4042646025998156,-1.3433333333333335,0.6750700123666433,164,0.0034523674698839118,0.08747550376258396,0.7012195121951219,1.033585577966592,0.08736571590354213,-4.81,0.5431249940395355,317,0.04992241110584393,0.08615384968074837,0.6813880126182965,1.8285348742023995,4.048344225713034,-1.3619164700890172,0.5643055608537462,False,False,0.013834786729682864
failed_spike_cl0.50_rv5_px3,1,short,75,0.02104920568528881,0.032316235285055235,0.6133333333333333,1.218902208921562,0.4888104476562041,-2.0283487325857967,0.6750700123666433,242,0.0030655600505380062,0.07705257522915994,0.6776859504132231,1.0295791722878296,0.10489820010035615,-4.81,0.5431249940395355,424,0.05839974758108734,0.08832546049405711,0.6768867924528302,1.9874220968867253,5.2008460162974774,-1.3619164700890172,0.7843652824738312,False,False,0.013276123117514794
failed_spike_cl0.50_rv5_px10,2,short,63,0.0030498476863622067,0.057266931901270086,0.6507936507936508,1.0229479976295404,0.04329651239984934,-3.184311817872919,0.5817574224473625,193,0.038423107773795755,0.1190322349090528,0.7150259067357513,1.3793547632088958,1.2718477467105627,-3.2059999084472652,0.6874683544303797,292,0.09633217612891097,0.12977414271857496,0.7054794520547946,2.5640571379678474,6.100496497402322,-1.299855072463768,0.7869559536487092,False,False,0.012683959949635415
failed_spike_cl0.40_rv10_px3,1,short,54,0.05453230481082568,0.05508242287277055,0.6666666666666666,1.8076918468182088,1.4042646025998156,-1.3433333333333335,0.6750700123666433,157,0.002314510257329532,0.09271900907762544,0.7133757961783439,1.0220835737762213,0.05621210143596507,-4.81,0.5431249940395355,283,0.05499579260244174,0.0879167184068076,0.6890459363957597,1.9509906809689668,4.194026447944549,-1.3619164700890172,0.5643055608537462,False,False,0.00927501376175758
continuation_ret_0.40_0.60_cl0.50_rv10_px1,20,long,85,-1.8650801513481443e-05,-0.06660380753557425,0.38823529411764707,0.9998662542459601,-0.00042025327440608075,-0.966923076739678,1.4290243902439024,232,0.008527117789852176,-0.1531024627692033,0.34913793103448276,1.040456792681297,0.10800883325442376,-0.9313793103448276,15.118205128205128,360,0.11826954697091208,-0.10327192883382962,0.36944444444444446,1.6142138797432162,0.6414982049892435,-1.0005454548922452,65.81464388674324,False,False,-8.307714729453688e-05
failed_spike_cl0.40_rv10_px10,1,short,46,0.05675741998078161,0.0934601381627962,0.6956521739130435,1.8065947840086682,1.3107234460506716,-1.3433333333333335,0.6750700123666433,128,-0.00028071393629378223,0.09500754572912463,0.71875,0.9975523225242161,-0.005614027942009764,-4.81,0.5431249940395355,186,0.07882883041171053,0.10949219583863525,0.7150537634408602,2.618574786369345,5.152647079199301,-0.8405084773159273,0.5643055608537462,False,False,-0.0010807900885880957
failed_spike_cl0.50_rv10_px5,1,short,65,0.06487830889623596,0.03856834269669963,0.6461538461538462,2.0118022544238645,1.8443817711154213,-1.3433333333333335,0.6750700123666433,200,-0.002284575087707288,0.0913859349133453,0.7,0.9792512386708668,-0.06617620723104913,-4.81,0.5431249940395355,325,0.06727628794909377,0.09829494464733825,0.6984615384615385,2.170839246252488,5.186211356528,-1.3619164700890172,0.7843652824738312,False,False,-0.009571580849728275
failed_spike_cl0.50_rv10_px10,1,short,58,0.05857268884180523,0.04571274277692123,0.6551724137931034,1.8898425976826576,1.5858702666630964,-1.3433333333333335,0.6750700123666433,174,-0.0024300625896213055,0.0913859349133453,0.7011494252873564,0.9785796001198229,-0.062433583818444674,-4.81,0.5431249940395355,248,0.08499534022826369,0.11211059296139265,0.7258064516129032,2.672869870396477,5.984284354177138,-0.9230434782608696,0.7843652824738312,False,False,-0.009908671200215373
failed_spike_cl0.50_rv5_px1,1,short,76,0.020640663505219214,0.031112053306202765,0.6052631578947368,1.2172144117511463,0.4857348742213769,-2.0283487325857967,0.6750700123666433,256,-0.0032419537480989167,0.06340082523115938,0.66015625,0.9698066599248568,-0.11491655872181675,-4.81,0.5431249940395355,474,0.05451170599026625,0.08832546049405711,0.6729957805907173,1.908372831188943,5.195315505779928,-1.3619164700890172,0.7843652824738312,False,False,-0.014082416268390947
failed_spike_cl0.50_rv2_px1,1,short,82,0.026472883307064893,0.04232155320787335,0.6219512195121951,1.2970095944901057,0.6691342631434981,-2.0283487325857967,0.6750700123666433,277,-0.0033163434438797934,0.05956521739130439,0.6498194945848376,0.9682837334050381,-0.12620438015763735,-4.81,0.5431249940395355,505,0.049052465549913715,0.08446610868454564,0.6613861386138614,1.7737934729551812,4.758129221232542,-1.3619164700890172,0.7843652824738312,False,False,-0.01465439307921605
failed_spike_cl0.50_rv10_px3,1,short,69,0.06335579437276934,0.03856834269669963,0.6376811594202898,2.0283840439634293,1.9073449763252395,-1.3433333333333335,0.6750700123666433,215,-0.004376806588490647,0.07714862871918939,0.6883720930232559,0.9595294486952053,-0.1355979571309457,-4.81,0.5431249940395355,368,0.05966299416804268,0.09503473736684916,0.6929347826086957,1.9766480224335017,4.800848571592908,-1.3619164700890172,0.7843652824738312,False,False,-0.018594841966572802
continuation_ret_0.40_0.60_cl0.50_rv10_px5,1,long,76,-0.004577876240292278,-0.03141172553078824,0.3157894736842105,0.9372917064040748,-0.15403610592380704,-0.3489830453681454,1.7193576270921367,214,0.002881855141510136,-0.06584416715988999,0.3691588785046729,1.0311899831152742,0.10325101389434523,-0.5067923354891894,4.702418300653595,274,-0.004948757207067734,-0.029213437249340828,0.4306569343065693,0.9312334151290318,-0.3745507339497042,-0.5612195214992617,1.7046891978063334,False,False,-0.021496438387498318
failed_spike_cl0.25_rv2_px3,1,short,41,0.08282121895903703,0.03856834269669963,0.6829268292682927,3.1763894555256647,2.4851856455333197,-0.41367780906772245,0.6750700123666433,129,-0.0064058332354843765,0.08142857142857142,0.689922480620155,0.9445449435924888,-0.12950634571464867,-4.81,0.5431249940395355,183,0.05089548446435057,0.08446610868454564,0.6502732240437158,1.8279498279962387,2.980179259017861,-1.3619164700890172,0.7542899138568491,False,False,-0.023942888264059804
failed_spike_cl0.25_rv2_px5,1,short,39,0.0819372861686409,0.032316235285055235,0.6666666666666666,3.0481290661611538,2.3376297335315357,-0.41367780906772245,0.6750700123666433,116,-0.00677618136563002,0.08808198478045644,0.7068965517241379,0.9441562479022462,-0.12377312895375295,-4.81,0.5431249940395355,164,0.0477400008005879,0.07683977078827921,0.6402439024390244,1.7378430450559996,2.5571495422034562,-1.3619164700890172,0.7542899138568491,False,False,-0.024996516217022296
failed_spike_cl0.25_rv5_px1,1,short,39,0.07853061022321514,0.032316235285055235,0.6666666666666666,2.962974768904371,2.2514811696450896,-0.41367780906772245,0.6750700123666433,122,-0.008444900161625286,0.08808198478045644,0.6967213114754098,0.9305667523643929,-0.16150997457296698,-4.81,0.5431249940395355,192,0.041959893022104566,0.07328796131407574,0.6354166666666666,1.6436505497050338,2.553326502467645,-1.3619164700890172,0.5643055608537462,False,False,-0.031152218698262978
failed_spike_cl0.25_rv2_px1,1,short,42,0.07877968947283523,0.03544228899087743,0.6666666666666666,3.0087661587440993,2.403800838643463,-0.41367780906772245,0.6750700123666433,136,-0.008362923698928633,0.0792886000738804,0.6764705882352942,0.928426510782844,-0.17694833385368047,-4.81,0.5431249940395355,202,0.0431901489265001,0.07683977078827921,0.6386138613861386,1.6578692622861189,2.653491975487867,-1.3619164700890172,0.7542899138568491,False,False,-0.03145462958394681
continuation_ret_0.40_0.60_cl0.90_rv5_px3,20,long,36,0.0009096414665968611,-0.026889468401173948,0.3888888888888889,1.0082145929669486,0.0176509985878737,-0.6855905451737051,0.8406348001458384,71,-0.008989065541875837,-0.16621985568341613,0.323943661971831,0.9627404367209097,-0.09753146790765263,-0.8505951089985913,3.5495055574377643,120,0.025087703784279505,-0.03169148485682571,0.44166666666666665,1.2171470128552364,0.6239806211438775,-0.6783035714285715,3.123819761360993,False,False,-0.03245877778309242
continuation_ret_0.40_0.60_cl0.90_rv2_px10,2,long,39,0.01878013541475269,-0.0400601069631411,0.358974358974359,1.2429018619510184,0.305958859810075,-0.37201780415430263,2.0943478260869566,75,-0.0025501223819045325,-0.06147055179877469,0.38666666666666666,0.9767510811651441,-0.06985854433718659,-0.5198445595854922,1.267227722772277,89,-0.009299318911286663,-0.012152799157317365,0.47191011235955055,0.8683020614577629,-0.43800221600396394,-0.4765950519728951,0.9387179152776917,False,False,-0.03430406646909855
continuation_ret_0.40_0.60_cl0.50_rv5_px5,1,long,95,-0.007620873556727987,-0.03160192653319115,0.3368421052631579,0.8998525097454587,-0.2991379874981589,-0.3489830453681454,1.7193576270921367,288,0.006380643798965659,-0.06448016461328936,0.3611111111111111,1.0706809165773956,0.28690925987498056,-0.5067923354891894,4.702418300653595,402,-0.0006117252713683932,-0.027391131626357194,0.4253731343283582,0.9911566070855293,-0.0575356704158866,-0.5612195214992617,1.7046891978063334,False,False,-0.03478432043605644
failed_spike_cl0.25_rv5_px5,1,short,37,0.07736697248545586,0.029907871327350295,0.6486486486486487,2.83471437953986,2.103443840313356,-0.41367780906772245,0.6750700123666433,110,-0.011485542724425096,0.09500754572912463,0.7,0.9101402826791506,-0.1991188720265636,-4.81,0.5431249940395355,157,0.04554222098959289,0.07241754690863679,0.6369426751592356,1.7099141884711817,2.4387920073277534,-1.3619164700890172,0.5643055608537462,False,False,-0.04177965125131482
continuation_ret_0.40_0.60_cl0.90_rv2_px5,2,long,41,0.01479827914978653,-0.0400601069631411,0.36585365853658536,1.1900793236932319,0.2527422974735584,-0.37201780415430263,2.0943478260869566,91,0.0017905523300095114,-0.06991908517693633,0.3516483516483517,1.0161714366354546,0.04884239378203332,-0.5198445595854922,1.7689472613418313,133,-0.011562281067149422,-0.022480827631064286,0.44360902255639095,0.8393494889085844,-0.6745611048017788,-0.4765950519728951,0.9387179152776917,False,False,-0.0432159866627374
failed_spike_cl0.25_rv5_px3,1,short,39,0.07853061022321514,0.032316235285055235,0.6666666666666666,2.962974768904371,2.2514811696450896,-0.41367780906772245,0.6750700123666433,119,-0.012419955889967912,0.08344496048328744,0.6974789915966386,0.8996913848591358,-0.23217629969246165,-4.81,0.5431249940395355,175,0.0484640419258585,0.07952116585704373,0.6457142857142857,1.7918963603959146,2.8301665774444382,-1.3619164700890172,0.5643055608537462,False,False,-0.045815720103503994
continuation_ret_0.40_0.60_cl0.50_rv5_px1,1,long,106,-0.007855950388207713,-0.03141172553078824,0.33962264150943394,0.897209354716853,-0.3329714032309739,-0.3489830453681454,1.7193576270921367,314,0.006128042968661106,-0.06584416715988999,0.3503184713375796,1.0689177966201107,0.29536481601208403,-0.5067923354891894,4.702418300653595,520,-0.009850879429934251,-0.033700989900645344,0.39615384615384613,0.8675588598662395,-1.085298196643208,-0.5612195214992617,1.7046891978063334,True,False,-0.04603147344500443
failed_spike_cl0.50_rv10_px1,1,short,70,0.06230785445315835,0.03544228899087743,0.6285714285714286,2.023623576197125,1.9022075358847907,-1.3433333333333335,0.6750700123666433,225,-0.011254668586156867,0.06835824542528136,0.6711111111111111,0.9004962712407185,-0.3573175628026932,-4.81,0.5431249940395355,415,0.05494608374305186,0.09281690140845068,0.6867469879518072,1.8827294578126104,4.757637723898695,-1.3619164700890172,0.7843652824738312,False,False,-0.04797504930497991
continuation_ret_0.40_0.60_cl0.50_rv2_px5,1,long,113,-0.010242325317935027,-0.05923601783957055,0.336283185840708,0.8669442855375661,-0.4560175110628192,-0.3489830453681454,1.7193576270921367,336,0.00296374031491398,-0.05848682206246058,0.37797619047619047,1.033246980412413,0.1525937979064505,-0.5067923354891894,4.702418300653595,493,-0.009578771383687993,-0.033423443238423604,0.40162271805273836,0.8760673689549814,-0.9527291771053996,-0.8038679373446793,1.7046891978063334,True,False,-0.048509685278755536
continuation_ret_0.40_0.60_cl0.50_rv5_px3,1,long,102,-0.00476506008208384,-0.03141172553078824,0.35294117647058826,0.937322346963983,-0.19521775441869912,-0.3489830453681454,1.7193576270921367,302,0.006858977074874629,-0.06584416715988999,0.3576158940397351,1.0764737268617592,0.31942554298025677,-0.5067923354891894,4.702418300653595,461,-0.012400982864287662,-0.03367318925508022,0.3947939262472885,0.8353365627222095,-1.2809375459085781,-0.5612195214992617,1.7046891978063334,True,False,-0.05747519476365301
failed_spike_cl0.25_rv2_px10,1,short,35,0.07596038551505192,0.03856834269669963,0.6857142857142857,2.7575522695224812,2.1099906967591098,-0.41367780906772245,0.6750700123666433,98,-0.016117455205459725,0.08808198478045644,0.7040816326530612,0.8818494669059577,-0.25006716704301857,-4.81,0.5431249940395355,122,0.06502022752609952,0.08600436989626588,0.6639344262295082,2.147741531833568,3.2650265568771655,-0.8405084773159273,0.7542899138568491,False,False,-0.05775720596848294
continuation_ret_0.40_0.60_cl0.50_rv2_px1,1,long,124,-0.010210729953125131,-0.048236872089686404,0.3387096774193548,0.8677055006234238,-0.4841406244761789,-0.3489830453681454,1.7193576270921367,368,0.002597275825241708,-0.05848682206246058,0.36684782608695654,1.0296933515948428,0.1439873196212606,-0.5067923354891894,4.702418300653595,646,-0.012070934854772461,-0.03793953066453092,0.38235294117647056,0.8491186033128835,-1.3894585719895591,-0.8038679373446793,1.7046891978063334,True,False,-0.05828226058137904
continuation_ret_0.40_0.60_cl0.50_rv10_px1,1,long,85,-0.00995214635480228,-0.03160192653319115,0.3176470588235294,0.8681806664134121,-0.36616077896072396,-0.3489830453681454,1.7193576270921367,232,0.0031171751920633776,-0.07052254790206862,0.3577586206896552,1.034162762700802,0.11926023239407298,-0.5067923354891894,4.702418300653595,360,-0.01338942737682692,-0.03554098635543861,0.3972222222222222,0.8252136161604148,-1.2068673483110512,-0.5612195214992617,1.7046891978063334,False,False,-0.05964115963435168
continuation_ret_0.40_0.60_cl0.90_rv5_px5,2,long,34,0.01720412972397692,-0.0372251565219368,0.4117647058823529,1.2124738098811958,0.248832138943135,-0.37201780415430263,2.0943478260869566,68,0.011565694524609177,-0.08529548586279555,0.3382352941176471,1.0980716171671994,0.24815629448767784,-0.5198445595854922,1.7689472613418313,110,-0.01690671816795208,-0.02563925513196163,0.44545454545454544,0.7537176298527005,-1.0345509131155444,-0.40271651880334147,0.8221167798526445,False,False,-0.06010926766457628
continuation_ret_0.40_0.60_cl0.90_rv2_px10,1,long,39,-0.014896320573755872,-0.06645716525487576,0.358974358974359,0.7939421709351238,-0.5190929561387281,-0.3489830453681454,0.5161538640344614,75,-0.016819736643497583,-0.07712288489552065,0.37333333333333335,0.8259696139554001,-0.5570445691635676,-0.38512953367875646,1.2089348778518152,89,-0.008367780768553306,-0.01807317648795525,0.42696629213483145,0.8599267188742973,-0.5122826073132747,-0.403770144449599,0.6566666666666667,False,False,-0.062045980927805534
failed_spike_cl0.25_rv10_px1,1,short,37,0.0802402025080178,0.032316235285055235,0.6756756756756757,2.9092125505457576,2.1855418438161376,-0.41367780906772245,0.6750700123666433,106,-0.01725622597924567,0.09781469074823752,0.7264150943396226,0.8660281971038855,-0.29106422217869765,-4.81,0.5431249940395355,174,0.04103435004322145,0.07328796131407574,0.6436781609195402,1.6101484293209882,2.315596882917229,-1.3619164700890172,0.5643055608537462,False,False,-0.06277100879121494
failed_spike_cl0.25_rv5_px10,1,short,33,0.07047385801247541,0.032316235285055235,0.6666666666666666,2.537428870631706,1.8568313440176134,-0.41367780906772245,0.6750700123666433,94,-0.019470124192053146,0.09500754572912463,0.6914893617021277,0.8630980250679356,-0.2898074241079985,-4.81,0.5431249940395355,115,0.0630716201935114,0.07952116585704373,0.6608695652173913,2.13828992741192,3.2015320219903356,-0.8405084773159273,0.5643055608537462,False,False,-0.06865867736023035
continuation_ret_0.40_0.60_cl0.90_rv2_px1,20,long,46,0.017825196604103893,-0.02807052521538033,0.391304347826087,1.1605148055115047,0.34953152767530477,-0.6855905451737051,1.2449019562011039,100,-0.017851871012196072,-0.16845307077910582,0.34,0.9206642951767678,-0.26013562005325463,-0.8505951089985913,3.5495055574377643,170,-0.017681124060621584,-0.07431985367126252,0.3764705882352941,0.8852516446431895,-0.48677583029640575,-0.9672994799310713,3.123819761360993,False,False,-0.06873233836364402
continuation_ret_0.40_0.60_cl0.90_rv5_px1,2,long,39,0.042614760283345585,-0.034390206080732504,0.4358974358974359,1.545467450858339,0.6489560420497105,-0.37201780415430263,2.0943478260869566,73,0.0011596208489751555,-0.09023261668038406,0.3287671232876712,1.0096725826840116,0.026465750351291912,-0.5198445595854922,1.7689472613418313,135,-0.01916820152870607,-0.034055041098527965,0.4074074074074074,0.7302045414764783,-1.2917380288740439,-0.40271651880334147,0.8221167798526445,False,False,-0.07070918479155917
continuation_ret_0.40_0.60_cl0.50_rv10_px3,1,long,82,-0.006123727260913689,-0.03141172553078824,0.32926829268292684,0.9173228974834566,-0.21847925724201162,-0.3489830453681454,1.7193576270921367,222,0.005879117485592609,-0.06841912925650072,0.36936936936936937,1.0640090756010494,0.2156622915548553,-0.5067923354891894,4.702418300653595,322,-0.016493449777981777,-0.03554098635543861,0.3944099378881988,0.7875349513174117,-1.4005951691929996,-0.5612195214992617,1.7046891978063334,False,False,-0.07288192564159966
failed_spike_cl0.25_rv10_px5,1,short,36,0.07966045481531545,0.031112053306202765,0.6666666666666666,2.844190679992199,2.1105575764320603,-0.41367780906772245,0.6750700123666433,97,-0.02051110453475139,0.0983333151681083,0.7319587628865979,0.8467061559261759,-0.31824811979148965,-4.81,0.5431249940395355,142,0.04558410225265477,0.07328796131407574,0.647887323943662,1.6969556027119952,2.264532124157972,-1.3619164700890172,0.5643055608537462,False,False,-0.07406391477265198
continuation_ret_0.40_0.60_cl0.90_rv2_px5,1,long,41,-0.020000442554563503,-0.06645716525487576,0.34146341463414637,0.7318841734125843,-0.7211573194255024,-0.3489830453681454,0.5161538640344614,91,-0.01916119746802405,-0.07838593598511155,0.3516483516483517,0.8086182551125125,-0.6989190083856451,-0.38901234902217774,1.2089348778518152,133,-0.0043117270001814525,-0.01807317648795525,0.42857142857142855,0.9232219715842892,-0.3303426983125428,-0.403770144449599,0.6566666666666667,False,False,-0.0747550464884138
continuation_ret_0.40_0.60_cl0.90_rv5_px3,2,long,36,0.0400862046778049,-0.0372251565219368,0.4166666666666667,1.507115970733429,0.5701525287801246,-0.37201780415430263,2.0943478260869566,71,0.0043169906655309565,-0.0854285539899554,0.3380281690140845,1.0359330566787912,0.09593302111891124,-0.5198445595854922,1.7689472613418313,120,-0.022139261140592007,-0.033216354263611296,0.4166666666666667,0.6898088899648572,-1.4373229887619714,-0.40271651880334147,0.8221167798526445,False,False,-0.07994305462527188
continuation_ret_0.40_0.60_cl0.90_rv2_px3,2,long,43,0.03406726518434904,-0.0400601069631411,0.37209302325581395,1.4459762554970008,0.568116624746374,-0.37201780415430263,2.0943478260869566,95,-0.003771269968592756,-0.06991908517693633,0.3473684210526316,0.9662888731940835,-0.10664310887429189,-0.5198445595854922,1.7689472613418313,151,-0.021186803259416746,-0.034055041098527965,0.40397350993377484,0.721092423234712,-1.3636840683064935,-0.4765950519728951,0.9387179152776917,False,False,-0.08017488127015047
continuation_ret_0.40_0.60_cl0.90_rv2_px1,2,long,46,0.036603580121228496,-0.0372251565219368,0.391304347826087,1.4830265751195075,0.6454388205537709,-0.37201780415430263,2.0943478260869566,100,-0.004978907568636996,-0.07593738954380135,0.34,0.954722158784448,-0.1476639751474877,-0.5198445595854922,1.7689472613418313,170,-0.020976820924484923,-0.03746672052566229,0.3941176470588235,0.7273516740265817,-1.4254928441301356,-0.4765950519728951,0.9387179152776917,False,False,-0.080763856773907
continuation_ret_0.40_0.60_cl0.50_rv2_px3,1,long,120,-0.007661965845083746,-0.048236872089686404,0.35,0.9003197339903417,-0.35298385083697453,-0.3489830453681454,1.7193576270921367,351,0.0033856193438594777,-0.05884004884004889,0.3732193732193732,1.0382340130381045,0.17992640571232435,-0.5067923354891894,4.702418300653595,568,-0.017114243613697417,-0.039028844084055374,0.375,0.7905034359522302,-1.8590749868608016,-0.8038679373446793,1.7046891978063334,True,False,-0.08207632771760948
continuation_ret_0.40_0.60_cl0.90_rv5_px10,2,long,32,0.022207382707791337,-0.0372251565219368,0.40625,1.2758324095180635,0.3031354898938075,-0.37201780415430263,2.0943478260869566,52,0.0083128420576869,-0.07674372400846767,0.38461538461538464,1.0700585537419387,0.17067958925992904,-0.5198445595854922,1.267227722772277,73,-0.02356636636354527,-0.012152799157317365,0.4657534246575342,0.6535048891874617,-1.303477739798701,-0.40271651880334147,0.6516681738951366,False,False,-0.08239997818642535
failed_spike_cl0.25_rv10_px3,1,short,37,0.0802402025080178,0.032316235285055235,0.6756756756756757,2.9092125505457576,2.1855418438161376,-0.41367780906772245,0.6750700123666433,104,-0.02289398690888008,0.09500754572912463,0.7211538461538461,0.8256120443101544,-0.37970565843433707,-4.81,0.5431249940395355,157,0.04818397951784518,0.07952116585704373,0.6560509554140127,1.7644806806665714,2.5895346931847962,-1.3619164700890172,0.5643055608537462,False,False,-0.08327884992069924
continuation_ret_0.40_0.60_cl0.90_rv2_px3,1,long,43,-0.013329827443449365,-0.06645716525487576,0.3488372093023256,0.8210920977138516,-0.47122944191529675,-0.3489830453681454,0.5161538640344614,95,-0.0227710997305654,-0.07838593598511155,0.3368421052631579,0.7730185137483719,-0.8630170903510879,-0.38901234902217774,1.2089348778518152,151,-0.015873159853567773,-0.027772467534111105,0.3841059602649007,0.7469050407081105,-1.303229871182069,-0.403770144449599,0.6566666666666667,False,False,-0.0861701595533245
continuation_ret_0.40_0.60_cl0.50_rv10_px3,20,long,82,-0.01989872762357863,-0.07259541070879048,0.3780487804878049,0.8621526139118199,-0.46204619625485105,-0.966923076739678,1.4290243902439024,222,0.007089926518148856,-0.15775922229985173,0.34234234234234234,1.0329208566141785,0.08607046694981096,-0.9313793103448276,15.118205128205128,322,0.13574936174213204,-0.10325825152061129,0.3695652173913043,1.7049985523664177,0.6593295304021962,-1.0005454548922452,65.81464388674324,False,False,-0.08792930566655316
continuation_ret_0.40_0.60_cl0.90_rv2_px1,1,long,46,-0.015296242806457914,-0.06587729333246732,0.32608695652173914,0.7889686353979143,-0.5765366491298456,-0.3489830453681454,0.5161538640344614,100,-0.02300537216006314,-0.0777544104403161,0.33,0.76587640485623,-0.9142927411537617,-0.38901234902217774,1.2089348778518152,170,-0.0156378377800115,-0.024072301702064362,0.38235294117647056,0.7467258897302952,-1.3811991465033615,-0.403770144449599,0.6566666666666667,False,False,-0.08857407844851445
continuation_ret_0.40_0.60_cl0.75_rv10_px1,20,long,50,-0.022789865711865486,-0.06561977841929732,0.36,0.8129346584249798,-0.5008962111940678,-0.6855905451737051,1.2449019562011039,127,0.04046684385811477,-0.15190960891981908,0.36220472440944884,1.1845717274544216,0.31353239565237245,-0.9313793103448276,15.118205128205128,176,0.0017897889411666312,-0.04899922896545538,0.42613636363636365,1.0144367745128355,0.0669854162757824,-0.93578124641799,1.7715697723004975,False,False,-0.08960577817225793
continuation_ret_0.40_0.60_cl0.90_rv5_px3,1,long,36,-0.026371548973391355,-0.06587729333246732,0.3333333333333333,0.6610597652606655,-0.9038851735440717,-0.3489830453681454,0.4659224965154207,71,-0.022353545865623055,-0.08881766178592108,0.323943661971831,0.7901718580511815,-0.6772172680099724,-0.38901234902217774,1.2089348778518152,120,-0.012065528810476574,-0.023153556849502703,0.4,0.7803680208093439,-1.0031347988361594,-0.3933333557487547,0.4330822620085717,False,False,-0.09522549857219326
continuation_ret_0.40_0.60_cl0.90_rv5_px5,20,long,34,0.015287612955663325,-0.009859128816783627,0.4117647058823529,1.148532780227911,0.28911742896377296,-0.6855905451737051,0.8406348001458384,68,-0.026829874046039003,-0.20787738878597423,0.3235294117647059,0.8893338297790547,-0.2916006921099309,-0.8505951089985913,3.5495055574377643,110,0.030564289545734244,-0.0360376462099583,0.44545454545454544,1.2637279185139425,0.705245139547537,-0.6783035714285715,3.123819761360993,False,False,-0.0953895406795899
continuation_ret_0.40_0.60_cl0.50_rv5_px10,1,long,81,-0.022284493378819957,-0.03160192653319115,0.32098765432098764,0.697704779399779,-1.168521630832727,-0.3489830453681454,0.5900000000000001,241,0.005565780936273567,-0.06274725274725278,0.36929460580912865,1.0621685767794307,0.21936991143241621,-0.5067923354891894,4.702418300653595,280,0.0022301537012895103,-0.019964135145777932,0.4357142857142857,1.0320474452034778,0.17484577233047338,-0.5612195214992617,1.1354283028814247,False,False,-0.09820150588797871
continuation_ret_0.40_0.60_cl0.90_rv5_px1,1,long,39,-0.027687701335149483,-0.06529742141005888,0.3076923076923077,0.6316437878253243,-1.024331886597292,-0.3489830453681454,0.4659224965154207,73,-0.023326288445341358,-0.08881766178592108,0.3150684931506849,0.7782653354224093,-0.7264186518353215,-0.38901234902217774,1.2089348778518152,135,-0.011836553040219747,-0.022859210271075618,0.4,0.7786956886688495,-1.0743386169868547,-0.3933333557487547,0.4330822620085717,False,False,-0.10213659258687594
continuation_ret_0.40_0.60_cl0.75_rv5_px1,2,long,64,-0.011153324669200385,-0.04277742628100955,0.359375,0.8831521035752969,-0.2598921003770739,-0.5386195411879331,2.0943478260869566,183,-0.02390368859559476,-0.08195569391066636,0.36065573770491804,0.7936632361695851,-1.0297688375338354,-0.7044827586206897,1.7689472613418313,289,-0.024920520805007243,-0.04028262581842878,0.39792387543252594,0.7046222076126019,-2.121402664665229,-0.8969346769038892,0.8247457501551068,False,False,-0.1040279048075916
continuation_ret_0.40_0.60_cl0.90_rv5_px10,1,long,32,-0.029910927667195157,-0.06587729333246732,0.34375,0.6039291528983602,-1.0246669234214163,-0.3489830453681454,0.4659224965154207,52,-0.013972645172005646,-0.08177417686037362,0.36538461538461536,0.8635062298709045,-0.34875222319732657,-0.38512953367875646,1.2089348778518152,73,-0.011912890293344894,-0.017607789785994858,0.4246575342465753,0.7729651483253529,-0.830263106669964,-0.3176923076923077,0.27737106655442156,False,False,-0.10458378475882482
continuation_ret_0.40_0.60_cl0.75_rv5_px5,2,long,57,-0.024936343763237594,-0.040323814230074466,0.3508771929824561,0.7389845605100659,-0.5644028825257166,-0.5386195411879331,2.0943478260869566,169,-0.019098542625475855,-0.07399999999999994,0.3609467455621302,0.836342976829956,-0.7660469270201627,-0.7044827586206897,1.7689472613418313,233,-0.02580025596093358,-0.03720201645298248,0.41201716738197425,0.6933886480079727,-1.9476739322592667,-0.8969346769038892,0.8247457501551068,False,False,-0.10476046898688134
continuation_ret_0.40_0.60_cl0.50_rv2_px10,1,long,98,-0.02293175197431636,-0.05993446461598783,0.3163265306122449,0.6979600136724566,-1.3038753833302,-0.3489830453681454,0.5900000000000001,287,0.002847797370038584,-0.05166666666666663,0.3902439024390244,1.032418458480343,0.13105461880771618,-0.5067923354891894,4.702418300653595,348,-0.008872885987043588,-0.032002377703406686,0.4051724137931034,0.8888309879840173,-0.7214447051410083,-0.8038679373446793,1.3172727619517934,False,False,-0.10537414869554418
failed_spike_cl0.25_rv10_px10,1,short,32,0.07283861580628678,0.03544228899087743,0.6875,2.5461789287902277,1.8636939329802993,-0.41367780906772245,0.6750700123666433,84,-0.031034583438169887,0.09500754572912463,0.7142857142857143,0.7893650490759879,-0.4190818072973941,-4.81,0.5431249940395355,102,0.06748263270634858,0.0812154032752382,0.6764705882352942,2.2306685189576165,3.152605192197534,-0.8405084773159273,0.5643055608537462,False,False,-0.1085126556585234
continuation_ret_0.40_0.60_cl0.75_rv2_px5,2,long,71,-0.02606320879957846,-0.04523103833194463,0.3380281690140845,0.7126254433102387,-0.7173222464074298,-0.5386195411879331,2.0943478260869566,202,-0.022883886816707416,-0.07120955026947888,0.3613861386138614,0.7975742735729983,-1.0592913563250086,-0.7044827586206897,1.7689472613418313,290,-0.024252591304718216,-0.03927462743137449,0.4,0.7362643904690254,-1.756152651383953,-0.8969346769038892,0.9387179152776917,False,False,-0.11146364202599832
continuation_ret_0.40_0.60_cl0.75_rv2_px3,2,long,75,-0.018157350556584715,-0.058333358764648395,0.3333333333333333,0.8026795941973343,-0.49141587271655357,-0.5386195411879331,2.0943478260869566,209,-0.025802793688778285,-0.07250001536202143,0.3588516746411483,0.7722689492164142,-1.2301689833048635,-0.7044827586206897,1.7689472613418313,329,-0.02611491396565902,-0.04536351665613691,0.3860182370820669,0.7191860950034085,-2.0415608164798136,-0.8969346769038892,0.9387179152776917,False,False,-0.11309672858978866
continuation_ret_0.40_0.60_cl0.90_rv2_px3,20,long,43,-0.021625035768057972,-0.06163043478260865,0.3488372093023256,0.8179677963409564,-0.48060760522177115,-0.6855905451737051,0.8406348001458384,95,-0.030239772578234656,-0.22417007093637842,0.3263157894736842,0.8710646825242712,-0.4225609470701908,-0.8505951089985913,3.5495055574377643,151,-0.02028050487247653,-0.06691358778211808,0.37748344370860926,0.8648680872323747,-0.5363088252418593,-0.9672994799310713,3.123819761360993,False,False,-0.11443303392260128
continuation_ret_0.40_0.60_cl0.50_rv10_px10,1,long,63,-0.02788347775546975,-0.03160192653319115,0.2857142857142857,0.6195936185281075,-1.3404830244143633,-0.3489830453681454,0.5900000000000001,183,0.002768402872776,-0.06274725274725278,0.3825136612021858,1.0304375460380661,0.08807478592760357,-0.5067923354891894,4.702418300653595,187,-0.006190945237384868,-0.01807317648795525,0.44385026737967914,0.9151719645648118,-0.40350549961231935,-0.5612195214992617,1.1354283028814247,False,False,-0.11596412394245885
continuation_ret_0.40_0.60_cl0.75_rv2_px1,2,long,78,-0.014652936014030154,-0.051782198548296514,0.34615384615384615,0.8390841127832027,-0.4076461225832215,-0.5386195411879331,2.0943478260869566,222,-0.026717511703388267,-0.07391772806240775,0.35585585585585583,0.7599150105828871,-1.346257492256288,-0.7044827586206897,1.7689472613418313,374,-0.020424611745658478,-0.04548591263073908,0.39037433155080214,0.7766876153624349,-1.6774180690955667,-0.8969346769038892,1.03554221107704,False,False,-0.11674077413563237
continuation_ret_0.40_0.60_cl0.90_rv2_px5,3,long,41,-0.03197038419386339,-0.02869154757465097,0.3902439024390244,0.6052721811651277,-1.1002687261867772,-0.5438582617091381,0.5117391304347827,91,-0.03063612936928947,-0.07143342265974505,0.3626373626373626,0.7477110561553345,-1.042751033287897,-0.5384974093264249,1.2636843176055372,133,-0.02129502507484457,-0.03605597330758114,0.38345864661654133,0.7654987934360437,-1.1133327465121006,-0.4397959308235013,1.1011111111111112,False,False,-0.11949473368625001
continuation_ret_0.40_0.60_cl0.75_rv2_px10,2,long,62,-0.021208389976726288,-0.051782198548296514,0.3064516129032258,0.7542082810728861,-0.5253101316423802,-0.5386195411879331,2.0943478260869566,171,-0.01709144306977254,-0.05687507761021148,0.391812865497076,0.8448565946991506,-0.7555143766520603,-0.7044827586206897,1.515,202,-0.029683929812753446,-0.038715233475631376,0.39603960396039606,0.6945555156016685,-1.7203448877403302,-0.8969346769038892,0.9387179152776917,False,False,-0.1229845204229877
continuation_ret_0.40_0.60_cl0.75_rv5_px3,2,long,61,-0.015289919040628304,-0.04523103833194463,0.3442622950819672,0.8421246088001557,-0.34367218165104113,-0.5386195411879331,2.0943478260869566,175,-0.02260938530890704,-0.08195569391066636,0.36,0.8072332650080276,-0.9343850292426691,-0.7044827586206897,1.7689472613418313,258,-0.030025855741172308,-0.039934228535881626,0.3953488372093023,0.6531893384473271,-2.411338733397206,-0.8969346769038892,0.8247457501551068,False,False,-0.1239207416697958
continuation_ret_0.40_0.60_cl0.50_rv10_px10,20,long,63,-0.029797438230944953,-0.06852415475091432,0.38095238095238093,0.7772924484641984,-0.6791413872535338,-0.966923076739678,1.4290243902439024,183,0.017625448337091808,-0.18919080497754037,0.32786885245901637,1.0772247390785805,0.17755126323724799,-0.9313793103448276,15.118205128205128,187,0.2593348645760814,-0.09866991648819333,0.35294117647058826,2.2369048255079402,0.7329288242829484,-1.0005454548922452,65.81464388674324,False,False,-0.1239240617861317
continuation_ret_0.40_0.60_cl0.90_rv5_px5,1,long,34,-0.03518268610914322,-0.06587729333246732,0.3235294117647059,0.5495639342505806,-1.2558654915468048,-0.3489830453681454,0.4659224965154207,68,-0.01777597456282593,-0.08699003976077839,0.3382352941176471,0.8317765905669343,-0.5185710996030284,-0.38901234902217774,1.2089348778518152,110,-0.00548434027428337,-0.017840483136975054,0.42727272727272725,0.891690435330945,-0.4387193413516211,-0.3933333557487547,0.4330822620085717,False,False,-0.12508669485613286
continuation_ret_0.40_0.60_cl0.90_rv2_px1,3,long,46,0.019837614605168884,-0.02807593251748424,0.41304347826086957,1.2424531090470359,0.39068867170653837,-0.5438582617091381,1.8160870151123174,100,-0.03251357340751932,-0.07500696887745566,0.36,0.7301703091571488,-1.176653340612589,-0.5384974093264249,1.2636843176055372,170,-0.026265376548495322,-0.04633781409325687,0.37058823529411766,0.7223600073988674,-1.4980809782308349,-0.4397959308235013,1.1443624279203835,False,False,-0.12518205667798443
continuation_ret_0.40_0.60_cl0.75_rv5_px10,2,long,49,-0.016741474444707777,-0.040323814230074466,0.32653061224489793,0.811677217398142,-0.3359757747124859,-0.5386195411879331,2.0943478260869566,139,-0.012265412103310544,-0.05687507761021148,0.39568345323741005,0.8927858044983825,-0.4607668792081231,-0.7044827586206897,1.515,160,-0.03265477463854012,-0.03525457618947369,0.4125,0.6218630319675144,-2.0655533534432067,-0.8969346769038892,0.6710344461406266,False,False,-0.12774622962304052
continuation_ret_0.40_0.60_cl0.50_rv10_px1,5,long,85,-0.02191964839579988,-0.06485236719663055,0.35294117647058826,0.8024175863028944,-0.6352534759485283,-0.639230756026048,1.5889582722152882,232,-0.005187902091595659,-0.12198211023988191,0.36637931034482757,0.9651587658391138,-0.15124126763325862,-0.8568965517241379,3.9892307232808957,360,-0.02961663847347064,-0.08161737114464772,0.39166666666666666,0.7762900401400753,-1.6369022497818488,-0.9815909090909091,1.9536362907315106,False,False,-0.13192279350842154
continuation_ret_0.40_0.60_cl0.90_rv2_px10,3,long,39,-0.032826681120143246,-0.02869154757465097,0.38461538461538464,0.6039113986241484,-1.078356429531323,-0.5438582617091381,0.5117391304347827,75,-0.03675468755567746,-0.05492185942945093,0.4,0.6943745906442913,-1.2694537861392714,-0.5384974093264249,0.5818781988932886,89,-0.024639060032469184,-0.03605597330758114,0.38202247191011235,0.7386583093966486,-1.0237155618175287,-0.4397959308235013,1.1011111111111112,False,False,-0.13558361176651573
continuation_ret_0.40_0.60_cl0.75_rv2_px10,1,long,62,-0.03305450115283423,-0.06842182070254114,0.3387096774193548,0.5771565883076692,-1.5926273047150425,-0.3489830453681454,0.5161538640344614,171,-0.0189355112106109,-0.06969538774622551,0.3742690058479532,0.8030840304258376,-0.9604306538712314,-0.5067923354891894,1.4741912213493797,202,-0.012951356997521559,-0.023004220808237767,0.42574257425742573,0.81765759040272,-0.9840897720612835,-0.8038679373446793,0.8024306326304107,False,False,-0.13694925158985646
continuation_ret_0.40_0.60_cl0.90_rv2_px3,3,long,43,0.010003217638178118,-0.02869154757465097,0.3953488372093023,1.1266641710824636,0.19554557309013937,-0.5438582617091381,1.8160870151123174,95,-0.036591053539827924,-0.07858051509516627,0.35789473684210527,0.7051896164956976,-1.2807561552509417,-0.5384974093264249,1.2636843176055372,151,-0.030348006669019746,-0.04281027269098591,0.36423841059602646,0.6774772053848302,-1.7488864384109284,-0.4397959308235013,1.1011111111111112,False,False,-0.13846748549956492
continuation_ret_0.40_0.60_cl0.75_rv5_px10,1,long,49,-0.035938545421770746,-0.06529742141005888,0.3469387755102041,0.5321764152815844,-1.6115258607958836,-0.3489830453681454,0.4659224965154207,139,-0.018264972148086405,-0.07712288489552065,0.3597122302158273,0.8167678527402297,-0.7881620367541377,-0.5067923354891894,1.4741912213493797,160,-0.00283069928242802,-0.017798558583489048,0.45,0.9503165462426947,-0.2307690682142467,-0.4204361307086394,0.8024306326304107,False,False,-0.14059241647159154
continuation_ret_0.40_0.60_cl0.90_rv5_px5,3,long,34,-0.029302017556523584,-0.024939693232149333,0.4117647058823529,0.6107228315014388,-0.9255599719854755,-0.5438582617091381,0.5117391304347827,68,-0.040133762073452144,-0.09468945283624129,0.3088235294117647,0.7086329447108528,-1.0791578484445477,-0.5384974093264249,1.2636843176055372,110,-0.023527506886222262,-0.027918410874101178,0.4,0.7247430788687028,-1.2723703207795838,-0.4197222373853937,0.7126276627032722,False,False,-0.14268949318812543
continuation_ret_0.40_0.60_cl0.50_rv5_px1,20,long,106,-0.03059817384638651,-0.07259541070879048,0.36792452830188677,0.805287634454015,-0.7824106936873659,-0.966923076739678,1.4290243902439024,314,0.00748645246024146,-0.1696888611757943,0.34394904458598724,1.0352845411616411,0.12200588092003788,-0.9313793103448276,15.118205128205128,520,0.024354818209363912,-0.15232454248467509,0.3326923076923077,1.1083340270854714,0.18976517632061726,-1.0005454548922452,65.81464388674324,True,False,-0.14298002903127305
continuation_ret_0.40_0.60_cl0.50_rv10_px5,20,long,76,-0.033279673600812826,-0.07259541070879048,0.3815789473684211,0.768033572469821,-0.7865262610654535,-0.966923076739678,1.4290243902439024,214,0.010730620578841324,-0.16447210579933835,0.34579439252336447,1.0492678696151303,0.12564883607276883,-0.9313793103448276,15.118205128205128,274,0.16827538476535978,-0.10325825152061129,0.36496350364963503,1.853917060766458,0.6959383611684807,-1.0005454548922452,65.81464388674324,False,False,-0.14456042662473167
continuation_ret_0.40_0.60_cl0.90_rv2_px1,5,long,46,0.0046125952815470675,-0.0548363407420353,0.34782608695652173,1.0478022968811929,0.09765663495256693,-0.5879527679203064,1.5889582722152882,100,-0.03812620579523831,-0.08882983048595643,0.39,0.7232877678235536,-1.0699524370455822,-0.6436996336996337,2.2531578947368422,170,-0.021110810281858298,-0.04544146781673374,0.4117647058823529,0.8147237567441906,-0.904525954361587,-0.8992094653469531,1.6323355970528912,False,False,-0.1467915198048409
continuation_ret_0.40_0.60_cl0.90_rv2_px3,5,long,43,-0.03120372505526798,-0.0581036482496372,0.32558139534883723,0.6731524935616217,-0.9744142403074865,-0.5879527679203064,0.570156037316268,95,-0.03916824268594597,-0.0908678500986193,0.3894736842105263,0.7225022053032384,-1.0483228289372875,-0.6436996336996337,2.2531578947368422,151,-0.013926666921151675,-0.04458216800814329,0.41721854304635764,0.8738918250140091,-0.5523141532461932,-0.8992094653469531,1.6323355970528912,False,False,-0.1482200579509515
continuation_ret_0.40_0.60_cl0.75_rv10_px10,1,long,38,-0.04102784613460226,-0.06587729333246732,0.3157894736842105,0.4612186037777294,-1.7319274944446055,-0.3489830453681454,0.4659224965154207,102,-0.03860864710446437,-0.0777544104403161,0.35294117647058826,0.6256043207307586,-1.5455638021737144,-0.5067923354891894,1.4741912213493797,98,-0.008536831876647938,-0.0023602977695946683,0.4897959183673469,0.8346947518387255,-0.6946891067289718,-0.4204361307086394,0.26663385241561355,False,False,-0.1503080435220373
continuation_ret_0.40_0.60_cl0.90_rv2_px5,5,long,41,-0.03914543245522003,-0.0581036482496372,0.3170731707317073,0.5972369568902738,-1.226891011950061,-0.5879527679203064,0.570156037316268,91,-0.04111428902703981,-0.1034988146571839,0.37362637362637363,0.712179043566327,-1.0652505119787108,-0.6436996336996337,2.2531578947368422,133,-0.002835000506353221,-0.027520805722867962,0.43609022556390975,0.9728668298352328,-0.10294104955913642,-0.8992094653469531,1.6323355970528912,False,False,-0.15367162897368797
continuation_ret_0.40_0.60_cl0.75_rv10_px10,20,long,38,-0.03551800465818774,-0.06756398114324429,0.34210526315789475,0.6917141265745214,-0.813038907733943,-0.6855905451737051,0.7160788478134974,102,0.0582137993562395,-0.16447210579933835,0.3431372549019608,1.2462094901890688,0.3639859054552859,-0.9313793103448276,15.118205128205128,98,-0.0432167059501139,-0.052423143038003876,0.40816326530612246,0.6864707875840724,-1.3516910880631485,-0.93578124641799,1.005086141043224,False,False,-0.15832706639090016
continuation_ret_0.40_0.60_cl0.50_rv10_px1,2,long,85,-0.009460995732502716,-0.043126262927420826,0.35294117647058826,0.8965394907000832,-0.27530754028833154,-0.516923088660607,1.9762385456554614,232,0.0077980776777849346,-0.0628138596258122,0.3577586206896552,1.0713901298632698,0.29051744056304185,-0.7044827586206897,3.6697385620915037,360,-0.03629736608044459,-0.04905701361649311,0.39444444444444443,0.6494532773642631,-3.0661061028797514,-0.9009090909090909,0.9672726410676644,False,False,-0.16168107446155214
continuation_ret_0.40_0.60_cl0.50_rv10_px5,2,long,76,-0.0009968858028596296,-0.04019196059660778,0.35526315789473684,0.9887578336636248,-0.026319950762578894,-0.516923088660607,1.9762385456554614,214,0.008107816504737561,-0.05684891359835669,0.3598130841121495,1.0747266463590004,0.2913527994115492,-0.7044827586206897,3.6697385620915037,274,-0.03776352067525739,-0.041054164815482845,0.40875912408759124,0.6252225828018614,-2.8756793813126538,-0.9009090909090909,0.8247457501551068,False,False,-0.16403738585746674
continuation_ret_0.40_0.60_cl0.50_rv10_px10,5,long,63,-0.0402914799712951,-0.05666665395100911,0.3492063492063492,0.6018939491822645,-1.2802957290054808,-0.639230756026048,1.264390243902439,183,0.0027485453727646,-0.11745398498309144,0.366120218579235,1.01849393485448,0.06632399474426945,-0.8568965517241379,3.9892307232808957,187,-0.03763113193531045,-0.07239925663670908,0.4117647058823529,0.723451689709289,-1.5068030919922035,-0.9815909090909091,1.5762068823770166,False,False,-0.1675675544561442
continuation_ret_0.40_0.60_cl0.75_rv2_px5,1,long,71,-0.03940945192794533,-0.06645716525487576,0.352112676056338,0.5108902419802998,-2.0696294294245132,-0.3489830453681454,0.5161538640344614,202,-0.024948865209488986,-0.0752834752412506,0.35148514851485146,0.7469128120948508,-1.4087941926555718,-0.5067923354891894,1.4741912213493797,290,-0.005004625800146016,-0.02382098547345595,0.43103448275862066,0.925722120361977,-0.4193732424879911,-0.8038679373446793,1.7046891978063334,False,False,-0.16854106782923575
continuation_ret_0.40_0.60_cl0.75_rv5_px1,5,long,64,-0.04036337946584902,-0.06520395853219028,0.359375,0.6449443678457008,-1.1181973806381116,-0.5879527679203064,1.5889582722152882,183,-0.04037964861933814,-0.11745398498309144,0.37158469945355194,0.7324112995025192,-1.2685208291245913,-0.8568965517241379,2.938717948717949,289,-0.022912759942116074,-0.06243449472050199,0.41522491349480967,0.8109684856805963,-1.1554460906626585,-0.8818592994926716,2.0796550321030893,False,False,-0.16856029115942406
continuation_ret_0.40_0.60_cl0.75_rv2_px3,1,long,75,-0.03908354411475375,-0.07038647615020653,0.3466666666666667,0.5307054824197689,-2.0288321718930282,-0.3489830453681454,0.5161538640344614,209,-0.0269240315374062,-0.07712288489552065,0.3444976076555024,0.7257186542838969,-1.5689282790170198,-0.5067923354891894,1.4741912213493797,329,-0.00841529148963866,-0.02951219512195124,0.41033434650455924,0.8808513403551038,-0.7497901032141358,-0.8038679373446793,1.7046891978063334,False,False,-0.1692604075543157
continuation_ret_0.40_0.60_cl0.75_rv2_px1,3,long,78,-0.03232829412326179,-0.04921367236778428,0.34615384615384615,0.6750018447630968,-0.9909375800995942,-0.5438582617091381,1.8160870151123174,222,-0.039088358318049535,-0.07017533792500856,0.35585585585585583,0.6837099154352212,-2.0388547198416855,-0.8341379310344827,1.2636843176055372,374,-0.02665608897358734,-0.05223409376318965,0.393048128342246,0.7504444512263372,-1.9142983833142968,-0.9099999960263571,1.317586303757052,False,False,-0.17079454330926297
continuation_ret_0.40_0.60_cl0.75_rv2_px1,1,long,78,-0.03925269740558042,-0.06842182070254114,0.3333333333333333,0.5198488916037617,-2.1148058538757857,-0.3489830453681454,0.5161538640344614,222,-0.025301509567285784,-0.07192487265540663,0.33783783783783783,0.7348567049431354,-1.5464091358136771,-0.5067923354891894,1.4741912213493797,374,-0.0022615804292883063,-0.028032566587619316,0.4144385026737968,0.9672757682520363,-0.21062283164742743,-0.8038679373446793,1.7046891978063334,False,False,-0.1715126143823512
continuation_ret_0.40_0.60_cl0.50_rv10_px5,5,long,76,-0.03353682534425504,-0.05994823846744806,0.35526315789473684,0.6786268692555771,-1.1004590278789346,-0.639230756026048,1.264390243902439,214,0.0011503087109052846,-0.11937104736727853,0.3644859813084112,1.0077584419218346,0.03131754911213857,-0.8568965517241379,3.9892307232808957,274,-0.03992529763928501,-0.07377242638135771,0.3905109489051095,0.6911891752104685,-2.0927309375684633,-0.9815909090909091,1.5762068823770166,False,False,-0.17342772435464834
continuation_ret_0.40_0.60_cl0.75_rv2_px3,3,long,75,-0.04005331806680707,-0.05347823416160868,0.3333333333333333,0.5935594210352284,-1.2466621265906428,-0.5438582617091381,1.8160870151123174,209,-0.03824274927461676,-0.07143342265974505,0.36363636363636365,0.6953266923094085,-1.8995286779854075,-0.8341379310344827,1.2636843176055372,329,-0.033846913779128955,-0.05011340897956062,0.3860182370820669,0.6873804989353706,-2.3715361084779354,-0.9099999960263571,1.317586303757052,False,False,-0.17346023994101423
continuation_ret_0.40_0.60_cl0.75_rv5_px3,3,long,61,-0.034719808656889624,-0.04225808958670573,0.3442622950819672,0.644295766422647,-0.9045891976739145,-0.5438582617091381,1.8160870151123174,175,-0.04245878540181863,-0.08993796417145204,0.3314285714285714,0.680120310477884,-1.8410671464383008,-0.8341379310344827,1.2636843176055372,258,-0.03658162395420842,-0.04174433820664141,0.3953488372093023,0.6400357338754259,-2.5340988851435395,-0.906356785913895,1.317586303757052,False,False,-0.17523311317909626
continuation_ret_0.40_0.60_cl0.90_rv5_px3,3,long,36,0.020684875374118217,-0.024939693232149333,0.4166666666666667,1.2826616595758815,0.34837022485054625,-0.5438582617091381,1.8160870151123174,71,-0.04887124045894208,-0.1055881809830793,0.29577464788732394,0.6566972770624706,-1.351391635544849,-0.5384974093264249,1.2636843176055372,120,-0.027866351355156072,-0.03689759887341398,0.38333333333333336,0.6764982607778506,-1.614756549786326,-0.4197222373853937,0.7126276627032722,False,False,-0.17647003758633711
continuation_ret_0.40_0.60_cl0.50_rv2_px1,2,long,124,0.004753639955957489,-0.04456467170834521,0.3548387096774194,1.052738661032181,0.151411620951824,-0.5386195411879331,2.0943478260869566,368,0.008852011874426502,-0.06105174448875899,0.37771739130434784,1.0847932745330762,0.4463429186996903,-0.7044827586206897,3.6697385620915037,646,-0.03672428195504283,-0.05746592239404346,0.369969040247678,0.6617858936602763,-3.743033314489253,-0.9009090909090909,1.5354545454545454,True,False,-0.1773163550560963
continuation_ret_0.40_0.60_cl0.50_rv10_px10,2,long,63,-0.042729266640007965,-0.043126262927420826,0.30158730158730157,0.5250638767174022,-1.6024453943184034,-0.516923088660607,1.0448780487804876,183,0.005678675536822094,-0.05270275219066722,0.3770491803278688,1.0517780723498218,0.18875613532335478,-0.7044827586206897,3.6697385620915037,187,-0.038296731049941246,-0.04028262581842878,0.41711229946524064,0.6353003234492383,-2.274226063277831,-0.9009090909090909,0.7649999761581421,False,False,-0.17770602419349388
continuation_ret_0.40_0.60_cl0.75_rv5_px5,1,long,57,-0.0441850648743202,-0.06529742141005888,0.3508771929824561,0.45700994036185033,-2.1588407369817864,-0.3489830453681454,0.4659224965154207,169,-0.024584242246475443,-0.07909090909090909,0.33727810650887574,0.7575912827138224,-1.2105519925115404,-0.5067923354891894,1.4741912213493797,233,0.0025446565348156286,-0.01807317648795525,0.44635193133047213,1.0447723812046794,0.20758302757159683,-0.4204361307086394,1.7046891978063334,False,False,-0.17941093783947357
continuation_ret_0.40_0.60_cl0.75_rv5_px3,1,long,61,-0.043471203599322356,-0.06645716525487576,0.3442622950819672,0.4864609649463341,-2.0823992171509365,-0.3489830453681454,0.4659224965154207,175,-0.026862507085880106,-0.08275323997574045,0.3314285714285714,0.7344287001901633,-1.3658520471418307,-0.5067923354891894,1.4741912213493797,258,-0.005131730103717822,-0.023153556849502703,0.4263565891472868,0.915567241139541,-0.4498018109370158,-0.4204361307086394,1.7046891978063334,False,False,-0.17941149913405924
continuation_ret_0.40_0.60_cl0.50_rv2_px10,2,long,98,-0.02353563702342546,-0.049141950474601175,0.30612244897959184,0.7349311808865235,-0.7985410611422231,-0.5386195411879331,2.0943478260869566,287,0.008881371934887009,-0.046169518414520876,0.40069686411149824,1.0854223517181683,0.4008388534175749,-0.7044827586206897,3.6697385620915037,348,-0.03906612734643756,-0.04640945624451786,0.3850574712643678,0.6557564511425323,-2.717272282885224,-0.9009090909090909,1.5354545454545454,False,False,-0.17951353723750096
continuation_ret_0.40_0.60_cl0.90_rv5_px1,3,long,39,0.03146275453498375,-0.022419069003981155,0.4358974358974359,1.4087046043267337,0.5393272046047054,-0.5438582617091381,1.8160870151123174,73,-0.04902936741952731,-0.10371430533272884,0.2876712328767123,0.6496726438907445,-1.3937932306679917,-0.5384974093264249,1.2636843176055372,135,-0.017341936395875418,-0.03605597330758114,0.4,0.7932811210458539,-0.9499473044519517,-0.4197222373853937,1.1443624279203835,False,False,-0.18086342612209752
continuation_ret_0.40_0.60_cl0.90_rv5_px10,3,long,32,-0.03017885652059342,-0.024939693232149333,0.40625,0.6091379664833421,-0.9008097023046373,-0.5438582617091381,0.5117391304347827,52,-0.051880954135869496,-0.09562639066141652,0.34615384615384615,0.6322349784788975,-1.3581630721247608,-0.5384974093264249,0.5818781988932886,73,-0.03324218134015985,-0.029375705695899416,0.3972602739726027,0.6304521268359733,-1.537257358066308,-0.4197222373853937,0.5944986613701841,False,False,-0.18140214843216335
continuation_ret_0.40_0.60_cl0.75_rv5_px1,1,long,64,-0.04347168763417821,-0.06587729333246732,0.328125,0.47447477493107315,-2.1792600264351973,-0.3489830453681454,0.4659224965154207,183,-0.025166130989592313,-0.07838593598511155,0.3224043715846995,0.7454973492888309,-1.3227884640043857,-0.5067923354891894,1.4741912213493797,289,-0.002751472666304564,-0.023149231345399916,0.42560553633217996,0.9539539024069843,-0.2582335104082044,-0.4204361307086394,1.7046891978063334,False,False,-0.1814676594609931
continuation_ret_0.40_0.60_cl0.75_rv10_px5,1,long,45,-0.04419863548327214,-0.06529742141005888,0.3333333333333333,0.4218329579913961,-2.1048041700935998,-0.3489830453681454,0.4659224965154207,120,-0.0475217420848281,-0.08640699560620034,0.325,0.5515450624932883,-2.1647640917709765,-0.5067923354891894,1.4741912213493797,144,0.004877865989820967,-0.01207261946522025,0.4791666666666667,1.0947174002316145,0.3073726101065672,-0.4204361307086394,1.7046891978063334,False,False,-0.18194370897925086
continuation_ret_0.60_1.00_cl0.50_rv5_px1,1,long,51,-0.04660623208942832,-0.0783823734624982,0.35294117647058826,0.5573833039757635,-1.5924074143778042,-0.4187804933873619,0.7128915662650603,165,-0.01073642344407221,-0.1139426196588995,0.3151515151515151,0.9170596445453434,-0.36433323217426633,-0.9221666643354628,2.001428651355562,294,-0.013688374116360499,-0.06786214499633302,0.3435374149659864,0.8787859789308246,-0.6495081102536762,-0.8024066135946112,2.7569905070052245,False,False,-0.18415258179010183
continuation_ret_0.60_1.00_cl0.50_rv5_px3,1,long,47,-0.04790931412602216,-0.08306889507994829,0.3404255319148936,0.5614574833535024,-1.520604556825512,-0.4187804933873619,0.7128915662650603,161,-0.01092131650377779,-0.1139426196588995,0.3105590062111801,0.9153484866374939,-0.3643181531119123,-0.9221666643354628,2.001428651355562,264,-0.01564118263771189,-0.07472303829473563,0.32954545454545453,0.8637485234397788,-0.6860740796477749,-0.8024066135946112,2.7569905070052245,False,False,-0.18546658527656068
continuation_ret_0.60_1.00_cl0.50_rv5_px10,1,long,39,-0.050618440635084326,-0.08545730028609498,0.3076923076923077,0.5553881518058971,-1.4068866737502692,-0.4187804933873619,0.7128915662650603,133,-0.035002861435383587,-0.11294121137349376,0.2932330827067669,0.7350398189668845,-1.2453249260044197,-0.9221666643354628,1.7609922274817482,167,-0.028374524840527843,-0.09223210877727793,0.32934131736526945,0.7796987544591625,-0.9292867578356135,-0.8024066135946112,2.7569905070052245,False,False,-0.18672532565804856
continuation_ret_0.40_0.60_cl0.90_rv10_px10,1,long,25,-0.05758233525629729,-0.07038647615020653,0.28,0.3583277690883335,-1.8377699924962494,-0.3489830453681454,0.4659224965154207,34,-0.02796657842461377,-0.08177417686037362,0.38235294117647056,0.7370565842929993,-0.6157056374050066,-0.38512953367875646,0.9626368543968988,46,-0.0033733553138912287,0.001595450589087952,0.5,0.9265961251836202,-0.19697510640677812,-0.29571431565696316,0.24714290064780942,False,False,-0.18760880714973452
continuation_ret_0.40_0.60_cl0.50_rv10_px3,2,long,82,-0.004277030427128393,-0.041725038578747646,0.35365853658536583,0.9517031798933991,-0.12100326187450511,-0.516923088660607,1.9762385456554614,222,0.013245551909033587,-0.05684891359835669,0.36036036036036034,1.122782312879698,0.474648900182353,-0.7044827586206897,3.6697385620915037,322,-0.0424742164908223,-0.05407829649729017,0.38819875776397517,0.595212211665228,-3.5040640703833135,-0.9009090909090909,0.8247457501551068,False,False,-0.18768679261398952
continuation_ret_0.40_0.60_cl0.50_rv5_px1,2,long,106,0.013564524175556193,-0.041725038578747646,0.36792452830188677,1.1487469854052779,0.3751269143314963,-0.5386195411879331,2.0943478260869566,314,0.011929142086322507,-0.06252100091823042,0.37579617834394907,1.1119525649339046,0.5315005639723992,-0.7044827586206897,3.6697385620915037,520,-0.04026341209150382,-0.05271000196274527,0.38269230769230766,0.6158868376918991,-4.109854644756643,-0.9009090909090909,0.9672726410676644,True,False,-0.18814403299500118
continuation_ret_0.40_0.60_cl0.50_rv2_px5,2,long,113,4.1261486397540704e-05,-0.043898305084745785,0.34513274336283184,1.0004596731831654,0.0012523532551085518,-0.5386195411879331,2.0943478260869566,336,0.009939819096410087,-0.057679963047529974,0.38095238095238093,1.095219491321552,0.4759634689408742,-0.7044827586206897,3.6697385620915037,493,-0.039801493290256486,-0.049301310043668105,0.3752535496957404,0.6328282371991976,-3.5439265521005843,-0.9009090909090909,1.5354545454545454,True,False,-0.1885077707650967
continuation_ret_0.40_0.60_cl0.75_rv5_px1,3,long,64,-0.025554943979283713,-0.03547481858067835,0.359375,0.7412964205514913,-0.6598188511729104,-0.5438582617091381,1.8160870151123174,183,-0.04527135480581189,-0.08964606699232812,0.3224043715846995,0.6564718629279525,-2.0446918055395944,-0.8341379310344827,1.2636843176055372,289,-0.027544715719268045,-0.03864580665482153,0.4083044982698962,0.720828191290204,-1.9486365042536995,-0.906356785913895,1.317586303757052,False,False,-0.1889801671923098
continuation_ret_0.40_0.60_cl0.75_rv10_px5,20,long,45,-0.049671166971728534,-0.06660380753557425,0.35555555555555557,0.5965897229386854,-1.247373241668588,-0.6855905451737051,0.7160788478134974,120,0.0354526639727614,-0.16447210579933835,0.35,1.155058586913489,0.2598715594254494,-0.9313793103448276,15.118205128205128,144,-0.007625107659639946,-0.04899922896545538,0.4236111111111111,0.9406322030044502,-0.26652026708508003,-0.93578124641799,1.2031866533389814,False,False,-0.19017308607988176
continuation_ret_0.40_0.60_cl0.50_rv5_px10,2,long,81,-0.01719299407067467,-0.043126262927420826,0.32098765432098764,0.8063365680848305,-0.49465925615654294,-0.5386195411879331,2.0943478260869566,241,0.010722535966547113,-0.052444878806849886,0.3941908713692946,1.1010909107405629,0.4249443369650611,-0.7044827586206897,3.6697385620915037,280,-0.043326194838202846,-0.04041222313547859,0.40714285714285714,0.5940948742754729,-3.1507528390446065,-0.9009090909090909,0.7649999761581421,False,False,-0.19092637670422963
continuation_ret_0.40_0.60_cl0.50_rv5_px5,2,long,95,0.008979481642454193,-0.040323814230074466,0.35789473684210527,1.0988163463616807,0.23296813592985788,-0.5386195411879331,2.0943478260869566,288,0.01272905663132371,-0.057679963047529974,0.375,1.1201698906826192,0.5421351132134546,-0.7044827586206897,3.6697385620915037,402,-0.042338609385151445,-0.04548591263073908,0.39303482587064675,0.5901413230793703,-3.8625425754166147,-0.9009090909090909,0.8247457501551068,False,False,-0.19324815517637914
continuation_ret_0.40_0.60_cl0.50_rv10_px3,5,long,82,-0.03409876815929765,-0.06332259794094473,0.35365853658536583,0.6813129646776933,-1.163332326966156,-0.639230756026048,1.264390243902439,222,0.001369204560723201,-0.11937104736727853,0.36936936936936937,1.0092552978042018,0.038354128557904536,-0.8568965517241379,3.9892307232808957,322,-0.04396619348607918,-0.08376114454731547,0.38198757763975155,0.6709525959885546,-2.5349501565121333,-0.9815909090909091,1.5762068823770166,False,False,-0.19427960114652895
continuation_ret_0.40_0.60_cl0.50_rv10_px5,3,long,76,-0.038314024554696915,-0.031165920116006045,0.34210526315789475,0.5894248316583824,-1.5463929415754152,-0.6984615237896259,0.7560549480438905,214,0.020251805110255084,-0.08567557181566447,0.3598130841121495,1.1647645166093339,0.5483710917477046,-0.8341379310344827,4.403533834586466,274,-0.04487661571102271,-0.05829626979878149,0.3795620437956204,0.6053797229565002,-3.0386466708001394,-0.9702272727272727,1.317586303757052,False,False,-0.19493528663998466
continuation_ret_0.40_0.60_cl0.90_rv10_px10,2,long,25,-0.060665916371369866,-0.040323814230074466,0.32,0.3830097944126313,-1.6299603532031188,-0.37201780415430263,0.4531722611529416,34,-0.024284810192350653,-0.11255031810325054,0.35294117647058826,0.8155509790549741,-0.44152125025008365,-0.5198445595854922,0.8372082286729865,46,-0.021483138810006918,0.0025978167399988237,0.5217391304347826,0.6621492678300237,-1.045987164512406,-0.40271651880334147,0.2578571428571428,False,False,-0.19765541210546092
continuation_ret_0.40_0.60_cl0.75_rv2_px1,5,long,78,-0.04547108339221663,-0.06645248659791396,0.3076923076923077,0.5973855349151689,-1.4641003147095748,-0.5879527679203064,1.5889582722152882,222,-0.03488449143560532,-0.1062521978877684,0.3738738738738739,0.7560304523433271,-1.2737273047470712,-0.8568965517241379,2.938717948717949,374,-0.026945422301841594,-0.07872830171209848,0.3850267379679144,0.8001402031180083,-1.2893766999711025,-0.919333328406016,4.050507050298856,False,False,-0.1986835276774698
continuation_ret_0.40_0.60_cl0.50_rv10_px1,10,long,85,-0.004880127071886549,-0.07791568223616306,0.3764705882352941,0.9598384796446627,-0.11595910564023167,-0.6607692337036133,1.9960975609756095,232,-0.018964533867315662,-0.1267182636452232,0.34913793103448276,0.8910252170068641,-0.4517808310572133,-0.89,5.155605364825077,360,-0.044791988688257726,-0.07163390301606014,0.375,0.7203562418723081,-2.1073699041356444,-1.000909090909091,2.4575140538998412,False,False,-0.1995190737073585
continuation_ret_0.40_0.60_cl0.90_rv10_px5,2,long,27,-0.060827546122902004,-0.040323814230074466,0.3333333333333333,0.37667375567731737,-1.7408350497283103,-0.37201780415430263,0.4531722611529416,45,-0.043710183945730646,-0.11101011168212792,0.28888888888888886,0.6640744132355697,-1.0123147384109525,-0.5198445595854922,0.8372082286729865,69,-0.014979353734692096,0.0017501875795391617,0.5072463768115942,0.7621064251864186,-0.8514066052122204,-0.40271651880334147,0.36127843632152956,False,False,-0.2026898235336243
continuation_ret_0.40_0.60_cl0.75_rv10_px3,1,long,48,-0.05238140039831202,-0.06842182070254114,0.3125,0.36594570748948385,-2.569784839655875,-0.3489830453681454,0.4659224965154207,121,-0.04811221990284532,-0.08765157347676499,0.32231404958677684,0.546432745482305,-2.2091903275602287,-0.5067923354891894,1.4741912213493797,160,-0.0014868468046475305,-0.017840483136975054,0.45625,0.9728462306757714,-0.10117799635983177,-0.4204361307086394,1.7046891978063334,False,False,-0.20385899731361076
continuation_ret_0.40_0.60_cl0.75_rv10_px10,2,long,38,-0.0559250245534782,-0.04932858649736143,0.2894736842105263,0.35899282836718094,-2.1389038588380345,-0.37201780415430263,0.4531722611529416,102,-0.04382872668814837,-0.07325000768101068,0.37254901960784315,0.6434535281610207,-1.6464114636098424,-0.7044827586206897,0.8372082286729865,98,-0.011480910755866755,-0.022510021688397656,0.4489795918367347,0.8267414278612655,-0.6934648299010766,-0.40271651880334147,0.6710344461406266,False,False,-0.20488477501298147
continuation_ret_0.40_0.60_cl0.50_rv10_px1,3,long,85,-0.04233716307414099,-0.04225808958670573,0.3411764705882353,0.5799284454047687,-1.7566310130423974,-0.6984615237896259,0.7560549480438905,232,0.016944189517992717,-0.08584025617284245,0.35344827586206895,1.1372548352739207,0.4847395782698074,-0.8341379310344827,4.403533834586466,360,-0.04615198222777865,-0.06094109499647587,0.37222222222222223,0.6007431914640469,-3.56546005899518,-0.9702272727272727,1.317586303757052,False,False,-0.20557695725304576
continuation_ret_0.40_0.60_cl0.90_rv10_px5,1,long,27,-0.06217111199140951,-0.07038647615020653,0.25925925925925924,0.32382138964347407,-2.0982470849052337,-0.3489830453681454,0.4659224965154207,45,-0.04540367591360564,-0.08881766178592108,0.3333333333333333,0.5984789048016628,-1.227281624801167,-0.38901234902217774,0.9626368543968988,69,0.009116987698197524,0.005368222927495623,0.5072463768115942,1.214414335265587,0.587033600480873,-0.29571431565696316,0.4330822620085717,False,False,-0.20716685978038246
continuation_ret_0.40_0.60_cl0.75_rv10_px1,1,long,50,-0.05283688000267045,-0.06842182070254114,0.3,0.35454288584495,-2.6909614094413943,-0.3489830453681454,0.4659224965154207,127,-0.04851035978032253,-0.0795651524909715,0.30708661417322836,0.5323621834310904,-2.337560488966216,-0.5067923354891894,1.4741912213493797,176,0.0027820687764720468,-0.017840483136975054,0.45454545454545453,1.0521602580223308,0.20011277042381026,-0.4204361307086394,1.7046891978063334,False,False,-0.207745399147679
continuation_ret_0.40_0.60_cl0.75_rv10_px5,2,long,45,-0.052348735071125765,-0.040323814230074466,0.3333333333333333,0.4160967429977909,-2.0985161594417727,-0.37201780415430263,0.4531722611529416,120,-0.054438744745623366,-0.08529548586279555,0.3333333333333333,0.5599764971532334,-2.346606406372133,-0.7044827586206897,0.8372082286729865,144,-0.009172836629144166,-0.025203393555704327,0.4513888888888889,0.8662397920146196,-0.6259948313990505,-0.4196385308560685,0.8247457501551068,False,False,-0.20842643170599684
continuation_ret_0.40_0.60_cl0.90_rv10_px3,2,long,28,-0.061966089032738404,-0.04932858649736143,0.32142857142857145,0.36387080966734187,-1.8393128691550875,-0.37201780415430263,0.4531722611529416,46,-0.04570078765802838,-0.11110026217418832,0.2826086956521739,0.6490785246422818,-1.0810038145235,-0.5198445595854922,0.8372082286729865,74,-0.01593069031068778,-0.007251654940208399,0.4864864864864865,0.7495243411573925,-0.9461039661062294,-0.40271651880334147,0.36127843632152956,False,False,-0.20865815320051062
continuation_ret_0.40_0.60_cl0.50_rv5_px1,5,long,106,-0.03224650995500927,-0.06520395853219028,0.3584905660377358,0.7271046114468133,-1.0714337166125523,-0.6730179987495906,1.5889582722152882,314,0.001492335516475437,-0.11293360364380071,0.36942675159235666,1.0102683817181692,0.052016614729568755,-0.8568965517241379,3.9892307232808957,520,-0.044811419235190886,-0.08854394168598982,0.3769230769230769,0.6885509271140028,-2.9051628538826346,-0.9815909090909091,2.0796550321030893,True,False,-0.20939609191536085
continuation_ret_0.40_0.60_cl0.90_rv2_px5,20,long,41,-0.010801092447107967,-0.06163043478260865,0.36585365853658536,0.9041726183668343,-0.23480367659405355,-0.6855905451737051,0.8406348001458384,91,-0.056055708877510844,-0.24953492188853232,0.31868131868131866,0.7642491962938689,-0.7937864748889157,-0.8505951089985913,3.5495055574377643,133,-0.004671875322538089,-0.06530160561625274,0.39097744360902253,0.9675197462758272,-0.11185934364242348,-0.9672994799310713,3.123819761360993,False,False,-0.20951772000280958
continuation_ret_0.40_0.60_cl0.50_rv2_px3,2,long,120,0.005671492327831736,-0.04456467170834521,0.35,1.0638103148369067,0.17640035851872754,-0.5386195411879331,2.0943478260869566,351,0.012924284306930172,-0.05687507761021148,0.3817663817663818,1.1242377526356078,0.6247093289554382,-0.7044827586206897,3.6697385620915037,568,-0.044146679210182345,-0.060388448267327414,0.3591549295774648,0.6033719358815904,-4.2790759614639295,-0.9009090909090909,1.5354545454545454,True,False,-0.2117182267756847
continuation_ret_0.40_0.60_cl0.75_rv5_px10,3,long,49,-0.054263767151181884,-0.02869154757465097,0.3469387755102041,0.3944544369156978,-2.120639919265692,-0.5438582617091381,0.5117391304347827,139,-0.033004488800842495,-0.08477567497181047,0.37410071942446044,0.7455345445483433,-1.2709591493797447,-0.8341379310344827,1.09,160,-0.03889604098216083,-0.04041930872902177,0.4,0.6351602172157531,-1.9595450037422042,-0.906356785913895,1.317586303757052,False,False,-0.21228110545661966
continuation_ret_0.60_1.00_cl0.50_rv5_px5,1,long,46,-0.05517047027570848,-0.08426309768302163,0.32608695652173914,0.5057366473670256,-1.7608054182588226,-0.4187804933873619,0.7128915662650603,151,-0.008821857407010593,-0.11294121137349376,0.31125827814569534,0.9314685907336353,-0.28182502186509667,-0.9221666643354628,2.001428651355562,223,-0.005949054771698707,-0.07458117048463596,0.34977578475336324,0.9481074782890354,-0.225686135595469,-0.8024066135946112,2.7569905070052245,False,False,-0.2124144538172351
continuation_ret_0.40_0.60_cl0.50_rv10_px5,10,long,76,-0.01102843220752873,-0.07404412900557532,0.3815789473684211,0.9045772914212813,-0.26286859513371547,-0.6607692337036133,1.9960975609756095,214,-0.014922945711978013,-0.13122633038805587,0.34579439252336447,0.9155150334254404,-0.329690694397792,-0.89,5.155605364825077,274,-0.0491947573388519,-0.06351739544896438,0.3722627737226277,0.688940274616003,-2.023296805603371,-1.000909090909091,2.4575140538998412,False,False,-0.2136924536552812
continuation_ret_0.40_0.60_cl0.90_rv10_px1,2,long,30,-0.06261728759014325,-0.04932858649736143,0.3333333333333333,0.3585804185243691,-1.9558344483000658,-0.37201780415430263,0.4531722611529416,48,-0.048418546823892024,-0.11110026217418832,0.2708333333333333,0.62589923390167,-1.1942355798852602,-0.5198445595854922,0.8372082286729865,81,-0.021022868482706826,-0.022480827631064286,0.4567901234567901,0.6761282840912204,-1.3327371111651014,-0.40271651880334147,0.36127843632152956,False,False,-0.21502696436411844
continuation_ret_0.40_0.60_cl0.50_rv10_px10,10,long,63,-0.01868364895325084,-0.07475492467781729,0.3492063492063492,0.8381718854208978,-0.40907275807417526,-0.6607692337036133,1.9960975609756095,183,-0.03702652956549581,-0.13987013308711194,0.33879781420765026,0.7995339482885078,-0.8422431636078642,-0.89,5.015641025641026,187,-0.05176871639968452,-0.05685104369468951,0.37433155080213903,0.6908015206489095,-1.7133240781151748,-1.000909090909091,2.1370587327818544,False,False,-0.21530003888189236
continuation_ret_0.40_0.60_cl0.90_rv2_px10,5,long,39,-0.04083294628532974,-0.0581036482496372,0.3076923076923077,0.5863547578565569,-1.229691930963151,-0.5879527679203064,0.570156037316268,75,-0.05866290965893408,-0.0908678500986193,0.38666666666666666,0.5774748645373436,-1.8082117222298144,-0.6436996336996337,0.9352554744525547,89,-0.003576350579896173,-0.024778321756988457,0.42696629213483145,0.967326236488743,-0.10691929460684993,-0.8992094653469531,1.1248314472965772,False,False,-0.21640040215938391
continuation_ret_0.40_0.60_cl0.50_rv10_px3,3,long,82,-0.037263504213779025,-0.036943007744539895,0.34146341463414637,0.6108216843862465,-1.5377659721101493,-0.6984615237896259,0.7560549480438905,222,0.0234139942063664,-0.08584025617284245,0.36036036036036034,1.1910635693603515,0.6431914542287843,-0.8341379310344827,4.403533834586466,322,-0.049580958807054674,-0.06302770299359771,0.36335403726708076,0.577884391445622,-3.668720390843384,-0.9702272727272727,1.317586303757052,False,False,-0.21909035415010358
continuation_ret_0.40_0.60_cl0.90_rv10_px3,1,long,28,-0.06514136999102119,-0.07180916104144584,0.25,0.3059118075178751,-2.269237083598596,-0.3489830453681454,0.4659224965154207,46,-0.0470029342212427,-0.09030592138105308,0.32608695652173914,0.5848062548297929,-1.2977975404577307,-0.38901234902217774,0.9626368543968988,74,0.007153318659198096,-0.007375098840516672,0.4864864864864865,1.164836462519914,0.4795619997689939,-0.29571431565696316,0.4330822620085717,False,False,-0.21935026353037168
continuation_ret_0.40_0.60_cl0.50_rv5_px3,2,long,102,0.01498987536676506,-0.041725038578747646,0.3627450980392157,1.1670059282294396,0.4026442820026155,-0.5386195411879331,2.0943478260869566,302,0.016237956635054243,-0.057679963047529974,0.37748344370860926,1.1537029095430322,0.69904000904091,-0.7044827586206897,3.6697385620915037,461,-0.048097336441062996,-0.05615581563532523,0.37310195227765725,0.5532557805900578,-4.717199775317676,-0.9009090909090909,0.8247457501551068,True,False,-0.2229181194600283
continuation_ret_0.40_0.60_cl0.90_rv10_px1,1,long,30,-0.06504983802543797,-0.07180916104144584,0.23333333333333334,0.2917522586914332,-2.417438264434321,-0.3489830453681454,0.4659224965154207,48,-0.04745525571308016,-0.09022517852475857,0.3125,0.5720936822850283,-1.3672572910182683,-0.38901234902217774,0.9626368543968988,81,0.004801818700090967,-0.014092758098034333,0.4691358024691358,1.1102950474887316,0.34341397577025884,-0.29571431565696316,0.4330822620085717,False,False,-0.2233803114331853
continuation_ret_0.40_0.60_cl0.75_rv10_px3,20,long,48,-0.05803861721967666,-0.06756398114324429,0.3333333333333333,0.5426592970609534,-1.5350380261957255,-0.6855905451737051,0.7160788478134974,121,0.03382724420454754,-0.16122312798111593,0.34710743801652894,1.1483109369469628,0.2500140183423337,-0.9313793103448276,15.118205128205128,160,-0.006512401982667669,-0.047487667789048886,0.425,0.9477345952441005,-0.24656027064888547,-0.93578124641799,1.2031866533389814,False,False,-0.22587586856981057
continuation_ret_0.40_0.60_cl0.50_rv5_px3,20,long,102,-0.04879403936848861,-0.08836133737114148,0.35294117647058826,0.7009230226948119,-1.272111171742424,-0.966923076739678,1.4290243902439024,302,0.008737350018576525,-0.17043437533175265,0.34105960264900664,1.040694019451131,0.13720155303305298,-0.9313793103448276,15.118205128205128,461,0.031219783378694597,-0.17362807954426018,0.3297180043383948,1.1369991124746566,0.2160216853896384,-1.0005454548922452,65.81464388674324,True,False,-0.22614714871395225
continuation_ret_0.40_0.60_cl0.50_rv2_px1,5,long,124,-0.03908919060630616,-0.06833572861319147,0.3225806451612903,0.6678719270527368,-1.4749945139297087,-0.6730179987495906,1.5889582722152882,368,-0.004516170102041086,-0.11120580251285388,0.37228260869565216,0.9682569715772199,-0.18011055724066885,-0.8568965517241379,3.9892307232808957,646,-0.04719235344792606,-0.09884599914353197,0.3560371517027864,0.6864452404083522,-3.088941863991659,-0.9815909090909091,4.050507050298856,True,False,-0.22785948844824702
continuation_ret_0.40_0.60_cl0.75_rv10_px10,5,long,38,-0.059351780004757416,-0.06147800772313387,0.34210526315789475,0.4025549361071988,-2.0722683699070745,-0.5879527679203064,0.3531380674043534,102,-0.062348108237446534,-0.12654106284330452,0.3627450980392157,0.6103158682343726,-1.4653888726257027,-0.8568965517241379,2.938717948717949,98,0.004251592062684417,-0.02910088249770603,0.4489795918367347,1.0447101938985408,0.1372675407770255,-0.5838396624472574,1.5762068823770166,False,False,-0.22841613804744898
continuation_ret_0.40_0.60_cl0.75_rv10_px3,2,long,48,-0.05870575521996929,-0.06088600080583732,0.3125,0.3733279647849462,-2.466336185789942,-0.37201780415430263,0.4531722611529416,121,-0.05510683738996884,-0.0854285539899554,0.3305785123966942,0.5549200673315261,-2.3942737307102067,-0.7044827586206897,0.8372082286729865,160,-0.011936223107373547,-0.02974810460522414,0.4375,0.8318223779716407,-0.8528407878440558,-0.42362128515535424,0.8247457501551068,False,False,-0.22847224978099034
continuation_ret_0.60_1.00_cl0.50_rv2_px1,1,long,56,-0.05670812680090139,-0.08426309768302163,0.32142857142857145,0.4852142350446198,-2.094374304592012,-0.4187804933873619,0.7128915662650603,175,-0.022204450204706044,-0.11590908744118432,0.29714285714285715,0.834458288985899,-0.7916491577154134,-0.9221666643354628,2.001428651355562,328,-0.020198528090735125,-0.07068615560936846,0.3445121951219512,0.8270190729220009,-1.0408901226983083,-0.8024066135946112,2.7569905070052245,False,False,-0.2292738639589068
continuation_ret_0.40_0.60_cl0.50_rv5_px1,3,long,106,-0.017293577491410667,-0.031165920116006045,0.3867924528301887,0.8288964333173215,-0.6033269017567764,-0.6984615237896259,1.8160870151123174,314,0.014307472834785227,-0.08309457189731677,0.3503184713375796,1.1170911454698687,0.5162573096553408,-0.8341379310344827,4.403533834586466,520,-0.049077290469093406,-0.05996765274105586,0.37115384615384617,0.590481178529163,-4.316503103724941,-0.9702272727272727,1.4307843795477175,True,False,-0.22932977802124213
continuation_ret_0.40_0.60_cl0.50_rv10_px10,3,long,63,-0.0551978343186734,-0.04225808958670573,0.30158730158730157,0.4283180566673875,-2.220861637822427,-0.6984615237896259,0.6058536585365855,183,0.033856476955713324,-0.08492562527188872,0.37158469945355194,1.2755997741990033,0.7947238549988892,-0.8341379310344827,4.403533834586466,187,-0.043566291548633077,-0.05011340897956062,0.40641711229946526,0.6371441546327358,-2.229420218913072,-0.9702272727272727,1.317586303757052,False,False,-0.22956133938602072
continuation_ret_0.40_0.60_cl0.50_rv5_px10,3,long,81,-0.047283114261483086,-0.03162792590237406,0.35802469135802467,0.5123324999483058,-2.0639255615150933,-0.6984615237896259,0.6058536585365855,241,0.02957627343790898,-0.07510510686506854,0.37344398340248963,1.244883199733381,0.866275387430857,-0.8341379310344827,4.403533834586466,280,-0.05221763253221226,-0.05223409376318965,0.38571428571428573,0.5852367646601265,-3.1513081844480433,-0.9702272727272727,1.4307843795477175,False,False,-0.2301084463262718
continuation_ret_0.40_0.60_cl0.75_rv5_px10,5,long,49,-0.05897613499702242,-0.0581036482496372,0.3469387755102041,0.42635464034702186,-2.190215174852166,-0.5879527679203064,0.3531380674043534,139,-0.030726979535883332,-0.1034988146571839,0.38848920863309355,0.7903108232826432,-0.8333717328445901,-0.8568965517241379,2.938717948717949,160,-0.04097041955759582,-0.06288637779630256,0.4,0.6943048195678178,-1.4542487873674357,-0.8818592994926716,2.0796550321030893,False,False,-0.23071599687958771
continuation_ret_0.40_0.60_cl0.50_rv10_px3,10,long,82,-0.0024555475693704893,-0.07633530345699018,0.3780487804878049,0.9791928351176187,-0.05725579299094632,-0.6607692337036133,1.9960975609756095,222,-0.015464013453304813,-0.1267182636452232,0.34684684684684686,0.9116227850825365,-0.3534173402141931,-0.89,5.155605364825077,322,-0.05238627932797842,-0.07163390301606014,0.3695652173913043,0.6726080885280982,-2.3957671900169957,-1.000909090909091,2.4575140538998412,False,False,-0.23148661838584655
continuation_ret_0.40_0.60_cl0.75_rv10_px1,2,long,50,-0.05922688770692296,-0.06088600080583732,0.32,0.36962481488475196,-2.5593542450775053,-0.37201780415430263,0.4531722611529416,127,-0.055581937968500604,-0.0854285539899554,0.33070866141732286,0.5444482289851129,-2.5246494145465315,-0.7044827586206897,0.8372082286729865,176,-0.008800650454222052,-0.027598023459849956,0.4375,0.8738479100734765,-0.6580691001629758,-0.42362128515535424,0.8247457501551068,False,False,-0.23286979523256493
continuation_ret_0.60_1.00_cl0.50_rv2_px3,1,long,52,-0.0586629813117822,-0.08658000149439886,0.3076923076923077,0.48587481382882697,-2.028427752782846,-0.4187804933873619,0.7128915662650603,170,-0.02084518789299133,-0.11584307890244482,0.29411764705882354,0.8428993920963985,-0.7287003203319715,-0.9221666643354628,2.001428651355562,297,-0.021856175296200916,-0.0756566068021609,0.3333333333333333,0.8154133729739772,-1.049052374515988,-0.8024066135946112,2.7569905070052245,False,False,-0.23290916032702813
continuation_ret_0.40_0.60_cl0.50_rv5_px10,20,long,81,-0.053309439945534894,-0.07666666666666665,0.35802469135802467,0.6497606449139758,-1.3581360721889626,-0.966923076739678,1.4290243902439024,241,-0.016847192895915037,-0.22182267984668547,0.3112033195020747,0.9262640247999891,-0.22037057138928232,-0.9313793103448276,15.118205128205128,280,0.0784019694107873,-0.20263492316992554,0.30357142857142855,1.3058399238315948,0.3307588185579513,-1.0005454548922452,65.81464388674324,False,False,-0.23491973506886646
continuation_ret_0.40_0.60_cl0.50_rv2_px1,3,long,124,-0.026451153938139262,-0.04440682620331459,0.3629032258064516,0.7419623778925107,-1.0555295682270698,-0.6984615237896259,1.8160870151123174,368,0.009623216530422694,-0.07326926476240679,0.3695652173913043,1.0811921158667717,0.3998469553747323,-0.8341379310344827,4.403533834586466,646,-0.048808736912533165,-0.06948388253728159,0.3591331269349845,0.6053319953505066,-4.559626274641107,-0.9702272727272727,1.4307843795477175,True,False,-0.2356638949351578
continuation_ret_0.40_0.60_cl0.50_rv5_px5,3,long,95,-0.03831954334305514,-0.03070391432963803,0.37894736842105264,0.6059748256097138,-1.6902555478105108,-0.6984615237896259,0.7560549480438905,288,0.02072710553967892,-0.07977602624115875,0.3611111111111111,1.1728046722593348,0.704678445554119,-0.8341379310344827,4.403533834586466,402,-0.05178728120036392,-0.05829626979878149,0.3706467661691542,0.5676142227750383,-4.057589945108015,-0.9702272727272727,1.4307843795477175,False,False,-0.23637518328791732
continuation_ret_0.40_0.60_cl0.90_rv10_px10,3,long,25,-0.06928381130439723,-0.04494911057395989,0.28,0.2720059321264426,-2.0169245155294626,-0.5438582617091381,0.255844470260554,34,-0.07275099360423751,-0.1273446772693585,0.3235294117647059,0.5260854402187134,-1.5484174973919107,-0.5384974093264249,0.5818781988932886,46,-0.022056426498053443,-0.02438752056927484,0.43478260869565216,0.7328728243255823,-0.8357632666765011,-0.4197222373853937,0.33885116269844384,False,False,-0.2370297603995892
continuation_ret_0.40_0.60_cl0.90_rv5_px5,5,long,34,-0.0459595146205998,-0.06147800772313387,0.35294117647058826,0.5366415054296354,-1.3911735260037605,-0.5879527679203064,0.3531380674043534,68,-0.06704080265173051,-0.11964175485688672,0.36764705882352944,0.5777006017935878,-1.4550345925800645,-0.6436996336996337,2.2531578947368422,110,0.00888475651526217,-0.02171945544220976,0.4636363636363636,1.0976538123231478,0.302216117946956,-0.6983928571428571,1.6323355970528912,False,False,-0.2383533877485244
continuation_ret_0.60_1.00_cl0.50_rv10_px1,1,long,48,-0.061426953874029085,-0.08426309768302163,0.3125,0.4509475431952829,-2.0822333174789693,-0.4187804933873619,0.7128915662650603,149,-0.020869320703504272,-0.1139426196588995,0.30201342281879195,0.8414808335823302,-0.7008383732630212,-0.9221666643354628,2.001428651355562,241,-0.008696431924093275,-0.04978782390618674,0.3651452282157676,0.9193923899782673,-0.3972174750959536,-0.8024066135946112,1.9789002316148718,False,False,-0.23906266593805156
continuation_ret_0.40_0.60_cl0.90_rv5_px3,5,long,36,-0.03609502621702487,-0.06147800772313387,0.3611111111111111,0.6279567799094373,-1.0786218069841569,-0.5879527679203064,0.383478256587946,71,-0.06627381183732929,-0.11163646738979992,0.38028169014084506,0.5800635111150915,-1.485243974358605,-0.6436996336996337,2.2531578947368422,120,0.009016642284049825,-0.02399557717006339,0.4583333333333333,1.0992250046903353,0.32681854715336955,-0.6983928571428571,1.6323355970528912,False,False,-0.23930929430262518
continuation_ret_0.60_1.00_cl0.50_rv2_px10,1,long,44,-0.0630194647513164,-0.08870641588619498,0.2727272727272727,0.4707110471127948,-1.944806310429531,-0.4187804933873619,0.7128915662650603,137,-0.0400552782001221,-0.1139426196588995,0.2846715328467153,0.7017997109239146,-1.4597626309563254,-0.9221666643354628,1.7609922274817482,188,-0.03692327878745159,-0.10221315221607362,0.32978723404255317,0.7237328555875641,-1.3257782066735335,-0.8024066135946112,2.7569905070052245,False,False,-0.23989383259423896
continuation_ret_0.40_0.60_cl0.75_rv10_px10,10,long,38,-0.06553046665183913,-0.07404412900557532,0.2894736842105263,0.42732084148293026,-1.9771289596297568,-0.5895275470403236,0.3787240356083086,102,-0.054464884476863096,-0.13827169938801592,0.35294117647058826,0.7174706772784106,-0.873272157967054,-0.89,5.015641025641026,98,-0.03881842814864289,-0.035485988513172244,0.37755102040816324,0.6745153021272436,-1.355246403272835,-0.9168509609873831,1.1882758774248983,False,False,-0.24007490427865566
continuation_ret_0.60_1.00_cl0.50_rv10_px10,1,long,37,-0.06601317862321525,-0.08770270270270274,0.2702702702702703,0.44990204318268384,-1.83857337528272,-0.4187804933873619,0.7128915662650603,119,-0.04771578892531864,-0.11227272727272729,0.2857142857142857,0.641243260279813,-1.795315381886035,-0.9221666643354628,1.3383580199952216,135,-0.022154120499702393,-0.05939419902908304,0.35555555555555557,0.815958555874696,-0.7278698677742064,-0.8024066135946112,1.9455555555555557,False,False,-0.2401286249193535
continuation_ret_0.40_0.60_cl0.75_rv5_px5,3,long,57,-0.05955762228232345,-0.02869154757465097,0.3508771929824561,0.3730679974365267,-2.4839714548430143,-0.5438582617091381,0.5117391304347827,169,-0.03647138031146442,-0.08566460033975375,0.3431952662721893,0.7193456245011763,-1.5409842174511736,-0.8341379310344827,1.2636843176055372,233,-0.033219228337163904,-0.037739224439246814,0.4034334763948498,0.6681706332526068,-2.1641565770590665,-0.906356785913895,1.317586303757052,False,False,-0.2418303311210239
continuation_ret_0.40_0.60_cl0.75_rv2_px10,3,long,62,-0.05863942222407741,-0.04921367236778428,0.3225806451612903,0.3761572164279271,-2.6536309363747734,-0.5438582617091381,0.5117391304347827,171,-0.028579506134453304,-0.05140130894832728,0.40350877192982454,0.7641181487366119,-1.290366800285043,-0.8341379310344827,1.09,202,-0.03767695547557196,-0.05584708061014947,0.3811881188118812,0.6752543583790622,-1.9007389729068536,-0.9099999960263571,1.317586303757052,False,False,-0.24295102655211054
continuation_ret_0.60_1.00_cl0.50_rv10_px3,1,long,44,-0.06416622075717257,-0.08658000149439886,0.29545454545454547,0.45013885677217547,-2.0130927787834976,-0.4187804933873619,0.7128915662650603,146,-0.01971971268331106,-0.11344191551619663,0.3013698630136986,0.8486979857822197,-0.653793629789156,-0.9221666643354628,2.001428651355562,216,-0.009406947886290117,-0.05768558384210958,0.3472222222222222,0.913908852604453,-0.3970301133257028,-0.8024066135946112,1.9789002316148718,False,False,-0.2442591456666505
continuation_ret_0.40_0.60_cl0.50_rv5_px5,5,long,95,-0.05037629067267586,-0.06485236719663055,0.3473684210526316,0.5659795529502505,-1.8597890784053235,-0.6730179987495906,1.264390243902439,288,0.0052953383617969085,-0.11172135855200542,0.3680555555555556,1.0368192697823575,0.17408173962908888,-0.8568965517241379,3.9892307232808957,402,-0.053696996049534554,-0.08228340791985932,0.373134328358209,0.6262360995379553,-3.1614249483350814,-0.9815909090909091,2.0796550321030893,False,False,-0.2450917868059486
continuation_ret_0.40_0.60_cl0.75_rv5_px1,20,long,64,-0.03625625722804397,-0.06561977841929732,0.375,0.7373539830535064,-0.8664082406822503,-0.6855905451737051,1.2449019562011039,183,0.052660243230832654,-0.15190960891981908,0.3551912568306011,1.24799516833387,0.556686573682927,-0.9313793103448276,15.118205128205128,289,-0.05950086010559991,-0.08495742177149156,0.370242214532872,0.6630969352320956,-2.399136129996257,-0.9383919610407271,3.123819761360993,False,False,-0.24837963297265744
continuation_ret_0.40_0.60_cl0.75_rv2_px10,5,long,62,-0.06016308520776494,-0.06199621770609752,0.2903225806451613,0.42151752397832953,-2.4761282932404525,-0.5879527679203064,0.570156037316268,171,-0.02506683881235641,-0.08961783173495451,0.38596491228070173,0.819232424687796,-0.7960285484842333,-0.8568965517241379,2.938717948717949,202,-0.041178595239267174,-0.07556954385480778,0.3811881188118812,0.7134688509800866,-1.5533769644325874,-0.919333328406016,2.0796550321030893,False,False,-0.24926376757114366
continuation_ret_0.40_0.60_cl0.50_rv2_px5,3,long,113,-0.04501929638787592,-0.043864541832669295,0.35398230088495575,0.5472625272712973,-2.2675118903884726,-0.6984615237896259,0.7560549480438905,336,0.014274446829331742,-0.07086242084363269,0.37797619047619047,1.121486775029582,0.5566388315409573,-0.8341379310344827,4.403533834586466,493,-0.0529112040852256,-0.06631397887155753,0.359026369168357,0.5739708330075551,-4.414060490795979,-0.9702272727272727,1.4307843795477175,True,False,-0.25059796269113
continuation_ret_0.40_0.60_cl0.75_rv10_px10,3,long,38,-0.06848484811341789,-0.04234523159667657,0.2631578947368421,0.24100476540350518,-2.765622017240573,-0.5438582617091381,0.255844470260554,102,-0.060768929411392475,-0.10938541982702497,0.37254901960784315,0.5616437574851669,-2.224301183179438,-0.8341379310344827,0.9181509234962124,98,-0.008982936360542598,-0.02541286889239657,0.4489795918367347,0.8897633141337329,-0.3937117260562273,-0.4197222373853937,1.317586303757052,False,False,-0.25089846288933204
continuation_ret_0.40_0.60_cl0.50_rv2_px10,3,long,98,-0.05476923663229075,-0.04921367236778428,0.32653061224489793,0.45515253226703917,-2.750777905541435,-0.6984615237896259,0.6058536585365855,287,0.02267744240730445,-0.05958680682263317,0.39372822299651566,1.1943474825875018,0.7777470995172816,-0.8341379310344827,4.403533834586466,348,-0.053682075639868175,-0.06712692496261534,0.367816091954023,0.5909740101430653,-3.4633242108579227,-0.9702272727272727,1.4307843795477175,False,False,-0.2516712064257578
continuation_ret_0.40_0.60_cl0.90_rv5_px1,5,long,39,0.006526118372174183,-0.0581036482496372,0.38461538461538464,1.0665201080356728,0.12286246582606128,-0.5879527679203064,1.5889582722152882,73,-0.06851208329979186,-0.12267611072829819,0.3698630136986301,0.5651375180030067,-1.5778283522360812,-0.6436996336996337,2.2531578947368422,135,0.005109184056166164,-0.024778321756988457,0.45925925925925926,1.055155151598624,0.20044878860320156,-0.6983928571428571,1.6323355970528912,False,False,-0.2527328164431447
continuation_ret_0.40_0.60_cl0.75_rv10_px5,10,long,45,-0.06528010601202086,-0.07281834748873105,0.35555555555555557,0.42394932595936563,-2.1425540192400736,-0.5895275470403236,0.3787240356083086,120,-0.06649329270558978,-0.13388781156661922,0.3416666666666667,0.6492239034350068,-1.2394816167943628,-0.89,5.015641025641026,144,-0.01521093431195061,-0.03433769255088486,0.3958333333333333,0.8642680527049952,-0.5299586146946474,-0.9168509609873831,2.4575140538998412,False,False,-0.2545789730414874
continuation_ret_0.40_0.60_cl0.75_rv2_px5,3,long,71,-0.06029401404271408,-0.04494911057395989,0.3380281690140845,0.3752171523664398,-2.8901600008629313,-0.5438582617091381,0.5117391304347827,202,-0.03355747704765328,-0.06497949666396945,0.3712871287128713,0.7284989702632227,-1.6250411116584393,-0.8341379310344827,1.2636843176055372,290,-0.03250672713491556,-0.049407100978918754,0.3931034482758621,0.6962364319541944,-2.148257651028704,-0.9099999960263571,1.317586303757052,False,False,-0.2578573670359536
continuation_ret_0.60_1.00_cl0.50_rv2_px5,1,long,51,-0.06542311562690634,-0.08770270270270274,0.29411764705882354,0.43765504365208824,-2.2814507014563343,-0.4187804933873619,0.7128915662650603,160,-0.01948406533224314,-0.11501471872242812,0.29375,0.8531109151753886,-0.6542865013433692,-0.9221666643354628,2.001428651355562,253,-0.014937078339978673,-0.0756566068021609,0.34782608695652173,0.8741980423625425,-0.6265430559472446,-0.8024066135946112,2.7569905070052245,False,False,-0.2585026746708401
continuation_ret_1.00_10.00_cl0.75_rv10_px1,1,long,16,-0.07119891981564204,-0.03666401548368741,0.375,0.496685788974789,-1.0553520528834073,-0.5198039215686274,0.3709523809523809,64,-0.08891812844781063,-0.18203118211068053,0.3125,0.5719790101305301,-1.652273387136741,-0.6584848330135473,1.8060919540229883,84,-0.09133354257732114,-0.1648096161908721,0.25,0.5727654086492981,-1.3137054937011265,-0.9946311478504309,4.400499954223633,False,False,-0.25876741158999284
continuation_ret_0.40_0.60_cl0.50_rv5_px5,20,long,95,-0.05713257910936037,-0.08819105308295704,0.35789473684210527,0.6443436602780339,-1.507455088764278,-0.966923076739678,1.4290243902439024,288,0.00528868168256554,-0.17990740480521739,0.3368055555555556,1.024323241693111,0.07973820966104708,-0.9313793103448276,15.118205128205128,402,0.048129086839122884,-0.17576206895045693,0.32338308457711445,1.2060494524315537,0.29063338113786047,-1.0005454548922452,65.81464388674324,False,False,-0.2607729841317021
continuation_ret_0.40_0.60_cl0.50_rv5_px3,3,long,102,-0.019294226292655245,-0.031165920116006045,0.38235294117647056,0.8031627433687069,-0.6759787945877962,-0.6984615237896259,1.8160870151123174,302,0.020227841837624744,-0.08166440042596189,0.3576158940397351,1.1669843515558265,0.7045603552884966,-0.8341379310344827,4.403533834586466,461,-0.057025389643080904,-0.06202314010771003,0.3579175704989154,0.5372693802438314,-4.843304833729288,-0.9702272727272727,1.4307843795477175,True,False,-0.2642972264438771
continuation_ret_0.40_0.60_cl0.50_rv5_px3,5,long,102,-0.04558401588446357,-0.06520395853219028,0.35294117647058826,0.6082723389625699,-1.7302057527671522,-0.6730179987495906,1.264390243902439,302,0.007825848724662821,-0.11172135855200542,0.3741721854304636,1.054275845903082,0.2633801994137249,-0.8568965517241379,3.9892307232808957,461,-0.05765255737852819,-0.08865168539325839,0.3644251626898048,0.6076990132701845,-3.702502591774812,-0.9815909090909091,2.0796550321030893,True,False,-0.267203978927837
continuation_ret_0.40_0.60_cl0.50_rv2_px3,3,long,120,-0.028456957967421447,-0.04440682620331459,0.35833333333333334,0.7153298593553388,-1.1448887013761322,-0.6984615237896259,1.8160870151123174,351,0.014211156444736297,-0.07143342265974505,0.37606837606837606,1.1201429132049854,0.5660327318922957,-0.8341379310344827,4.403533834586466,568,-0.056073186023747564,-0.07102257750084161,0.3485915492957746,0.5568381555693329,-5.047880533618259,-0.9702272727272727,1.4307843795477175,True,False,-0.2689152553941759
continuation_ret_0.40_0.60_cl0.50_rv2_px5,5,long,113,-0.054997143308452984,-0.0673494233280779,0.30973451327433627,0.5254186895970668,-2.3121224355060823,-0.6730179987495906,1.264390243902439,336,-0.0019921313661208744,-0.1103875688179539,0.36904761904761907,0.9859853257116226,-0.07454939606458788,-0.8568965517241379,3.9892307232808957,493,-0.056971528876271535,-0.08961171197221417,0.35294117647058826,0.6195974991518939,-3.6189854469896936,-0.9815909090909091,2.0796550321030893,True,False,-0.26982846666645943
continuation_ret_1.00_10.00_cl0.75_rv2_px1,1,long,16,-0.07119891981564204,-0.03666401548368741,0.375,0.496685788974789,-1.0553520528834073,-0.5198039215686274,0.3709523809523809,68,-0.08396724470360613,-0.18203118211068053,0.3235294117647059,0.5929958040048117,-1.6092743899362774,-0.6584848330135473,1.8060919540229883,91,-0.09552440110700043,-0.1791542198070557,0.24175824175824176,0.5722625150998536,-1.4301691542785753,-0.9946311478504309,4.400499954223633,False,False,-0.270641007899332
continuation_ret_1.00_10.00_cl0.75_rv5_px1,1,long,16,-0.07119891981564204,-0.03666401548368741,0.375,0.496685788974789,-1.0553520528834073,-0.5198039215686274,0.3709523809523809,66,-0.08337667190441354,-0.18203118211068053,0.3181818181818182,0.5997457034887392,-1.5545832229067535,-0.6584848330135473,1.8060919540229883,90,-0.0955432018378633,-0.17989390785200593,0.24444444444444444,0.5749169939354488,-1.4146441209624077,-0.9946311478504309,4.400499954223633,False,False,-0.2706942743808907
continuation_ret_0.40_0.60_cl0.50_rv5_px10,5,long,81,-0.05357898467136451,-0.0581036482496372,0.345679012345679,0.5197245677300768,-1.9361317786731587,-0.6730179987495906,1.264390243902439,241,0.001535591698662691,-0.11180624971421092,0.36929460580912865,1.0106346230586225,0.04546840207144022,-0.8568965517241379,3.9892307232808957,280,-0.06188600638289523,-0.08228392179836679,0.37857142857142856,0.5955297664186411,-2.924155429507071,-0.9815909090909091,2.0796550321030893,False,False,-0.27271425546382283
continuation_ret_0.40_0.60_cl0.75_rv5_px5,20,long,57,-0.053905761453832635,-0.06660380753557425,0.3684210526315789,0.6079380298669983,-1.3728177823880359,-0.6855905451737051,0.8406348001458384,169,0.05004641137032009,-0.15429531661858753,0.3431952662721893,1.2302147626936573,0.4925555930462206,-0.9313793103448276,15.118205128205128,233,-0.06721131329644878,-0.0839219024921841,0.3648068669527897,0.6305112653824378,-2.3939806615310175,-0.9383919610407271,3.123819761360993,False,False,-0.27290770730421104
continuation_ret_0.60_1.00_cl0.50_rv10_px5,1,long,43,-0.07231203679244515,-0.08770270270270274,0.27906976744186046,0.3944180207856988,-2.2926226503212983,-0.4187804933873619,0.7128915662650603,136,-0.018035636493483765,-0.11260696932311053,0.3014705882352941,0.8613825233122578,-0.5711313496411407,-0.9221666643354628,2.001428651355562,182,0.0007609589772887935,-0.05212489105600759,0.36813186813186816,1.0070663436764178,0.02790393282367435,-0.8024066135946112,1.9789002316148718,False,False,-0.2736424600374868
continuation_ret_0.40_0.60_cl0.75_rv10_px5,3,long,45,-0.06582804554810748,-0.04225808958670573,0.28888888888888886,0.27336994981117235,-2.849192284630282,-0.5438582617091381,0.255844470260554,120,-0.07173005721253241,-0.11552784557158129,0.3333333333333333,0.4879674588693802,-2.9941475327451945,-0.8341379310344827,0.9181509234962124,144,-0.010715177510047651,-0.02541286889239657,0.4375,0.8644761544106281,-0.6157851150505598,-0.4197222373853937,1.317586303757052,False,False,-0.27462866641643274
continuation_ret_0.40_0.60_cl0.75_rv5_px1,10,long,64,-0.06596324771197819,-0.0730758404110322,0.375,0.46217482872306503,-2.3727522162342236,-0.5895275470403236,0.43791668412896523,183,-0.05082914027603032,-0.11948193391599547,0.37158469945355194,0.710224107239744,-1.2856265009542307,-0.89,5.015641025641026,289,-0.04273950033732985,-0.05545457008456411,0.39100346020761245,0.6971939710998977,-2.0812832472300857,-0.9307914553297635,2.4575140538998412,False,False,-0.2753561415298542
continuation_ret_0.40_0.60_cl0.75_rv5_px3,20,long,61,-0.06672518105590304,-0.06852415475091432,0.3442622950819672,0.5392901775666324,-1.7785426641186928,-0.6855905451737051,0.8406348001458384,175,0.053045103790417165,-0.15429531661858753,0.3485714285714286,1.244799875242069,0.537147208523942,-0.9313793103448276,15.118205128205128,258,-0.06722211548699805,-0.08362457186587723,0.3682170542635659,0.6242182673128744,-2.5924099659366573,-0.9383919610407271,3.123819761360993,False,False,-0.27743470426186184
continuation_ret_0.40_0.60_cl0.75_rv10_px1,10,long,50,-0.07116633494568814,-0.07404412900557532,0.34,0.42218123727009654,-2.3120054927841727,-0.5895275470403236,0.43791668412896523,127,-0.06387546692175552,-0.12132640658546222,0.3543307086614173,0.6524561741205203,-1.2570819230307146,-0.89,5.015641025641026,176,-0.014430630074381522,-0.03359151205460514,0.4090909090909091,0.8719802206880194,-0.573657259554618,-0.9168509609873831,2.4575140538998412,False,False,-0.27981361992650156
continuation_ret_0.40_0.60_cl0.75_rv5_px3,5,long,61,-0.06782288272363976,-0.06555554986775002,0.3442622950819672,0.4040433498961391,-2.675370858250825,-0.5879527679203064,0.383478256587946,175,-0.03604709231462895,-0.11395415319453082,0.37714285714285717,0.7619738623083928,-1.0857213511729147,-0.8568965517241379,2.938717948717949,258,-0.028142042348623875,-0.06249072726477377,0.40310077519379844,0.7727266737137055,-1.3265080611503883,-0.8818592994926716,2.0796550321030893,False,False,-0.27991415138161435
continuation_ret_0.40_0.60_cl0.75_rv5_px5,5,long,57,-0.06905877949230939,-0.06485236719663055,0.3508771929824561,0.38086135141993294,-2.7085076435587463,-0.5879527679203064,0.3531380674043534,169,-0.03298042394443178,-0.11395415319453082,0.3727810650887574,0.7813496363110263,-0.9645127190498246,-0.8568965517241379,2.938717948717949,233,-0.02514505245125439,-0.06203665298506366,0.41201716738197425,0.7960396177668732,-1.0975436094394668,-0.8818592994926716,2.0796550321030893,False,False,-0.280409238506414
continuation_ret_0.40_0.60_cl0.75_rv5_px5,10,long,57,-0.0693435530821352,-0.07281834748873105,0.38596491228070173,0.414279713206395,-2.5191733109722136,-0.5895275470403236,0.3787240356083086,169,-0.045109727799550525,-0.11948193391599547,0.3668639053254438,0.7446536105960142,-1.0602823047783108,-0.89,5.015641025641026,233,-0.04810214207242922,-0.05685104369468951,0.3776824034334764,0.6699137182798891,-2.025256134801123,-0.9307914553297635,2.4575140538998412,False,False,-0.28156554543881046
continuation_ret_0.40_0.60_cl0.75_rv10_px3,3,long,48,-0.07294735255739553,-0.04369074209030365,0.2708333333333333,0.24143613575045922,-3.264576243584743,-0.5438582617091381,0.255844470260554,121,-0.07220623559517074,-0.11567012209734605,0.3305785123966942,0.4842415204050272,-3.0386362362453117,-0.8341379310344827,0.9181509234962124,160,-0.01378707540876809,-0.02625579272915695,0.425,0.8308779707908713,-0.8325771319564546,-0.4252823933423394,1.317586303757052,False,False,-0.283897987376304
continuation_ret_0.40_0.60_cl0.50_rv2_px1,20,long,124,-0.0592683744533424,-0.1019613587684418,0.3225806451612903,0.6487384853003285,-1.7221161859844025,-0.966923076739678,1.4290243902439024,368,-0.006221080644827409,-0.17990740480521739,0.33152173913043476,0.9710371423912697,-0.116150328671613,-0.9313793103448276,15.118205128205128,646,-0.0019455210345804565,-0.18299433648715557,0.3080495356037152,0.9918512602894038,-0.0186431496831842,-1.0005454548922452,65.81464388674324,True,False,-0.2861663065606499
continuation_ret_0.40_0.60_cl0.50_rv2_px10,5,long,98,-0.05760836517939055,-0.06332259794094473,0.30612244897959184,0.4859012275292281,-2.3811950863852367,-0.6730179987495906,1.264390243902439,287,-0.0034560350305145073,-0.10999999999999997,0.37282229965156793,0.97539234340378,-0.11876109149650964,-0.8568965517241379,3.9892307232808957,348,-0.06260505750598351,-0.0943453837636498,0.3563218390804598,0.6061090140989035,-3.1689745024104394,-0.9815909090909091,2.0796550321030893,False,False,-0.28767774246456235
continuation_ret_0.40_0.60_cl0.75_rv10_px3,10,long,48,-0.07405960159718235,-0.07404412900557532,0.3333333333333333,0.3781746637086812,-2.5355247602799236,-0.5895275470403236,0.3787240356083086,121,-0.06515646247383856,-0.1310653775391175,0.34710743801652894,0.6534117996777966,-1.2243395682244742,-0.89,5.015641025641026,160,-0.0208961433641124,-0.0349756875637131,0.3875,0.8190338447857254,-0.7778534233787947,-0.9168509609873831,2.4575140538998412,False,False,-0.2882266607659004
continuation_ret_1.00_10.00_cl0.90_rv10_px10,1,long,8,-0.13183816576722274,-0.056606806537986984,0.375,0.28931066617928436,-1.2535668507914712,-0.5198039215686274,0.3220675105485231,22,-0.08367713807750005,-0.18409955539151118,0.36363636363636365,0.5989914089691722,-0.7927746673651231,-0.5763316429559908,1.8060919540229883,28,-0.12679842745928888,-0.23269155801779173,0.25,0.5136723224567518,-1.1080618426706847,-0.9946311478504309,2.498046079451131,False,False,-0.28967805805466845
continuation_ret_0.40_0.60_cl0.90_rv10_px5,3,long,27,-0.06528298040269419,-0.04494911057395989,0.2962962962962963,0.2857432581692026,-2.0326279240106637,-0.5438582617091381,0.255844470260554,45,-0.08706605346886684,-0.12608390541343428,0.26666666666666666,0.4329108665103344,-2.3027341396448575,-0.5384974093264249,0.5818781988932886,69,-0.015564713143788423,-0.02119401889645122,0.42028985507246375,0.7937510247919307,-0.7370835796852727,-0.4197222373853937,0.48211915951731044,False,False,-0.2901218960521135
continuation_ret_0.40_0.60_cl0.75_rv10_px1,3,long,50,-0.07394048785784568,-0.04369074209030365,0.28,0.2581867294355526,-3.243157605064288,-0.5438582617091381,0.255844470260554,127,-0.07277100765322747,-0.10371430533272884,0.3228346456692913,0.4712441457448667,-3.2028412449689645,-0.8341379310344827,0.9181509234962124,176,-0.0080226763813811,-0.02438752056927484,0.4431818181818182,0.897483888777082,-0.5086869176046289,-0.4252823933423394,1.317586303757052,False,False,-0.2907211054556194
continuation_ret_1.00_10.00_cl0.50_rv2_px5,1,long,22,-0.09276176419418433,-0.08311997703788747,0.3181818181818182,0.3706701935903757,-1.8112751147155133,-0.5198039215686274,0.3709523809523809,104,-0.08522173864344487,-0.1722516944014681,0.2980769230769231,0.5684308107165941,-2.1840259307961154,-0.6584848330135473,1.8060919540229883,170,-0.06832867245232847,-0.17252715865820445,0.29411764705882354,0.6787176512653764,-1.537012397646697,-0.9946311478504309,4.400499954223633,False,False,-0.2908539750902487
continuation_ret_1.00_10.00_cl0.50_rv5_px5,1,long,22,-0.09276176419418433,-0.08311997703788747,0.3181818181818182,0.3706701935903757,-1.8112751147155133,-0.5198039215686274,0.3709523809523809,102,-0.08486420122317984,-0.1722516944014681,0.29411764705882354,0.5726720807369962,-2.1369850553207423,-0.6584848330135473,1.8060919540229883,167,-0.07239374235189293,-0.17268315858985905,0.2934131736526946,0.6574963468244712,-1.6351828037101048,-0.9946311478504309,4.400499954223633,False,False,-0.2908539750902487
continuation_ret_1.00_10.00_cl0.50_rv10_px5,1,long,22,-0.09276176419418433,-0.08311997703788747,0.3181818181818182,0.3706701935903757,-1.8112751147155133,-0.5198039215686274,0.3709523809523809,100,-0.0884404839973293,-0.1722516944014681,0.29,0.5534112005867586,-2.229134976795855,-0.6584848330135473,1.8060919540229883,155,-0.06308968306255242,-0.16555554344540546,0.3032258064516129,0.6906229707748479,-1.363064104157075,-0.9946311478504309,4.400499954223633,False,False,-0.2908539750902487
continuation_ret_0.60_1.00_cl0.50_rv5_px10,3,long,39,-0.07926214978002188,-0.07726460703623104,0.358974358974359,0.5309321018529943,-1.4957759776127346,-0.6714634118429044,1.0161437655910943,133,-0.04286774840070354,-0.10444448682996964,0.3233082706766917,0.7186117902822349,-1.3720022021005578,-0.9619444465637207,1.615,167,-0.022510212166736928,-0.12494253125558018,0.32335329341317365,0.8588020756124621,-0.6082658160535889,-0.8409859154929578,2.812815640166634,False,False,-0.2923885158124242
continuation_ret_0.40_0.60_cl0.75_rv10_px5,5,long,45,-0.06369940197414288,-0.06485236719663055,0.35555555555555557,0.38484151528962046,-2.407449889439873,-0.5879527679203064,0.3531380674043534,120,-0.07687066688083696,-0.1442836581550626,0.3416666666666667,0.5314255527522151,-2.084958070957729,-0.8568965517241379,2.938717948717949,144,0.006672083493041282,-0.02910088249770603,0.4513888888888889,1.0716360935634324,0.2672099293065227,-0.5838396624472574,1.5762068823770166,False,False,-0.2943102173956957
continuation_ret_0.40_0.60_cl0.75_rv2_px3,5,long,75,-0.06800912086560781,-0.0673494233280779,0.29333333333333333,0.39820283923997896,-2.9842665685135423,-0.5879527679203064,0.570156037316268,209,-0.0313871238635733,-0.1034988146571839,0.37799043062200954,0.7831404572247054,-1.08315966033896,-0.8568965517241379,2.938717948717949,329,-0.038052269382307116,-0.07819254156429255,0.3799392097264438,0.7193894441449108,-1.96629212158303,-0.919333328406016,2.0796550321030893,False,False,-0.29452936717625056
continuation_ret_0.40_0.60_cl0.75_rv2_px5,5,long,71,-0.06901181196958021,-0.06555554986775002,0.29577464788732394,0.37909363784704736,-3.0141879985391435,-0.5879527679203064,0.570156037316268,202,-0.0296655578488326,-0.1062521978877684,0.3712871287128713,0.7950503857061632,-0.9950119232334536,-0.8568965517241379,2.938717948717949,290,-0.032151428597449246,-0.0735373935774452,0.3896551724137931,0.7581720329474017,-1.5233016658627618,-0.919333328406016,2.0796550321030893,False,False,-0.2951404780622104
continuation_ret_1.00_10.00_cl0.50_rv2_px10,1,long,21,-0.09555880050517665,-0.09653846153846156,0.3333333333333333,0.37460062763087737,-1.7817158636969197,-0.5198039215686274,0.3709523809523809,89,-0.08496569907768846,-0.1857455325381927,0.3146067415730337,0.5882301582997321,-1.9254825134170988,-0.5763316429559908,1.8060919540229883,146,-0.08325625189579985,-0.17908917487675435,0.2945205479452055,0.6287885281730149,-1.6658497892760853,-0.9946311478504309,4.400499954223633,False,False,-0.2953763091534991
continuation_ret_1.00_10.00_cl0.50_rv5_px10,1,long,21,-0.09555880050517665,-0.09653846153846156,0.3333333333333333,0.37460062763087737,-1.7817158636969197,-0.5198039215686274,0.3709523809523809,87,-0.08454063130759022,-0.1857455325381927,0.3103448275862069,0.5932878660792033,-1.8764503987336787,-0.5763316429559908,1.8060919540229883,143,-0.0883167372913081,-0.18063359589695616,0.2937062937062937,0.603957168924229,-1.7724549336308,-0.9946311478504309,4.400499954223633,False,False,-0.2953763091534991
continuation_ret_1.00_10.00_cl0.50_rv10_px10,1,long,21,-0.09555880050517665,-0.09653846153846156,0.3333333333333333,0.37460062763087737,-1.7817158636969197,-0.5198039215686274,0.3709523809523809,86,-0.08025745576734228,-0.18497781399407415,0.313953488372093,0.6085276573141299,-1.7687984067117593,-0.5763316429559908,1.8060919540229883,132,-0.08057173828634778,-0.1751139562232058,0.30303030303030304,0.6270339600734127,-1.5402845418960314,-0.9946311478504309,4.400499954223633,False,False,-0.2953763091534991
continuation_ret_0.40_0.60_cl0.75_rv10_px3,5,long,48,-0.07189159917718263,-0.06645248659791396,0.3333333333333333,0.34196019170099623,-2.826534154183452,-0.5879527679203064,0.3531380674043534,121,-0.07610972032441678,-0.14031157432127295,0.34710743801652894,0.5321978611420775,-2.0811432482783863,-0.8568965517241379,2.938717948717949,160,0.003014814191642426,-0.03432100043288477,0.44375,1.0319683722123785,0.13061511682881932,-0.5838396624472574,1.5762068823770166,False,False,-0.2962053544420881
continuation_ret_0.40_0.60_cl0.90_rv10_px3,3,long,28,-0.06563583484267865,-0.04921367236778428,0.2857142857142857,0.277297472097395,-2.120620940141167,-0.5438582617091381,0.255844470260554,46,-0.08798521842632123,-0.1273446772693585,0.2608695652173913,0.4249549294599626,-2.3786092968386563,-0.5384974093264249,0.5818781988932886,74,-0.01834242432060542,-0.02438752056927484,0.40540540540540543,0.7601237159875248,-0.9151294136661825,-0.4197222373853937,0.48211915951731044,False,False,-0.29627225910740057
continuation_ret_0.40_0.60_cl0.75_rv2_px1,20,long,78,-0.06781812657009044,-0.09426582354532052,0.32051282051282054,0.5578317444708106,-1.883434079944635,-0.6855905451737051,1.2449019562011039,222,0.032696863270554294,-0.16668134181608013,0.34684684684684686,1.1522922274587242,0.4096949111403985,-0.9313793103448276,15.118205128205128,374,-0.05016453574188646,-0.11256300185573363,0.33689839572192515,0.7483059081160821,-1.6094916049619814,-0.9672994799310713,5.547923104745681,False,False,-0.2963277675000183
continuation_ret_0.40_0.60_cl0.50_rv2_px3,5,long,120,-0.05065416000138554,-0.06833572861319147,0.31666666666666665,0.5638875772139551,-2.1723631044033715,-0.6730179987495906,1.264390243902439,351,0.0009574815785256631,-0.10999999999999997,0.37606837606837606,1.0067369685817795,0.036575363270202006,-0.8568965517241379,3.9892307232808957,568,-0.06190564460239715,-0.09884599914353197,0.34507042253521125,0.5956336535082011,-4.3051666921440175,-0.9815909090909091,2.0796550321030893,True,False,-0.2968865051032482
continuation_ret_1.00_10.00_cl0.90_rv10_px5,1,long,9,-0.12096992531123638,-0.03402400166334551,0.3333333333333333,0.2828264998278137,-1.2953729090594308,-0.5198039215686274,0.3220675105485231,26,-0.10766116539311721,-0.17586956476262333,0.3076923076923077,0.49554691301379955,-1.1721049024095611,-0.6584848330135473,1.8060919540229883,30,-0.12894448984135035,-0.22080790362961233,0.23333333333333334,0.49223229878231584,-1.2086244892809175,-0.9946311478504309,2.498046079451131,False,False,-0.2969056601324155
continuation_ret_0.40_0.60_cl0.90_rv10_px1,20,long,30,0.041888386079312445,-0.023044879385745447,0.4,1.4027032721305215,0.6226816001068507,-0.6855905451737051,1.2449019562011039,48,-0.08646098283754979,-0.21872843182677615,0.3333333333333333,0.6552058081631024,-0.9076143874702574,-0.8505951089985913,3.5495055574377643,81,0.05151485507615075,-0.00416910188418095,0.48148148148148145,1.6282684761595516,1.381399770764347,-0.5214753990716684,1.7715697723004975,False,False,-0.2969059087513558
continuation_ret_1.00_10.00_cl0.90_rv10_px1,1,long,9,-0.12096992531123638,-0.03402400166334551,0.3333333333333333,0.2828264998278137,-1.2953729090594308,-0.5198039215686274,0.3220675105485231,28,-0.0536720686294867,-0.12741868454134447,0.35714285714285715,0.7291712751068167,-0.5572648833989078,-0.6584848330135473,1.8060919540229883,33,-0.12899864753021578,-0.21467029680056238,0.21212121212121213,0.46834155751598966,-1.3298462809973977,-0.9946311478504309,2.498046079451131,False,False,-0.29703036281946804
continuation_ret_1.00_10.00_cl0.90_rv10_px3,1,long,9,-0.12096992531123638,-0.03402400166334551,0.3333333333333333,0.2828264998278137,-1.2953729090594308,-0.5198039215686274,0.3220675105485231,26,-0.10766116539311721,-0.17586956476262333,0.3076923076923077,0.49554691301379955,-1.1721049024095611,-0.6584848330135473,1.8060919540229883,33,-0.12899864753021578,-0.21467029680056238,0.21212121212121213,0.46834155751598966,-1.3298462809973977,-0.9946311478504309,2.498046079451131,False,False,-0.29703036281946804
continuation_ret_0.40_0.60_cl0.90_rv10_px1,3,long,30,-0.06777849485774338,-0.04921367236778428,0.3,0.3014453485074284,-2.140844228341099,-0.5438582617091381,0.255844470260554,48,-0.08659595409690386,-0.12161336100445608,0.25,0.41845738725662784,-2.441332439942515,-0.5384974093264249,0.5818781988932886,81,-0.02219524024481307,-0.02526147653948895,0.4074074074074074,0.7103766901539157,-1.1920600679886788,-0.4197222373853937,0.48211915951731044,False,False,-0.29736939832895093
continuation_ret_1.00_10.00_cl0.75_rv10_px10,1,long,15,-0.0736772476924618,-0.03930402930402931,0.4,0.5042661698899386,-1.0222440887506614,-0.5198039215686274,0.3709523809523809,54,-0.10757591713292879,-0.21343451349920206,0.2962962962962963,0.5113092209537835,-1.8568268298617587,-0.5763316429559908,1.8060919540229883,67,-0.09537499096856925,-0.21385178255785742,0.2835820895522388,0.5969937614982062,-1.1043778056501152,-0.9946311478504309,4.400499954223633,False,False,-0.2982637746273596
continuation_ret_1.00_10.00_cl0.75_rv2_px3,1,long,16,-0.07119891981564204,-0.03666401548368741,0.375,0.496685788974789,-1.0553520528834073,-0.5198039215686274,0.3709523809523809,66,-0.10615371240061572,-0.19307730452125482,0.30303030303030304,0.5005877466368912,-2.112655974196472,-0.6584848330135473,1.8060919540229883,90,-0.09536356121741509,-0.17989390785200593,0.24444444444444444,0.5753768594995385,-1.4119883407041383,-0.9946311478504309,4.400499954223633,False,False,-0.30075611449453027
continuation_ret_1.00_10.00_cl0.75_rv2_px5,1,long,16,-0.07119891981564204,-0.03666401548368741,0.375,0.496685788974789,-1.0553520528834073,-0.5198039215686274,0.3709523809523809,66,-0.10615371240061572,-0.19307730452125482,0.30303030303030304,0.5005877466368912,-2.112655974196472,-0.6584848330135473,1.8060919540229883,84,-0.09392586508584043,-0.19289165645533973,0.2619047619047619,0.5958027859729438,-1.298601508032616,-0.9946311478504309,4.400499954223633,False,False,-0.30075611449453027
continuation_ret_1.00_10.00_cl0.75_rv5_px3,1,long,16,-0.07119891981564204,-0.03666401548368741,0.375,0.496685788974789,-1.0553520528834073,-0.5198039215686274,0.3709523809523809,64,-0.10623801131697992,-0.19307730452125482,0.296875,0.5054531752733687,-2.0557205369691287,-0.6584848330135473,1.8060919540229883,89,-0.09538076600267435,-0.18063359589695616,0.24719101123595505,0.5780603768946093,-1.396463378889165,-0.9946311478504309,4.400499954223633,False,False,-0.30099495130926285
continuation_ret_1.00_10.00_cl0.75_rv5_px5,1,long,16,-0.07119891981564204,-0.03666401548368741,0.375,0.496685788974789,-1.0553520528834073,-0.5198039215686274,0.3709523809523809,64,-0.10623801131697992,-0.19307730452125482,0.296875,0.5054531752733687,-2.0557205369691287,-0.6584848330135473,1.8060919540229883,83,-0.09392699195037656,-0.2051497170137233,0.26506024096385544,0.5986806919637365,-1.28306422650419,-0.9946311478504309,4.400499954223633,False,False,-0.30099495130926285
continuation_ret_1.00_10.00_cl0.90_rv2_px10,1,long,8,-0.13183816576722274,-0.056606806537986984,0.375,0.28931066617928436,-1.2535668507914712,-0.5198039215686274,0.3220675105485231,22,-0.08367713807750005,-0.18409955539151118,0.36363636363636365,0.5989914089691722,-0.7927746673651231,-0.5763316429559908,1.8060919540229883,29,-0.13720918014485828,-0.23843760557692117,0.2413793103448276,0.4851802478882236,-1.237167557738023,-0.9946311478504309,2.498046079451131,False,False,-0.30147938285043546
continuation_ret_1.00_10.00_cl0.90_rv5_px10,1,long,8,-0.13183816576722274,-0.056606806537986984,0.375,0.28931066617928436,-1.2535668507914712,-0.5198039215686274,0.3220675105485231,22,-0.08367713807750005,-0.18409955539151118,0.36363636363636365,0.5989914089691722,-0.7927746673651231,-0.5763316429559908,1.8060919540229883,29,-0.13720918014485828,-0.23843760557692117,0.2413793103448276,0.4851802478882236,-1.237167557738023,-0.9946311478504309,2.498046079451131,False,False,-0.30147938285043546
continuation_ret_0.40_0.60_cl0.75_rv10_px1,5,long,50,-0.04390735779483923,-0.06645248659791396,0.34,0.6063944813335455,-1.054558999721598,-0.5879527679203064,1.5889582722152882,127,-0.07797838139046535,-0.13788906009244994,0.3464566929133858,0.5148259002768782,-2.2327541529069714,-0.8568965517241379,2.938717948717949,176,0.00920645874208113,-0.02910088249770603,0.45454545454545453,1.0997575843479321,0.41298599742349973,-0.5838396624472574,1.5762068823770166,False,False,-0.30659739874938524
continuation_ret_1.00_10.00_cl0.50_rv2_px3,1,long,23,-0.09685711162578804,-0.09653846153846156,0.30434782608695654,0.3504647900281456,-1.9723577690211815,-0.5198039215686274,0.3709523809523809,105,-0.08758337878538461,-0.17831683168316836,0.29523809523809524,0.5593557010294647,-2.26201654855473,-0.6584848330135473,1.8060919540229883,182,-0.07224976491933115,-0.16896335108597765,0.29120879120879123,0.6532356771152398,-1.7336180519717297,-0.9946311478504309,4.400499954223633,False,False,-0.30781711459877426
continuation_ret_1.00_10.00_cl0.50_rv5_px3,1,long,23,-0.09685711162578804,-0.09653846153846156,0.30434782608695654,0.3504647900281456,-1.9723577690211815,-0.5198039215686274,0.3709523809523809,103,-0.08727516969234428,-0.17831683168316836,0.2912621359223301,0.5634047600388075,-2.215189554644761,-0.6584848330135473,1.8060919540229883,179,-0.07610803279993601,-0.17237115872654984,0.2905027932960894,0.6324364669109218,-1.8357005723054267,-0.9946311478504309,4.400499954223633,False,False,-0.30781711459877426
continuation_ret_1.00_10.00_cl0.50_rv10_px3,1,long,23,-0.09685711162578804,-0.09653846153846156,0.30434782608695654,0.3504647900281456,-1.9723577690211815,-0.5198039215686274,0.3709523809523809,101,-0.09086378567604003,-0.17831683168316836,0.2871287128712871,0.5442541507552603,-2.308842314400811,-0.6584848330135473,1.8060919540229883,167,-0.06773942379112605,-0.15724807365519433,0.2994011976047904,0.6610398576211651,-1.5703939594319687,-0.9946311478504309,4.400499954223633,False,False,-0.30781711459877426
continuation_ret_0.40_0.60_cl0.75_rv5_px3,10,long,61,-0.07561389096501292,-0.07333333333333335,0.36065573770491804,0.3773784375897801,-2.890932145105683,-0.5895275470403236,0.3787240356083086,175,-0.04901084218273466,-0.11948193391599547,0.37142857142857144,0.7234057653273525,-1.1885069481492434,-0.89,5.015641025641026,258,-0.04895870756452916,-0.05690616318017049,0.3798449612403101,0.6642130257748379,-2.1997903595972987,-0.9307914553297635,2.4575140538998412,False,False,-0.3120686893887552
continuation_ret_1.00_10.00_cl0.75_rv2_px10,1,long,15,-0.0736772476924618,-0.03930402930402931,0.4,0.5042661698899386,-1.0222440887506614,-0.5198039215686274,0.3709523809523809,57,-0.1134895710017718,-0.22645995049408718,0.2982456140350877,0.4874218399089337,-2.0496530679140057,-0.5763316429559908,1.8060919540229883,73,-0.09717530410855973,-0.21467029680056238,0.273972602739726,0.6037932921012286,-1.1779850298274777,-0.9946311478504309,4.400499954223633,False,False,-0.3146599046513434
continuation_ret_1.00_10.00_cl0.75_rv5_px10,1,long,15,-0.0736772476924618,-0.03930402930402931,0.4,0.5042661698899386,-1.0222440887506614,-0.5198039215686274,0.3709523809523809,55,-0.11385442278085582,-0.22645995049408718,0.2909090909090909,0.49254345956102924,-1.9898447412596638,-0.5763316429559908,1.8060919540229883,72,-0.09722173423049332,-0.22080790362961233,0.2777777777777778,0.6069743083660081,-1.1622914410090741,-0.9946311478504309,4.400499954223633,False,False,-0.31567148857932087
continuation_ret_1.00_10.00_cl0.50_rv2_px1,1,long,24,-0.09817003735241477,-0.11057283641572684,0.2916666666666667,0.33782079734051523,-2.0871715911126887,-0.5198039215686274,0.3709523809523809,108,-0.07291014031134549,-0.16363999824179248,0.3148148148148148,0.6226982229499373,-1.8519560926510477,-0.6584848330135473,1.8060919540229883,185,-0.06918598989682116,-0.16555554344540546,0.2918918918918919,0.6651995460223589,-1.6794694944278021,-0.9946311478504309,4.400499954223633,False,False,-0.31599715996009614
continuation_ret_1.00_10.00_cl0.50_rv5_px1,1,long,24,-0.09817003735241477,-0.11057283641572684,0.2916666666666667,0.33782079734051523,-2.0871715911126887,-0.5198039215686274,0.3709523809523809,106,-0.07233380056105086,-0.16363999824179248,0.3113207547169811,0.6276098204644172,-1.8063887488774872,-0.6584848330135473,1.8060919540229883,182,-0.07293015816913292,-0.16896335108597765,0.29120879120879123,0.6448467836634164,-1.779609023014509,-0.9946311478504309,4.400499954223633,False,False,-0.31599715996009614
continuation_ret_1.00_10.00_cl0.50_rv10_px1,1,long,24,-0.09817003735241477,-0.11057283641572684,0.2916666666666667,0.33782079734051523,-2.0871715911126887,-0.5198039215686274,0.3709523809523809,104,-0.07553156475423052,-0.16363999824179248,0.3076923076923077,0.6099032407501636,-1.8853789055377281,-0.6584848330135473,1.8060919540229883,170,-0.0644849099335982,-0.15609842250497902,0.3,0.6745468085946951,-1.5138851248879244,-0.9946311478504309,4.400499954223633,False,False,-0.31599715996009614
continuation_ret_0.60_1.00_cl0.90_rv2_px1,5,long,10,-0.1322354789471698,-0.1975073299820434,0.2,0.40636962630950596,-1.089104631440714,-0.51,0.8774172185430464,46,-0.000472479824118292,-0.14803515462325922,0.30434782608695654,0.9975223008299352,-0.003947369565793578,-0.9544444444444444,4.823333333333333,80,-0.05415316721956812,-0.0639112324736346,0.4125,0.6579988523127875,-1.5204839923189273,-0.6932394398434061,0.789422676144877,False,False,-0.31708682986364695
continuation_ret_0.60_1.00_cl0.90_rv2_px3,5,long,10,-0.1322354789471698,-0.1975073299820434,0.2,0.40636962630950596,-1.089104631440714,-0.51,0.8774172185430464,45,0.009118204276234986,-0.1416737883080741,0.3111111111111111,1.0491999848484488,0.07474461039945515,-0.9544444444444444,4.823333333333333,74,-0.068455101871424,-0.13285890070320272,0.3783783783783784,0.5899084277950294,-1.8310840161438386,-0.6932394398434061,0.789422676144877,False,False,-0.31708682986364695
continuation_ret_0.60_1.00_cl0.90_rv2_px5,5,long,10,-0.1322354789471698,-0.1975073299820434,0.2,0.40636962630950596,-1.089104631440714,-0.51,0.8774172185430464,42,0.016983090647483576,-0.1388091863454728,0.30952380952380953,1.0897461127020849,0.1300421302078817,-0.9544444444444444,4.823333333333333,61,-0.08360419024470674,-0.14513512674210938,0.3442622950819672,0.4873187191269999,-2.165482248962124,-0.6932394398434061,0.789422676144877,False,False,-0.31708682986364695
continuation_ret_0.60_1.00_cl0.90_rv5_px1,5,long,10,-0.1322354789471698,-0.1975073299820434,0.2,0.40636962630950596,-1.089104631440714,-0.51,0.8774172185430464,43,0.007160905153193061,-0.15439652093844436,0.3023255813953488,1.0366412953613036,0.05596571399007267,-0.9544444444444444,4.823333333333333,70,-0.055510521098820896,-0.09285791775716766,0.4,0.6503375757000956,-1.4642316435111797,-0.6932394398434061,0.789422676144877,False,False,-0.31708682986364695
continuation_ret_0.60_1.00_cl0.90_rv5_px3,5,long,10,-0.1322354789471698,-0.1975073299820434,0.2,0.40636962630950596,-1.089104631440714,-0.51,0.8774172185430464,42,0.017618385379221852,-0.14803515462325922,0.30952380952380953,1.0928266340697623,0.13490663067050912,-0.9544444444444444,4.823333333333333,64,-0.0721743849662092,-0.14719420997495397,0.359375,0.5722211067512677,-1.801788608780431,-0.6932394398434061,0.789422676144877,False,False,-0.31708682986364695
continuation_ret_0.60_1.00_cl0.90_rv5_px5,5,long,10,-0.1322354789471698,-0.1975073299820434,0.2,0.40636962630950596,-1.089104631440714,-0.51,0.8774172185430464,39,0.026742123094642398,-0.1416737883080741,0.3076923076923077,1.13759884541085,0.19029782901180856,-0.9544444444444444,4.823333333333333,52,-0.09797018900203638,-0.15010349269271983,0.3076923076923077,0.4233125600000811,-2.382728192972246,-0.6932394398434061,0.789422676144877,False,False,-0.31708682986364695
continuation_ret_0.60_1.00_cl0.90_rv10_px1,5,long,10,-0.1322354789471698,-0.1975073299820434,0.2,0.40636962630950596,-1.089104631440714,-0.51,0.8774172185430464,38,0.021994654978078464,-0.1899255193248685,0.3157894736842105,1.1073987646249608,0.15218111279485247,-0.9544444444444444,4.823333333333333,55,-0.044848404663064986,-0.045031847133757956,0.43636363636363634,0.6938838415627022,-1.108672038499713,-0.6932394398434061,0.6933074595052526,False,False,-0.31708682986364695
continuation_ret_0.60_1.00_cl0.90_rv10_px3,5,long,10,-0.1322354789471698,-0.1975073299820434,0.2,0.40636962630950596,-1.089104631440714,-0.51,0.8774172185430464,37,0.03426622036505399,-0.15439652093844436,0.32432432432432434,1.1724935641403635,0.23160097614706895,-0.9544444444444444,4.823333333333333,49,-0.06530788606915307,-0.06268930409722993,0.3877551020408163,0.5867185279142365,-1.5087108127168811,-0.6932394398434061,0.6933074595052526,False,False,-0.31708682986364695
continuation_ret_0.60_1.00_cl0.90_rv10_px5,5,long,10,-0.1322354789471698,-0.1975073299820434,0.2,0.40636962630950596,-1.089104631440714,-0.51,0.8774172185430464,34,0.04620061083149217,-0.18356415300968337,0.3235294117647059,1.2257520085521527,0.2871717495784553,-0.9544444444444444,4.823333333333333,40,-0.08364323143901778,-0.10391221541966966,0.35,0.46645527345566323,-1.8614959230889285,-0.6932394398434061,0.6933074595052526,False,False,-0.31708682986364695
continuation_ret_1.00_10.00_cl0.90_rv2_px1,1,long,9,-0.12096992531123638,-0.03402400166334551,0.3333333333333333,0.2828264998278137,-1.2953729090594308,-0.5198039215686274,0.3220675105485231,29,-0.029724976513383735,-0.11309820879375375,0.3793103448275862,0.8446512090707254,-0.30973619620772097,-0.6584848330135473,1.8060919540229883,34,-0.1378136948187624,-0.22080790362961233,0.20588235294117646,0.4445398461078082,-1.4580624797530493,-0.9946311478504309,2.498046079451131,False,False,-0.3173277593001131
continuation_ret_1.00_10.00_cl0.90_rv2_px3,1,long,9,-0.12096992531123638,-0.03402400166334551,0.3333333333333333,0.2828264998278137,-1.2953729090594308,-0.5198039215686274,0.3220675105485231,27,-0.07994061842531659,-0.14173916028893518,0.3333333333333333,0.6110268469777083,-0.863005124614825,-0.6584848330135473,1.8060919540229883,34,-0.1378136948187624,-0.22080790362961233,0.20588235294117646,0.4445398461078082,-1.4580624797530493,-0.9946311478504309,2.498046079451131,False,False,-0.3173277593001131
continuation_ret_1.00_10.00_cl0.90_rv5_px1,1,long,9,-0.12096992531123638,-0.03402400166334551,0.3333333333333333,0.2828264998278137,-1.2953729090594308,-0.5198039215686274,0.3220675105485231,29,-0.029724976513383735,-0.11309820879375375,0.3793103448275862,0.8446512090707254,-0.30973619620772097,-0.6584848330135473,1.8060919540229883,34,-0.1378136948187624,-0.22080790362961233,0.20588235294117646,0.4445398461078082,-1.4580624797530493,-0.9946311478504309,2.498046079451131,False,False,-0.3173277593001131
continuation_ret_1.00_10.00_cl0.90_rv5_px3,1,long,9,-0.12096992531123638,-0.03402400166334551,0.3333333333333333,0.2828264998278137,-1.2953729090594308,-0.5198039215686274,0.3220675105485231,27,-0.07994061842531659,-0.14173916028893518,0.3333333333333333,0.6110268469777083,-0.863005124614825,-0.6584848330135473,1.8060919540229883,34,-0.1378136948187624,-0.22080790362961233,0.20588235294117646,0.4445398461078082,-1.4580624797530493,-0.9946311478504309,2.498046079451131,False,False,-0.3173277593001131
continuation_ret_1.00_10.00_cl0.90_rv2_px5,1,long,9,-0.12096992531123638,-0.03402400166334551,0.3333333333333333,0.2828264998278137,-1.2953729090594308,-0.5198039215686274,0.3220675105485231,27,-0.07994061842531659,-0.14173916028893518,0.3333333333333333,0.6110268469777083,-0.863005124614825,-0.6584848330135473,1.8060919540229883,31,-0.13861435324455842,-0.2269455104586623,0.22580645161290322,0.4660083207139173,-1.337457658082308,-0.9946311478504309,2.498046079451131,False,False,-0.31917134345593107
continuation_ret_1.00_10.00_cl0.90_rv5_px5,1,long,9,-0.12096992531123638,-0.03402400166334551,0.3333333333333333,0.2828264998278137,-1.2953729090594308,-0.5198039215686274,0.3220675105485231,27,-0.07994061842531659,-0.14173916028893518,0.3333333333333333,0.6110268469777083,-0.863005124614825,-0.6584848330135473,1.8060919540229883,31,-0.13861435324455842,-0.2269455104586623,0.22580645161290322,0.4660083207139173,-1.337457658082308,-0.9946311478504309,2.498046079451131,False,False,-0.31917134345593107
continuation_ret_1.00_10.00_cl0.75_rv10_px3,1,long,16,-0.07119891981564204,-0.03666401548368741,0.375,0.496685788974789,-1.0553520528834073,-0.5198039215686274,0.3709523809523809,62,-0.11269568708476292,-0.19307730452125482,0.2903225806451613,0.47447453494434666,-2.1820958445927685,-0.6584848330135473,1.8060919540229883,83,-0.09110864560632882,-0.17237115872654984,0.25301204819277107,0.5762955715938956,-1.2947826135331766,-0.9946311478504309,4.400499954223633,False,False,-0.3192909244661341
continuation_ret_1.00_10.00_cl0.75_rv10_px5,1,long,16,-0.07119891981564204,-0.03666401548368741,0.375,0.496685788974789,-1.0553520528834073,-0.5198039215686274,0.3709523809523809,62,-0.11269568708476292,-0.19307730452125482,0.2903225806451613,0.47447453494434666,-2.1820958445927685,-0.6584848330135473,1.8060919540229883,77,-0.08920869796063025,-0.1791542198070557,0.2727272727272727,0.59957483662716,-1.1767122795450145,-0.9946311478504309,4.400499954223633,False,False,-0.3192909244661341
continuation_ret_0.60_1.00_cl0.50_rv5_px10,2,long,39,-0.08719567051191797,-0.06932201677545423,0.358974358974359,0.4103335877254352,-1.9634696139218848,-0.6519512120688834,0.9507842892817044,133,-0.07766873299066414,-0.12363636801503373,0.3308270676691729,0.4812078955483203,-3.2844477860147947,-0.937944442960951,1.0816029634081727,167,-0.04043978660022361,-0.11919538276925322,0.32335329341317365,0.7322485198928113,-1.299440189801619,-0.817103490508267,2.1682946850345752,False,False,-0.3216543174391026
continuation_ret_0.60_1.00_cl0.75_rv5_px1,1,long,28,-0.09582855588545089,-0.0915737707461992,0.2857142857142857,0.25604756514624094,-2.8691753514471183,-0.4187804933873619,0.2861038687595483,102,0.0006049650746707999,-0.10092680523967716,0.3235294117647059,1.0047301335950294,0.014431693041228832,-0.9221666643354628,2.001428651355562,158,0.002914849466729744,-0.04199439890458039,0.379746835443038,1.0284789554286595,0.10053468531579467,-0.5846478765783176,2.7569905070052245,False,False,-0.3226830966267046
continuation_ret_0.60_1.00_cl0.75_rv10_px1,1,long,28,-0.09582855588545089,-0.0915737707461992,0.2857142857142857,0.25604756514624094,-2.8691753514471183,-0.4187804933873619,0.2861038687595483,90,-0.012910234536571856,-0.10092680523967716,0.3111111111111111,0.9015991269655556,-0.3030786300399249,-0.9221666643354628,2.001428651355562,126,-0.00425914295859519,-0.03900835859636869,0.38095238095238093,0.9575735465020224,-0.1563984792721221,-0.5846478765783176,1.6608332697550454,False,False,-0.3226830966267046
continuation_ret_0.40_0.60_cl0.50_rv5_px1,10,long,106,-0.02699643595439272,-0.08280495164923328,0.37735849056603776,0.7929401352340334,-0.756648843408066,-0.6886552151384843,1.9960975609756095,314,-0.02289311644203001,-0.13122633038805587,0.35987261146496813,0.8675019014495676,-0.6858185438653307,-0.89,5.155605364825077,520,-0.06965407679298291,-0.09620085739609173,0.36346153846153845,0.6076831268810392,-4.0188890439228615,-1.000909090909091,2.4575140538998412,True,False,-0.3254815784760744
continuation_ret_0.40_0.60_cl0.90_rv2_px1,10,long,46,-0.02833823126898679,-0.05494204501166255,0.391304347826087,0.7174682780236724,-0.8655086293774875,-0.5895275470403236,0.43791668412896523,100,-0.08465409704532177,-0.1148858496812865,0.38,0.5014218631488088,-2.6932323212843214,-0.8293411235317367,1.0110525780393365,170,-0.015746414411953485,-0.043991418880343795,0.4,0.8801593418277684,-0.5483036873341223,-0.9280611677244032,2.1900000000000004,False,False,-0.32593076871397614
continuation_ret_0.40_0.60_cl0.75_rv5_px10,10,long,49,-0.06307019114755588,-0.07333333333333335,0.3469387755102041,0.44638070292756205,-2.1608814986081857,-0.5895275470403236,0.3787240356083086,139,-0.03800042069354294,-0.12132640658546222,0.37410071942446044,0.7870977991470572,-0.7600805412423349,-0.89,5.015641025641026,160,-0.08340706215577813,-0.07438572254207836,0.3375,0.4878811366694736,-3.2041378174507873,-0.9307914553297635,1.1882758774248983,False,False,-0.3262903459685793
continuation_ret_0.60_1.00_cl0.50_rv10_px10,3,long,37,-0.09024540210314212,-0.12231882346992572,0.35135135135135137,0.48731107445260113,-1.6481683929919706,-0.6714634118429044,1.0161437655910943,119,-0.05223765858357774,-0.1002043531234985,0.3277310924369748,0.6504249152465027,-1.7805504033759785,-0.9619444465637207,1.1862427989144584,135,-0.03194533684297085,-0.12446643815967705,0.3111111111111111,0.7995163214588803,-0.8307255261240335,-0.8409859154929578,2.358888888888889,False,False,-0.32827542566933227
continuation_ret_0.60_1.00_cl0.90_rv2_px10,5,long,8,-0.15017758799225553,-0.23679739548584988,0.125,0.4220710085449326,-0.9862975015706085,-0.51,0.8774172185430464,32,-0.10331785793182796,-0.18356415300968337,0.25,0.49807113038723616,-1.4190824879044879,-0.9544444444444444,1.3532610566971084,47,-0.09004885353095397,-0.1509536921776411,0.3617021276595745,0.4877613196150835,-1.9079013377117222,-0.6932394398434061,0.789422676144877,False,False,-0.32997388730165655
continuation_ret_0.60_1.00_cl0.90_rv5_px10,5,long,8,-0.15017758799225553,-0.23679739548584988,0.125,0.4220710085449326,-0.9862975015706085,-0.51,0.8774172185430464,32,-0.10331785793182796,-0.18356415300968337,0.25,0.49807113038723616,-1.4190824879044879,-0.9544444444444444,1.3532610566971084,42,-0.10126739468842283,-0.15344981390679724,0.3333333333333333,0.41994414294699584,-2.1258898427680584,-0.6932394398434061,0.789422676144877,False,False,-0.32997388730165655
continuation_ret_0.60_1.00_cl0.90_rv10_px10,5,long,8,-0.15017758799225553,-0.23679739548584988,0.125,0.4220710085449326,-0.9862975015706085,-0.51,0.8774172185430464,27,-0.10289975874958578,-0.22545451771129266,0.25925925925925924,0.5342741006425372,-1.2034051941747572,-0.9544444444444444,1.3532610566971084,31,-0.08560526772827018,-0.14513512674210938,0.3870967741935484,0.46044968524599017,-1.6252373520291397,-0.6932394398434061,0.6933074595052526,False,False,-0.32997388730165655
continuation_ret_0.60_1.00_cl0.50_rv5_px5,3,long,46,-0.08640552818141212,-0.09979171525307838,0.34782608695652173,0.47748746848422924,-1.8878171681046847,-0.6714634118429044,1.0161437655910943,151,0.0054509120206367515,-0.08498463429625079,0.3509933774834437,1.0375521384666142,0.11074215084612599,-0.9619444465637207,5.983333180745443,223,-0.015879945676597618,-0.10787729854641136,0.35874439461883406,0.8919196499155636,-0.5373996793661645,-0.8409859154929578,2.812815640166634,False,False,-0.3326740371021547
continuation_ret_0.40_0.60_cl0.90_rv2_px3,10,long,43,-0.03940367752726926,-0.06063294195399093,0.37209302325581395,0.5939202416931865,-1.3047200540887731,-0.5895275470403236,0.3787240356083086,95,-0.08819984988288575,-0.11944809049837056,0.37894736842105264,0.4960780421810268,-2.6812834763792113,-0.8293411235317367,1.0110525780393365,151,-0.01770860527931825,-0.044013617077293114,0.39072847682119205,0.8667673297130762,-0.5676675959127105,-0.9280611677244032,2.1900000000000004,False,False,-0.333764957639963
continuation_ret_0.60_1.00_cl0.50_rv5_px3,2,long,47,-0.08653665229734095,-0.06932201677545423,0.3404255319148936,0.38778952803979677,-2.2924441670554407,-0.6519512120688834,0.9507842892817044,161,0.0017433391749702592,-0.10970238095238093,0.36645962732919257,1.0125793046065472,0.02963891165011857,-0.937944442960951,8.656666666666666,264,-0.023435896542793325,-0.07742873838203261,0.3560606060606061,0.8213648386033694,-0.9970193540159993,-0.817103490508267,2.535454451625901,False,False,-0.33500077585405097
continuation_ret_0.60_1.00_cl0.50_rv5_px3,3,long,47,-0.08671411414330156,-0.10090906839021628,0.3404255319148936,0.4712362278442407,-1.9361569382220185,-0.6714634118429044,1.0161437655910943,161,0.014654043040282031,-0.09080800685720757,0.35403726708074534,1.1025578984985311,0.310820885045223,-0.9619444465637207,5.983333180745443,264,-0.017495930614574565,-0.10014227255621676,0.36742424242424243,0.8764176581232381,-0.6778642385618471,-0.8409859154929578,2.812815640166634,False,False,-0.33568776633153125
continuation_ret_0.60_1.00_cl0.50_rv5_px1,2,long,51,-0.08564081257288604,-0.06932201677545423,0.3137254901960784,0.37101023715547454,-2.46013511575506,-0.6519512120688834,0.9507842892817044,165,-0.003403613030756188,-0.11067877013126613,0.3575757575757576,0.9757461444273778,-0.05921769984973905,-0.937944442960951,8.656666666666666,294,-0.014869644801491786,-0.06328376158794767,0.3673469387755102,0.8809735677089177,-0.6837315460185361,-0.817103490508267,2.535454451625901,False,False,-0.3383877227328253
continuation_ret_0.60_1.00_cl0.50_rv5_px1,3,long,51,-0.08583938614472275,-0.10090906839021628,0.3333333333333333,0.4587851016751417,-2.0695141940310178,-0.6714634118429044,1.0161437655910943,165,0.01115122698522537,-0.09080800685720757,0.3575757575757576,1.0774538534114826,0.24173009298510448,-0.9619444465637207,5.983333180745443,294,-0.011030807537814167,-0.09279357888395683,0.38095238095238093,0.9204035034919926,-0.4589976011112288,-0.8409859154929578,2.812815640166634,False,False,-0.3391723353112214
continuation_ret_0.40_0.60_cl0.90_rv2_px5,10,long,41,-0.038147687696341595,-0.06063294195399093,0.3902439024390244,0.6130657723686492,-1.2045626038856085,-0.5895275470403236,0.3787240356083086,91,-0.09082887561618067,-0.11948193391599547,0.3626373626373626,0.48908026678506705,-2.681272843157138,-0.8293411235317367,1.0110525780393365,133,-0.004045845181186264,-0.035260040982488576,0.40601503759398494,0.9668095515445072,-0.12068283481807225,-0.9280611677244032,2.1900000000000004,False,False,-0.33948832885343755
continuation_ret_0.40_0.60_cl0.75_rv2_px10,10,long,62,-0.0832495958053345,-0.09489483028210642,0.3064516129032258,0.3554915487056248,-3.2453094950294386,-0.5895275470403236,0.3787240356083086,171,-0.04826887580636456,-0.1310653775391175,0.3508771929824561,0.7288326347864683,-1.155291233825922,-0.89,5.015641025641026,202,-0.06595592288387646,-0.08993701931644159,0.32673267326732675,0.6426183624836437,-1.9117716035241563,-0.9307914553297635,3.909349227813517,False,False,-0.34491429133914026
continuation_ret_0.40_0.60_cl0.50_rv2_px1,10,long,124,-0.046845726300316436,-0.095837528308558,0.3467741935483871,0.6616592057469787,-1.4953906237978953,-0.6886552151384843,1.9960975609756095,368,-0.037209597639404825,-0.13705881519795748,0.3451086956521739,0.7874965637870833,-1.2791989134007395,-0.89,5.155605364825077,646,-0.07161981509558125,-0.12432921779805717,0.33436532507739936,0.6223007765926536,-4.032912123992345,-1.000909090909091,3.909349227813517,True,False,-0.3458029370890457
continuation_ret_0.60_1.00_cl0.50_rv2_px10,3,long,44,-0.0910646549326776,-0.12277705580324198,0.3181818181818182,0.46616418946989696,-1.920018740985772,-0.6714634118429044,1.0161437655910943,137,-0.046655888439992674,-0.10984399375975039,0.32116788321167883,0.6959625173678281,-1.5313205881289167,-0.9619444465637207,1.615,188,-0.029021892673647007,-0.12927257248240887,0.30851063829787234,0.825525398136989,-0.824870005136563,-0.8409859154929578,2.812815640166634,False,False,-0.34665240607610154
continuation_ret_0.60_1.00_cl0.50_rv5_px5,2,long,46,-0.09102375632743775,-0.07183582251203095,0.32608695652173914,0.3697463184782798,-2.376297675062491,-0.6519512120688834,0.9507842892817044,151,0.0030805887215293835,-0.11067877013126613,0.3708609271523179,1.0217573719447974,0.04927078376039083,-0.937944442960951,8.656666666666666,223,-0.023509218656460416,-0.08735321147395568,0.34977578475336324,0.8264590420807733,-0.8740603478158392,-0.817103490508267,2.535454451625901,False,False,-0.3504548971227252
continuation_ret_0.40_0.60_cl0.90_rv5_px5,10,long,34,-0.024878939117710483,-0.03587321917813046,0.4117647058823529,0.7150845158119649,-0.7279024302793976,-0.5895275470403236,0.3787240356083086,68,-0.09861473565996874,-0.11490277139009895,0.38235294117647056,0.4697677495273006,-2.4091972144403413,-0.8293411235317367,1.0110525780393365,110,0.00010120386719366962,-0.020382327949652994,0.43636363636363634,1.001010362228251,0.0036165852336732386,-0.6640178571428572,1.13058106741092,False,False,-0.3506097092629608
continuation_ret_0.40_0.60_cl0.90_rv5_px10,5,long,32,-0.048442052236382246,-0.06147800772313387,0.34375,0.5211736064174838,-1.3997830897563392,-0.5879527679203064,0.3531380674043534,52,-0.10032870198609821,-0.1103210242540764,0.38461538461538464,0.364465563837189,-2.8883783578484894,-0.6436996336996337,0.45603682838895376,73,-0.003406878349125878,-0.024778321756988457,0.4383561643835616,0.9656729316540371,-0.09911242177482436,-0.6983928571428571,1.1248314472965772,False,False,-0.35080006512650946
continuation_ret_0.60_1.00_cl0.50_rv10_px10,2,long,37,-0.09679467479266975,-0.07434962824860768,0.32432432432432434,0.3789879156179283,-2.0934323077690906,-0.6519512120688834,0.9507842892817044,119,-0.08768001361269863,-0.12363636801503373,0.33613445378151263,0.4177832750614423,-3.9155355674827703,-0.937944442960951,0.6374820143884892,135,-0.03642303056213529,-0.08735321147395568,0.34074074074074073,0.7503887393647573,-1.0909691104514263,-0.817103490508267,2.1682946850345752,False,False,-0.3520989693610319
continuation_ret_0.40_0.60_cl0.90_rv5_px1,10,long,39,-0.015009932636552406,-0.0426087170602698,0.41025641025641024,0.834662943330786,-0.4220460069716526,-0.5895275470403236,0.43791668412896523,73,-0.09547061524140588,-0.11032360886420244,0.3972602739726027,0.4739220046081185,-2.461726475619382,-0.8293411235317367,1.0110525780393365,135,0.013292659055874597,-0.01851783899020342,0.45925925925925926,1.1357343276268042,0.5203651265010676,-0.6640178571428572,1.13058106741092,False,False,-0.35217959103563895
continuation_ret_0.60_1.00_cl0.90_rv2_px10,1,long,8,-0.1606570246944064,-0.14521908546140955,0.0,0.0,-3.9899144459715488,-0.3537500062088169,-0.0066610111117728545,32,-0.08085298561790469,-0.14523089652964705,0.25,0.46554538768027387,-1.3735716106335956,-0.9221666643354628,1.3383580199952216,47,-0.03820604554031596,-0.09219183093053139,0.2978723404255319,0.6904923026455189,-0.7544056651568014,-0.5846478765783176,1.6608332697550454,False,False,-0.3529995631802617
continuation_ret_0.60_1.00_cl0.90_rv5_px10,1,long,8,-0.1606570246944064,-0.14521908546140955,0.0,0.0,-3.9899144459715488,-0.3537500062088169,-0.0066610111117728545,32,-0.08085298561790469,-0.14523089652964705,0.25,0.46554538768027387,-1.3735716106335956,-0.9221666643354628,1.3383580199952216,42,-0.02131639555011395,-0.0752607564534981,0.3333333333333333,0.8173382719690002,-0.3799493087051638,-0.5846478765783176,1.6608332697550454,False,False,-0.3529995631802617
continuation_ret_0.60_1.00_cl0.90_rv10_px10,1,long,8,-0.1606570246944064,-0.14521908546140955,0.0,0.0,-3.9899144459715488,-0.3537500062088169,-0.0066610111117728545,27,-0.08293733013179318,-0.14493069566028893,0.2222222222222222,0.4779323687734144,-1.203598194125134,-0.9221666643354628,1.3383580199952216,31,0.04097127921848265,-0.025447197651325075,0.41935483870967744,1.4685261961769045,0.5683040447091875,-0.5846478765783176,1.6608332697550454,False,False,-0.3529995631802617
continuation_ret_0.60_1.00_cl0.75_rv5_px3,1,long,26,-0.10744519362307653,-0.09997851695582342,0.23076923076923078,0.22544451187685732,-3.0743897921410017,-0.4187804933873619,0.2861038687595483,100,0.006491296146284602,-0.09817890603717609,0.33,1.0521055821195522,0.15255840715419494,-0.9221666643354628,2.001428651355562,142,-0.002138839120488347,-0.04711135454255471,0.3591549295774648,0.9795749896148106,-0.06824304140559292,-0.5846478765783176,2.7569905070052245,False,False,-0.3541218302179089
continuation_ret_0.60_1.00_cl0.75_rv10_px3,1,long,26,-0.10744519362307653,-0.09997851695582342,0.23076923076923078,0.22544451187685732,-3.0743897921410017,-0.4187804933873619,0.2861038687595483,88,-0.006528385582720781,-0.09817890603717609,0.3181818181818182,0.9487997749634522,-0.15068612549601124,-0.9221666643354628,2.001428651355562,114,-0.008369430881778113,-0.04711135454255471,0.3508771929824561,0.9182064975572717,-0.2868312497068169,-0.5846478765783176,1.6608332697550454,False,False,-0.3541218302179089
continuation_ret_0.40_0.60_cl0.90_rv5_px3,10,long,36,-0.02711630189235361,-0.04592993256480198,0.3888888888888889,0.6850194347265539,-0.8394324419565989,-0.5895275470403236,0.3787240356083086,71,-0.09884075222161258,-0.11032360886420244,0.39436619718309857,0.46417201508249506,-2.4926556211074127,-0.8293411235317367,1.0110525780393365,120,0.0051638868008225996,-0.020382327949652994,0.44166666666666665,1.0510789317493143,0.18943302201118997,-0.6640178571428572,1.13058106741092,False,False,-0.35690584269625025
continuation_ret_0.40_0.60_cl0.50_rv5_px5,10,long,95,-0.03828019901774762,-0.07791568223616306,0.37894736842105264,0.7027146559092725,-1.074064302110721,-0.6886552151384843,1.9960975609756095,288,-0.018609164494478986,-0.13122633038805587,0.3576388888888889,0.8928729875058046,-0.5170891575993534,-0.89,5.155605364825077,402,-0.07839342695757393,-0.09680254245502222,0.35572139303482586,0.5674128572520852,-3.94584537770835,-1.000909090909091,2.4575140538998412,False,False,-0.35781489655676846
continuation_ret_0.40_0.60_cl0.50_rv5_px3,10,long,102,-0.029827663496691085,-0.08280495164923328,0.37254901960784315,0.7689690544674614,-0.8218835492752724,-0.6886552151384843,1.9960975609756095,302,-0.018957267362276042,-0.1294499039950902,0.3609271523178808,0.8903812276391675,-0.5477045983846162,-0.89,5.155605364825077,461,-0.07815315068724389,-0.09688241260435791,0.3579175704989154,0.5670703556559208,-4.299183094549221,-1.000909090909091,2.4575140538998412,True,False,-0.3622186730116482
continuation_ret_0.60_1.00_cl0.50_rv2_px10,2,long,44,-0.09515922058972646,-0.10584978421676239,0.3181818181818182,0.3610957779968047,-2.407010242026083,-0.6519512120688834,0.9507842892817044,137,-0.08359883694328278,-0.1443183399584559,0.32116788321167883,0.45551481881114386,-3.609813728050405,-0.937944442960951,1.0816029634081727,188,-0.048147456919734634,-0.1319480030252183,0.3191489361702128,0.6937424550443612,-1.6466414059405918,-0.817103490508267,2.1682946850345752,False,False,-0.3622390355746912
continuation_ret_0.40_0.60_cl0.50_rv2_px3,20,long,120,-0.07569053350069438,-0.1166964251924804,0.30833333333333335,0.5655436818011222,-2.254790709745518,-0.966923076739678,1.4290243902439024,351,-0.013053459003522292,-0.19648647617649384,0.32763532763532766,0.9402899122027266,-0.2356031057854034,-0.9313793103448276,15.118205128205128,568,-0.004280046553176311,-0.19063648344693362,0.30633802816901406,0.9823439857451134,-0.036264635525693825,-1.0005454548922452,65.81464388674324,True,False,-0.36299594495380355
continuation_ret_0.60_1.00_cl0.75_rv2_px1,1,long,31,-0.10592479749824052,-0.10451219512195119,0.25806451612903225,0.21950295947644383,-3.452407111625486,-0.4187804933873619,0.2861038687595483,109,-0.013541501309765733,-0.10936574271371634,0.30275229357798167,0.8987854703162443,-0.34186191061153465,-0.9221666643354628,2.001428651355562,181,-0.006296155109309369,-0.04743318303400645,0.3756906077348066,0.94139628742544,-0.24044303111150506,-0.5846478765783176,2.7569905070052245,False,False,-0.3671073736864428
continuation_ret_1.00_10.00_cl0.90_rv2_px1,10,long,9,-0.15615664692375067,-0.08910807921860307,0.3333333333333333,0.2957665716091227,-1.3829280022159096,-0.6906722689075631,0.3241346153846154,29,-0.16002589514881957,-0.23770302761901685,0.27586206896551724,0.347051875362527,-2.2289810868513,-0.7248648648648649,0.8270786992449914,34,-0.04137129271102233,-0.4575146250197908,0.08823529411764706,0.905258093013644,-0.11724931410232112,-0.9964008939097734,11.235402980208946,False,False,-0.36847324066270015
continuation_ret_1.00_10.00_cl0.90_rv5_px1,10,long,9,-0.15615664692375067,-0.08910807921860307,0.3333333333333333,0.2957665716091227,-1.3829280022159096,-0.6906722689075631,0.3241346153846154,29,-0.16002589514881957,-0.23770302761901685,0.27586206896551724,0.347051875362527,-2.2289810868513,-0.7248648648648649,0.8270786992449914,34,-0.04137129271102233,-0.4575146250197908,0.08823529411764706,0.905258093013644,-0.11724931410232112,-0.9964008939097734,11.235402980208946,False,False,-0.36847324066270015
continuation_ret_0.40_0.60_cl0.75_rv2_px1,10,long,78,-0.08467397648716186,-0.09217093819872972,0.3333333333333333,0.37619230826634087,-3.4335847923898104,-0.5895275470403236,0.43791668412896523,222,-0.05831561293505627,-0.12458041851826257,0.35585585585585583,0.6661088826077763,-1.738272079242855,-0.89,5.015641025641026,374,-0.03952407128453729,-0.07864157449135255,0.3582887700534759,0.758970381098175,-1.6368144751541203,-0.9307914553297635,3.909349227813517,False,False,-0.3699785247216725
continuation_ret_0.60_1.00_cl0.50_rv2_px3,2,long,52,-0.09333840796073437,-0.10584978421676239,0.3076923076923077,0.34674608167100035,-2.723012686776122,-0.6519512120688834,0.9507842892817044,170,-0.008168757134975288,-0.11568866452244823,0.35294117647058826,0.9424500700725259,-0.14627463958903195,-0.937944442960951,8.656666666666666,297,-0.029480382785957972,-0.0865432510120132,0.3501683501683502,0.7838647912786509,-1.3419259713411302,-0.817103490508267,2.535454451625901,False,False,-0.3705807263503327
continuation_ret_0.60_1.00_cl0.50_rv2_px1,2,long,56,-0.09203671423572055,-0.0967676895921236,0.2857142857142857,0.33326893280009373,-2.8888928499503472,-0.6519512120688834,0.9507842892817044,175,-0.014905886109178854,-0.11875954930149556,0.34285714285714286,0.8970993896070776,-0.2741947086236427,-0.937944442960951,8.656666666666666,328,-0.021935833669957442,-0.0672682378121831,0.3597560975609756,0.8321218648296284,-1.0722044604193337,-0.817103490508267,2.535454451625901,False,False,-0.3721091541780562
continuation_ret_0.40_0.60_cl0.50_rv2_px10,20,long,98,-0.08117160432258638,-0.1019613587684418,0.30612244897959184,0.5066743145372185,-2.4162881842568664,-0.966923076739678,1.4290243902439024,287,-0.04058699067066982,-0.22417007093637842,0.29965156794425085,0.8242562884119173,-0.6262011027660274,-0.9313793103448276,15.118205128205128,348,0.020843671591672424,-0.21776401816319463,0.28448275862068967,1.07632962283592,0.10887550122689713,-1.0005454548922452,65.81464388674324,False,False,-0.37299325028998737
continuation_ret_0.60_1.00_cl0.50_rv10_px3,2,long,44,-0.09859078230357822,-0.10014580399566031,0.29545454545454547,0.3470321555048053,-2.4875485591776165,-0.6519512120688834,0.9507842892817044,146,0.0010512520446886039,-0.11019057554182353,0.3698630136986301,1.0075524875664323,0.016449929734652993,-0.937944442960951,8.656666666666666,216,-0.030772657415961337,-0.0645195728371105,0.36574074074074076,0.7573479006527559,-1.3580232187583687,-0.817103490508267,2.1682946850345752,False,False,-0.37530183283214263
continuation_ret_0.60_1.00_cl0.50_rv10_px1,2,long,48,-0.09663444176249175,-0.09106370937102153,0.2708333333333333,0.33201639808385996,-2.6575234096848606,-0.6519512120688834,0.9507842892817044,149,-0.004575981609461591,-0.11261777974340091,0.3624161073825503,0.9677739485541598,-0.07296737466361108,-0.937944442960951,8.656666666666666,241,-0.02115071093792824,-0.054070511742848375,0.3817427385892116,0.8255120379939441,-0.9992197356038636,-0.817103490508267,2.1682946850345752,False,False,-0.37608388194785464
continuation_ret_0.40_0.60_cl0.75_rv2_px5,20,long,71,-0.08509918046113663,-0.10000002543131513,0.30985915492957744,0.449007529500529,-2.5410448817307434,-0.6855905451737051,0.8406348001458384,202,0.012164847817360932,-0.17990740480521739,0.3316831683168317,1.0545914943560186,0.14206314833621578,-0.9313793103448276,15.118205128205128,290,-0.088058195555346,-0.11481516824539377,0.3310344827586207,0.5722862175530099,-3.004748745709085,-0.9672994799310713,3.9795120657220613,False,False,-0.37659550143323844
continuation_ret_0.60_1.00_cl0.50_rv2_px5,3,long,51,-0.09588775043062586,-0.12323528813655825,0.3137254901960784,0.42618784872781895,-2.3017352463611362,-0.6714634118429044,1.0161437655910943,160,0.0036509275851297762,-0.09828398607380094,0.35,1.0252729166685657,0.07794027078774567,-0.9619444465637207,5.983333180745443,253,-0.021586654313160585,-0.11166682708878704,0.3359683794466403,0.8573356790748079,-0.7755315079022774,-0.8409859154929578,2.812815640166634,False,False,-0.378875871577914
continuation_ret_1.00_10.00_cl0.90_rv10_px1,10,long,9,-0.15615664692375067,-0.08910807921860307,0.3333333333333333,0.2957665716091227,-1.3829280022159096,-0.6906722689075631,0.3241346153846154,28,-0.16481706994501066,-0.2518949788018658,0.2857142857142857,0.34831986428985556,-2.220089325667824,-0.7248648648648649,0.8270786992449914,33,-0.012448269369124654,-0.44947369448402597,0.09090909090909091,0.9703421601104213,-0.034341533233652084,-0.9964008939097734,11.235402980208946,False,False,-0.37950532832633854
continuation_ret_0.40_0.60_cl0.90_rv10_px5,20,long,27,-0.012949390355618389,-0.06660380753557425,0.37037037037037035,0.8864997366254256,-0.22758979182416933,-0.6855905451737051,0.7160788478134974,45,-0.11428560667210268,-0.28551020408163263,0.3111111111111111,0.5669290555218038,-1.1534702782428672,-0.8505951089985913,3.5495055574377643,69,0.044218285048130794,-0.014774843692114339,0.4927536231884058,1.5346834664541682,1.2655037401950453,-0.5214753990716684,1.2031866533389814,False,False,-0.3808230140008899
continuation_ret_0.60_1.00_cl0.50_rv2_px3,3,long,52,-0.09598431423754104,-0.12277705580324198,0.3076923076923077,0.4212006614627967,-2.3496758907816986,-0.6714634118429044,1.0161437655910943,170,0.012472715458764834,-0.09828398607380094,0.35294117647058826,1.0876194894163191,0.2770962608818757,-0.9619444465637207,5.983333180745443,297,-0.022136818908866294,-0.10183679129470534,0.3501683501683502,0.8479342846652635,-0.9049117891113659,-0.8409859154929578,2.812815640166634,False,False,-0.381085746645155
continuation_ret_0.40_0.60_cl0.75_rv2_px5,10,long,71,-0.08923246250864404,-0.09286036665896123,0.3380281690140845,0.33213970339931026,-3.6660725948684423,-0.5895275470403236,0.3787240356083086,202,-0.05445681186731869,-0.12808881285866758,0.3465346534653465,0.6934951613984383,-1.4891397457161855,-0.89,5.015641025641026,290,-0.04828591240695267,-0.07422529079863925,0.35172413793103446,0.70849913796502,-1.774578591789173,-0.9307914553297635,3.909349227813517,False,False,-0.3816174491270884
continuation_ret_0.60_1.00_cl0.50_rv2_px1,3,long,56,-0.0945255298035325,-0.12277705580324198,0.30357142857142855,0.41213349464560667,-2.479313296945902,-0.6714634118429044,1.0161437655910943,175,0.006960229439831639,-0.1002043531234985,0.35428571428571426,1.0480801747230561,0.15854248641454116,-0.9619444465637207,5.983333180745443,328,-0.016350677588573805,-0.09836975487822879,0.3628048780487805,0.8853275256373677,-0.7146306577404373,-0.8409859154929578,2.812815640166634,False,False,-0.38217156311490463
continuation_ret_0.60_1.00_cl0.50_rv10_px5,3,long,43,-0.10103687822552727,-0.12323528813655825,0.32558139534883723,0.4229950531380341,-2.116844537725254,-0.6714634118429044,1.0161437655910943,136,0.0020083806135665497,-0.08458022923603746,0.35294117647058826,1.0140509786131862,0.03852164483721372,-0.9619444465637207,5.983333180745443,182,-0.028757434099093104,-0.10736480959809223,0.34065934065934067,0.8045710182223568,-0.9557884780157799,-0.8409859154929578,2.358888888888889,False,False,-0.382342707224502
continuation_ret_0.60_1.00_cl0.50_rv10_px3,3,long,44,-0.10103397345654291,-0.12277705580324198,0.3181818181818182,0.4174011492663444,-2.1665971652658476,-0.6714634118429044,1.0161437655910943,146,0.012392828615166513,-0.08789632057672918,0.3561643835616438,1.0881525725017602,0.24933967759317416,-0.9619444465637207,5.983333180745443,216,-0.03110177637115997,-0.10014227255621676,0.35648148148148145,0.7794952815156149,-1.1925185850757447,-0.8409859154929578,2.358888888888889,False,False,-0.38460223694947204
continuation_ret_0.60_1.00_cl0.50_rv10_px1,3,long,48,-0.09891125334861615,-0.12277705580324198,0.3125,0.40739103168677315,-2.3015437636602107,-0.6714634118429044,1.0161437655910943,149,0.008175747459591315,-0.09080800685720757,0.35570469798657717,1.0572560009825946,0.16737374949853376,-0.9619444465637207,5.983333180745443,241,-0.025101694212106777,-0.09812161254626504,0.3651452282157676,0.8197883191928389,-1.0260677435603804,-0.8409859154929578,2.358888888888889,False,False,-0.384944823493707
continuation_ret_0.60_1.00_cl0.50_rv2_px5,2,long,51,-0.09751896758912354,-0.12594197974271293,0.29411764705882354,0.33061255623040964,-2.81070947952775,-0.6519512120688834,0.9507842892817044,160,-0.007526233894781717,-0.12119795865826465,0.35625,0.9480889757152335,-0.1272272905320502,-0.937944442960951,8.656666666666666,253,-0.031002041132947612,-0.1074335102284286,0.3438735177865613,0.7803750230716131,-1.2438153009888044,-0.817103490508267,2.535454451625901,False,False,-0.3853212081290702
continuation_ret_0.40_0.60_cl0.90_rv10_px3,20,long,28,-0.013918169948994011,-0.053339513252855006,0.35714285714285715,0.8751149527400015,-0.25381082955629247,-0.6855905451737051,0.7160788478134974,46,-0.1153059875701247,-0.2808719698770345,0.30434782608695654,0.5593353352630239,-1.1898582644863098,-0.8505951089985913,3.5495055574377643,74,0.04158737962622073,-0.004010807881878678,0.4864864864864865,1.5199253625072657,1.268261008727552,-0.5214753990716684,1.2031866533389814,False,False,-0.3882693711173531
continuation_ret_0.60_1.00_cl0.50_rv10_px5,2,long,43,-0.10367126870801287,-0.12594197974271293,0.27906976744186046,0.3289889459432885,-2.5768533401249676,-0.6519512120688834,0.9507842892817044,136,0.0024851035904798692,-0.11164827493733352,0.375,1.0174309298816464,0.036335811281797005,-0.937944442960951,8.656666666666666,182,-0.03265877456728024,-0.08555003338258903,0.3516483516483517,0.7521933857816957,-1.260483961646665,-0.817103490508267,2.1682946850345752,False,False,-0.39231174038001687
continuation_ret_0.60_1.00_cl0.90_rv2_px1,1,long,10,-0.1636152400809973,-0.1718461587035809,0.0,0.0,-5.123829479299844,-0.3537500062088169,-0.0066610111117728545,46,-0.051213686181677355,-0.147209993143947,0.2608695652173913,0.6758360448559878,-0.8369418524833946,-0.9221666643354628,1.7536933046017176,80,-0.00211613314541709,-0.05110464422024368,0.375,0.9793426389996375,-0.06086587342700736,-0.5846478765783176,1.6608332697550454,False,False,-0.3923322107479939
continuation_ret_0.60_1.00_cl0.90_rv2_px3,1,long,10,-0.1636152400809973,-0.1718461587035809,0.0,0.0,-5.123829479299844,-0.3537500062088169,-0.0066610111117728545,45,-0.04503195300568577,-0.14553109739900516,0.26666666666666666,0.7079223030566544,-0.7234440698628187,-0.9221666643354628,1.7536933046017176,74,-0.016526382894971145,-0.0669876847568595,0.33783783783783783,0.8499028774952584,-0.4505517077617223,-0.5846478765783176,1.6608332697550454,False,False,-0.3923322107479939
continuation_ret_0.60_1.00_cl0.90_rv2_px5,1,long,10,-0.1636152400809973,-0.1718461587035809,0.0,0.0,-5.123829479299844,-0.3537500062088169,-0.0066610111117728545,42,-0.033286918734558614,-0.14523089652964705,0.2857142857142857,0.7784256323253194,-0.5026013166193524,-0.9221666643354628,1.7536933046017176,61,-0.03079376704598258,-0.07762755869114445,0.3114754098360656,0.7338988106650911,-0.7480132152708407,-0.5846478765783176,1.6608332697550454,False,False,-0.3923322107479939
continuation_ret_0.60_1.00_cl0.90_rv5_px1,1,long,10,-0.1636152400809973,-0.1718461587035809,0.0,0.0,-5.123829479299844,-0.3537500062088169,-0.0066610111117728545,43,-0.039090066148369955,-0.14493069566028893,0.27906976744186046,0.7450304190018631,-0.6007351145113857,-0.9221666643354628,1.7536933046017176,70,0.01172972645580142,-0.033815276445820046,0.4,1.122091775812367,0.30456612639709474,-0.5846478765783176,1.6608332697550454,False,False,-0.3923322107479939
continuation_ret_0.60_1.00_cl0.90_rv5_px3,1,long,10,-0.1636152400809973,-0.1718461587035809,0.0,0.0,-5.123829479299844,-0.3537500062088169,-0.0066610111117728545,42,-0.03217812298282405,-0.13359332057616063,0.2857142857142857,0.7842136771869249,-0.4856228026968872,-0.9221666643354628,1.7536933046017176,64,-0.0036340754795062182,-0.05537653703080852,0.359375,0.9651704070740671,-0.08835172511713538,-0.5846478765783176,1.6608332697550454,False,False,-0.3923322107479939
continuation_ret_0.60_1.00_cl0.90_rv5_px5,1,long,10,-0.1636152400809973,-0.1718461587035809,0.0,0.0,-5.123829479299844,-0.3537500062088169,-0.0066610111117728545,39,-0.01854086838139004,-0.12225594549203232,0.3076923076923077,0.8716704926584787,-0.26189996953788824,-0.9221666643354628,1.7536933046017176,52,-0.02449238181801315,-0.0752607564534981,0.3269230769230769,0.7868280397233434,-0.5187357928966178,-0.5846478765783176,1.6608332697550454,False,False,-0.3923322107479939
continuation_ret_0.60_1.00_cl0.90_rv10_px1,1,long,10,-0.1636152400809973,-0.1718461587035809,0.0,0.0,-5.123829479299844,-0.3537500062088169,-0.0066610111117728545,38,-0.03507592679382564,-0.13359332057616063,0.2631578947368421,0.7793510150421643,-0.47902641363912046,-0.9221666643354628,1.7536933046017176,55,0.05433153894470638,-0.012396986718416816,0.4727272727272727,1.6750717278998246,1.1667591212878627,-0.5846478765783176,1.6608332697550454,False,False,-0.3923322107479939
continuation_ret_0.60_1.00_cl0.90_rv10_px3,1,long,10,-0.1636152400809973,-0.1718461587035809,0.0,0.0,-5.123829479299844,-0.3537500062088169,-0.0066610111117728545,37,-0.027121447001731795,-0.12225594549203232,0.2702702702702703,0.8242986007274912,-0.3626606552220774,-0.9221666643354628,1.7536933046017176,49,0.039481080803354156,-0.025447197651325075,0.42857142857142855,1.4417730179924744,0.7705431820682231,-0.5846478765783176,1.6608332697550454,False,False,-0.3923322107479939
continuation_ret_0.60_1.00_cl0.90_rv10_px5,1,long,10,-0.1636152400809973,-0.1718461587035809,0.0,0.0,-5.123829479299844,-0.3537500062088169,-0.0066610111117728545,34,-0.011032536489990533,-0.11581084410287433,0.29411764705882354,0.9262033395311399,-0.13668875456840515,-0.9221666643354628,1.7536933046017176,40,0.024159389620642492,-0.040111651528902996,0.4,1.260515792163949,0.4121239005977972,-0.5846478765783176,1.6608332697550454,False,False,-0.3923322107479939
continuation_ret_0.60_1.00_cl0.75_rv5_px10,1,long,21,-0.12742675532127626,-0.10451219512195119,0.19047619047619047,0.1605700606062782,-3.3597056781910712,-0.4187804933873619,0.26110822240893095,82,-0.029921509192045868,-0.10092680523967716,0.3048780487804878,0.7633907080511849,-0.7880841837795679,-0.9221666643354628,1.7609922274817482,89,-0.006827529268978441,-0.0748649061048353,0.33707865168539325,0.9410208227320378,-0.1524612346082245,-0.5846478765783176,2.7569905070052245,False,False,-0.3938815103917676
continuation_ret_0.60_1.00_cl0.75_rv10_px10,1,long,21,-0.12742675532127626,-0.10451219512195119,0.19047619047619047,0.1605700606062782,-3.3597056781910712,-0.4187804933873619,0.26110822240893095,71,-0.05041188050996282,-0.09920186321999501,0.29577464788732394,0.6080690222903745,-1.4602412707307477,-0.9221666643354628,1.3383580199952216,70,-0.023372256521472935,-0.05768558384210958,0.32857142857142857,0.7907926021465507,-0.6048797642767629,-0.5846478765783176,1.6608332697550454,False,False,-0.3938815103917676
continuation_ret_0.40_0.60_cl0.90_rv2_px10,10,long,39,-0.0448244551854997,-0.07333333333333335,0.358974358974359,0.5675213228879469,-1.360388778850463,-0.5895275470403236,0.3787240356083086,75,-0.10758282817753224,-0.12132640658546222,0.3466666666666667,0.4100856343631057,-3.1121282919628244,-0.8293411235317367,0.6185714649018788,89,-0.025941702836823174,-0.04803886831506953,0.3595505617977528,0.8207012283494517,-0.5836290412485524,-0.9280611677244032,2.1900000000000004,False,False,-0.39686008447956855
continuation_ret_0.40_0.60_cl0.50_rv2_px3,10,long,120,-0.04991391272280086,-0.095837528308558,0.3416666666666667,0.6373704401935502,-1.574297821065856,-0.6886552151384843,1.9960975609756095,351,-0.033515251808721926,-0.13671024559412093,0.34472934472934474,0.8095586824811375,-1.1027161002913115,-0.89,5.155605364825077,568,-0.08277450205758968,-0.12743425500708455,0.3274647887323944,0.5713827131706029,-4.497652843742501,-1.000909090909091,3.909349227813517,True,False,-0.3969691743842666
continuation_ret_0.60_1.00_cl0.75_rv2_px3,1,long,29,-0.11703600661561453,-0.11040161052746188,0.20689655172413793,0.19326775291313084,-3.68367321702401,-0.4187804933873619,0.2861038687595483,106,-0.005280014461330987,-0.10837281106910872,0.3113207547169811,0.9590480263091921,-0.13055520254019734,-0.9221666643354628,2.001428651355562,164,-0.010153305296964888,-0.05212489105600759,0.3597560975609756,0.9070039980368426,-0.36150413354466493,-0.5846478765783176,2.7569905070052245,False,False,-0.39806255926122286
continuation_ret_0.40_0.60_cl0.50_rv2_px5,20,long,113,-0.0843669647777586,-0.11624999999999995,0.30973451327433627,0.511752447311419,-2.5630853864433236,-0.966923076739678,1.4290243902439024,336,-0.020057698876581195,-0.2029118673208511,0.32142857142857145,0.9095533968979286,-0.3494221082424936,-0.9313793103448276,15.118205128205128,493,-0.0027747958910632775,-0.20174756888271728,0.29817444219066935,0.9889085811879353,-0.020464560619620164,-1.0005454548922452,65.81464388674324,True,False,-0.3995786876761733
continuation_ret_0.40_0.60_cl0.50_rv2_px5,10,long,113,-0.05826430758194369,-0.09692929390525161,0.34513274336283184,0.5774476462168656,-1.8848647414310815,-0.6886552151384843,1.9960975609756095,336,-0.034513486133687175,-0.13862026899185248,0.3392857142857143,0.8053393104955074,-1.0961900724159583,-0.89,5.155605364825077,493,-0.08459815856189436,-0.12811021922119348,0.32454361054766734,0.5630082006699573,-4.202705221919746,-1.000909090909091,3.909349227813517,True,False,-0.40067366731787557
continuation_ret_0.60_1.00_cl0.75_rv5_px5,1,long,25,-0.1231871561183815,-0.10451219512195119,0.2,0.14611844437982544,-3.7931263418167225,-0.4187804933873619,0.26110822240893095,97,0.013170277453946982,-0.09715594885435717,0.3402061855670103,1.1079934335538393,0.3016788933651142,-0.9221666643354628,2.001428651355562,120,-0.001014200440957098,-0.05768558384210958,0.35833333333333334,0.9904584927853299,-0.02824089263316757,-0.5846478765783176,2.7569905070052245,False,False,-0.4013556468780106
continuation_ret_0.60_1.00_cl0.75_rv10_px5,1,long,25,-0.1231871561183815,-0.10451219512195119,0.2,0.14611844437982544,-3.7931263418167225,-0.4187804933873619,0.26110822240893095,85,0.000633992554411402,-0.09715594885435717,0.32941176470588235,1.0050876337601795,0.01421098842638424,-0.9221666643354628,2.001428651355562,96,-0.010285667059570321,-0.05537653703080852,0.34375,0.8999775861559226,-0.31361492034930866,-0.5846478765783176,1.6608332697550454,False,False,-0.4013556468780106
continuation_ret_0.40_0.60_cl0.75_rv2_px3,10,long,75,-0.09327159548397082,-0.09286036665896123,0.32,0.31053864505308443,-4.000283104587922,-0.5895275470403236,0.3787240356083086,209,-0.05624543567463154,-0.1278344304510629,0.35406698564593303,0.682655193337226,-1.5850339811690037,-0.89,5.015641025641026,329,-0.05082236094032246,-0.07999996756417292,0.3495440729483283,0.698374274796579,-2.021091859922252,-0.9307914553297635,3.909349227813517,False,False,-0.4039344082641324
continuation_ret_0.40_0.60_cl0.75_rv2_px3,20,long,75,-0.09386199272376433,-0.10392269210556847,0.29333333333333333,0.4115653983709402,-2.912697853329778,-0.6855905451737051,0.8406348001458384,209,0.020691063311528927,-0.17464889498008918,0.3397129186602871,1.0936147899332322,0.24797892564756457,-0.9313793103448276,15.118205128205128,329,-0.07098827999979523,-0.11382508535298629,0.3343465045592705,0.6488082585380578,-2.413836679912665,-0.9672994799310713,3.9795120657220613,False,False,-0.4064912612745192
continuation_ret_0.40_0.60_cl0.90_rv10_px10,5,long,25,-0.07484645831499255,-0.06555554986775002,0.32,0.367488986411285,-1.9013907911906107,-0.5879527679203064,0.3531380674043534,34,-0.12565859163449578,-0.17055029369230357,0.35294117647058826,0.28679171494756833,-2.913094405671676,-0.6436996336996337,0.4491999816894532,46,0.039587912408536305,0.0016752770862343922,0.5,1.5436671856679656,0.9100349576137708,-0.4575409937302166,1.1248314472965772,False,False,-0.40940782237700585
continuation_ret_1.00_10.00_cl0.90_rv2_px10,10,long,8,-0.19369549702265437,-0.1789658052580157,0.25,0.22353271328319382,-1.6040512670829803,-0.6906722689075631,0.3241346153846154,22,-0.18786340746587207,-0.28254130399276806,0.2727272727272727,0.3139286870355842,-2.196348338147821,-0.7248648648648649,0.8270786992449914,29,-0.004957633917497579,-0.5179364571078842,0.10344827586206896,0.9894161628119259,-0.01196804572441277,-0.9964008939097734,11.235402980208946,False,False,-0.4255925065775307
continuation_ret_1.00_10.00_cl0.90_rv5_px10,10,long,8,-0.19369549702265437,-0.1789658052580157,0.25,0.22353271328319382,-1.6040512670829803,-0.6906722689075631,0.3241346153846154,22,-0.18786340746587207,-0.28254130399276806,0.2727272727272727,0.3139286870355842,-2.196348338147821,-0.7248648648648649,0.8270786992449914,29,-0.004957633917497579,-0.5179364571078842,0.10344827586206896,0.9894161628119259,-0.01196804572441277,-0.9964008939097734,11.235402980208946,False,False,-0.4255925065775307
continuation_ret_1.00_10.00_cl0.90_rv10_px10,10,long,8,-0.19369549702265437,-0.1789658052580157,0.25,0.22353271328319382,-1.6040512670829803,-0.6906722689075631,0.3241346153846154,22,-0.18786340746587207,-0.28254130399276806,0.2727272727272727,0.3139286870355842,-2.196348338147821,-0.7248648648648649,0.8270786992449914,28,0.03043070283522197,-0.4917460063317199,0.10714285714285714,1.0676870667216165,0.07114334070610129,-0.9964008939097734,11.235402980208946,False,False,-0.4255925065775307
continuation_ret_0.60_1.00_cl0.50_rv5_px10,5,long,39,-0.11574986819017102,-0.171036036036036,0.38461538461538464,0.40800009603078685,-2.280527899419294,-0.6685365853658536,0.8774172185430464,133,-0.07603954241429549,-0.14551401869158875,0.3082706766917293,0.5825511811564836,-2.3660446991174817,-0.9544444444444444,1.659208828496989,167,-0.0768583585654844,-0.1719999694824219,0.2874251497005988,0.6210670935697833,-1.7014681661213835,-0.8752786282914881,5.518888888888889,False,False,-0.4269873105831182
continuation_ret_0.60_1.00_cl0.50_rv5_px5,5,long,46,-0.11207051544492236,-0.14101962217344421,0.391304347826087,0.38183066626219103,-2.582496972647309,-0.6685365853658536,0.8774172185430464,151,-0.034125069336608096,-0.13536444445663698,0.32450331125827814,0.8046150893560021,-0.7752825578825079,-0.9544444444444444,4.823333333333333,223,-0.06137604142799759,-0.14807534692064284,0.3183856502242152,0.6649038733344215,-1.7280199745463045,-0.8752786282914881,5.518888888888889,False,False,-0.4314880262626779
continuation_ret_0.40_0.60_cl0.50_rv5_px10,10,long,81,-0.043960886682570706,-0.07791568223616306,0.35802469135802467,0.6545557381467513,-1.1615407784083474,-0.6886552151384843,1.9960975609756095,241,-0.037476584865048394,-0.14513512223159375,0.34439834024896265,0.7932981034592294,-1.037624144515634,-0.89,5.015641025641026,280,-0.09793693187667404,-0.1064736487622021,0.3392857142857143,0.5035854780676642,-4.073400897726678,-1.000909090909091,2.1370587327818544,False,False,-0.4315805627189475
continuation_ret_0.60_1.00_cl0.75_rv5_px1,2,long,28,-0.12834257035021587,-0.14618031088868205,0.21428571428571427,0.17572189348189748,-3.326191937086166,-0.6519512120688834,0.21163592639647244,102,0.02675370085016373,-0.12119795865826465,0.3627450980392157,1.1856142851166849,0.295066792668242,-0.937944442960951,8.656666666666666,158,0.009592119296342209,-0.054572817744829076,0.3860759493670886,1.0854682306919685,0.32181236066233654,-0.6043662079287246,2.1682946850345752,False,False,-0.4321674019500276
continuation_ret_0.60_1.00_cl0.75_rv10_px1,2,long,28,-0.12834257035021587,-0.14618031088868205,0.21428571428571427,0.17572189348189748,-3.326191937086166,-0.6519512120688834,0.21163592639647244,90,0.03199891005345413,-0.12812772598226574,0.36666666666666664,1.2151483624063784,0.31407554271298016,-0.937944442960951,8.656666666666666,126,0.002979163584563419,-0.049630488825877554,0.40476190476190477,1.0268337337738351,0.0959934410570478,-0.6043662079287246,2.1682946850345752,False,False,-0.4321674019500276
continuation_ret_0.40_0.60_cl0.90_rv10_px3,5,long,28,-0.07156839238255083,-0.09291562658409906,0.32142857142857145,0.3764232968312022,-1.993842368209555,-0.5879527679203064,0.3531380674043534,46,-0.12984554480438582,-0.17296104865593392,0.34782608695652173,0.26452908360938515,-3.662957194817866,-0.6436996336996337,0.4491999816894532,74,0.03168266024409914,0.002678080354466492,0.5135135135135135,1.45238297558394,1.0226989478498758,-0.4575409937302166,1.1248314472965772,False,False,-0.43722836156213024
continuation_ret_0.40_0.60_cl0.90_rv5_px10,10,long,32,-0.0321869527089575,-0.05494204501166255,0.375,0.6530753824596567,-0.8955354689908692,-0.5895275470403236,0.3787240356083086,52,-0.1251747395600068,-0.12040417025072885,0.36538461538461536,0.3585297398616069,-2.9327255692370158,-0.8293411235317367,0.4553465346534653,73,-0.04103324758751846,-0.043969220683394476,0.3698630136986301,0.665779930557258,-1.2700195538031755,-0.6640178571428572,1.13058106741092,False,False,-0.43767442337616114
continuation_ret_0.60_1.00_cl0.75_rv2_px10,1,long,24,-0.13651795914165138,-0.134014491006268,0.16666666666666666,0.13511871506328568,-4.071160760480328,-0.4187804933873619,0.26110822240893095,84,-0.03428266368196625,-0.10586146869134348,0.2976190476190476,0.7332549238565654,-0.9210923747312763,-0.9221666643354628,1.7609922274817482,101,-0.018905108689299604,-0.07941645970941712,0.33663366336633666,0.8450553075262185,-0.4666750264311411,-0.5846478765783176,2.7569905070052245,False,False,-0.4394343583414064
continuation_ret_0.40_0.60_cl0.50_rv2_px10,10,long,98,-0.06322645849622777,-0.095837528308558,0.32653061224489793,0.5356751542608006,-1.954892121226454,-0.6886552151384843,1.9960975609756095,287,-0.04982504643185685,-0.1517721132688885,0.32752613240418116,0.7264253105596419,-1.6017538167264542,-0.89,5.015641025641026,348,-0.09567295257428568,-0.13194940808466005,0.3132183908045977,0.5459078893399983,-3.7399081448979916,-1.000909090909091,3.909349227813517,False,False,-0.4396286834950853
continuation_ret_1.00_10.00_cl0.90_rv2_px1,5,long,9,-0.19199757401197978,-0.0889029535864979,0.2222222222222222,0.053239266738097146,-2.354872374428689,-0.6402521008403361,0.04900148492054424,29,-0.08731657728656765,-0.1552173979386039,0.2413793103448276,0.6054044454187556,-0.9662090449266495,-0.7464864864864865,1.5762068965517242,34,0.013476042973961776,-0.28182380770788185,0.20588235294117646,1.0401336546008986,0.05142922921946889,-0.9961943687375819,7.0934483756059254,False,False,-0.44209075181100566
continuation_ret_1.00_10.00_cl0.90_rv2_px3,5,long,9,-0.19199757401197978,-0.0889029535864979,0.2222222222222222,0.053239266738097146,-2.354872374428689,-0.6402521008403361,0.04900148492054424,27,-0.09966510309498008,-0.1642553051179645,0.2222222222222222,0.5718112679287368,-1.0372017140704513,-0.7464864864864865,1.5762068965517242,34,0.013476042973961776,-0.28182380770788185,0.20588235294117646,1.0401336546008986,0.05142922921946889,-0.9961943687375819,7.0934483756059254,False,False,-0.44209075181100566
continuation_ret_1.00_10.00_cl0.90_rv2_px5,5,long,9,-0.19199757401197978,-0.0889029535864979,0.2222222222222222,0.053239266738097146,-2.354872374428689,-0.6402521008403361,0.04900148492054424,27,-0.09966510309498008,-0.1642553051179645,0.2222222222222222,0.5718112679287368,-1.0372017140704513,-0.7464864864864865,1.5762068965517242,31,0.029010030264030928,-0.29815311519961496,0.16129032258064516,1.082239816419333,0.10096092063169308,-0.9961943687375819,7.0934483756059254,False,False,-0.44209075181100566
continuation_ret_1.00_10.00_cl0.90_rv5_px1,5,long,9,-0.19199757401197978,-0.0889029535864979,0.2222222222222222,0.053239266738097146,-2.354872374428689,-0.6402521008403361,0.04900148492054424,29,-0.08731657728656765,-0.1552173979386039,0.2413793103448276,0.6054044454187556,-0.9662090449266495,-0.7464864864864865,1.5762068965517242,34,0.013476042973961776,-0.28182380770788185,0.20588235294117646,1.0401336546008986,0.05142922921946889,-0.9961943687375819,7.0934483756059254,False,False,-0.44209075181100566
continuation_ret_1.00_10.00_cl0.90_rv5_px3,5,long,9,-0.19199757401197978,-0.0889029535864979,0.2222222222222222,0.053239266738097146,-2.354872374428689,-0.6402521008403361,0.04900148492054424,27,-0.09966510309498008,-0.1642553051179645,0.2222222222222222,0.5718112679287368,-1.0372017140704513,-0.7464864864864865,1.5762068965517242,34,0.013476042973961776,-0.28182380770788185,0.20588235294117646,1.0401336546008986,0.05142922921946889,-0.9961943687375819,7.0934483756059254,False,False,-0.44209075181100566
continuation_ret_1.00_10.00_cl0.90_rv5_px5,5,long,9,-0.19199757401197978,-0.0889029535864979,0.2222222222222222,0.053239266738097146,-2.354872374428689,-0.6402521008403361,0.04900148492054424,27,-0.09966510309498008,-0.1642553051179645,0.2222222222222222,0.5718112679287368,-1.0372017140704513,-0.7464864864864865,1.5762068965517242,31,0.029010030264030928,-0.29815311519961496,0.16129032258064516,1.082239816419333,0.10096092063169308,-0.9961943687375819,7.0934483756059254,False,False,-0.44209075181100566
continuation_ret_1.00_10.00_cl0.90_rv10_px1,5,long,9,-0.19199757401197978,-0.0889029535864979,0.2222222222222222,0.053239266738097146,-2.354872374428689,-0.6402521008403361,0.04900148492054424,28,-0.10736813358767831,-0.1597363515282842,0.21428571428571427,0.5315201435925933,-1.1756968070886082,-0.7464864864864865,1.5762068965517242,33,0.04407211605612978,-0.26549450021614873,0.21212121212121213,1.1395718413132458,0.16429639649234165,-0.9952831591474208,7.0934483756059254,False,False,-0.44209075181100566
continuation_ret_1.00_10.00_cl0.90_rv10_px3,5,long,9,-0.19199757401197978,-0.0889029535864979,0.2222222222222222,0.053239266738097146,-2.354872374428689,-0.6402521008403361,0.04900148492054424,26,-0.12173403010419205,-0.1887718973458477,0.19230769230769232,0.49636755794398446,-1.2525277857835815,-0.7464864864864865,1.5762068965517242,33,0.04407211605612978,-0.26549450021614873,0.21212121212121213,1.1395718413132458,0.16429639649234165,-0.9952831591474208,7.0934483756059254,False,False,-0.44209075181100566
continuation_ret_1.00_10.00_cl0.90_rv10_px5,5,long,9,-0.19199757401197978,-0.0889029535864979,0.2222222222222222,0.053239266738097146,-2.354872374428689,-0.6402521008403361,0.04900148492054424,26,-0.12173403010419205,-0.1887718973458477,0.19230769230769232,0.49636755794398446,-1.2525277857835815,-0.7464864864864865,1.5762068965517242,30,0.06318351023075136,-0.28182380770788185,0.16666666666666666,1.1907132879038427,0.21420045940799312,-0.9952831591474208,7.0934483756059254,False,False,-0.44209075181100566
continuation_ret_0.40_0.60_cl0.75_rv5_px10,20,long,49,-0.03529788309108456,-0.06660380753557425,0.3673469387755102,0.7217887679133898,-0.8257819364927125,-0.6855905451737051,0.8406348001458384,139,0.024747704407858624,-0.15851856482060256,0.33093525179856115,1.1097928157637995,0.20837193027345627,-0.9313793103448276,15.118205128205128,160,-0.11312088410326546,-0.0861147393304829,0.35,0.441728550974641,-3.7887938316430834,-0.9383919610407271,1.8484817040220387,False,False,-0.44253150100634553
continuation_ret_0.60_1.00_cl0.75_rv2_px5,1,long,28,-0.1314338593075846,-0.134014491006268,0.17857142857142858,0.125263565608004,-4.477822720224418,-0.4187804933873619,0.26110822240893095,103,0.0006670462670224593,-0.10767443201488978,0.32038834951456313,1.0052694973713086,0.016095611584149086,-0.9221666643354628,2.001428651355562,139,-0.011320580761279203,-0.05939419902908304,0.35251798561151076,0.8978567024619271,-0.3543969134912331,-0.5846478765783176,2.7569905070052245,False,False,-0.4425766863654586
continuation_ret_0.60_1.00_cl0.90_rv2_px10,2,long,8,-0.20149145412092204,-0.17175455243543553,0.125,0.011136324507608089,-3.4641706402566386,-0.4475000124176338,0.01815315315315314,32,-0.14339788906473927,-0.15644233067559526,0.28125,0.2066844503619052,-3.2516283274188025,-0.937944442960951,0.30543620209088074,47,-0.05921094845729224,-0.11270268208271748,0.3191489361702128,0.5807306871787212,-1.3601121323591674,-0.6043662079287246,1.044166634877523,False,False,-0.44272197511770317
continuation_ret_0.60_1.00_cl0.90_rv5_px10,2,long,8,-0.20149145412092204,-0.17175455243543553,0.125,0.011136324507608089,-3.4641706402566386,-0.4475000124176338,0.01815315315315314,32,-0.14339788906473927,-0.15644233067559526,0.28125,0.2066844503619052,-3.2516283274188025,-0.937944442960951,0.30543620209088074,42,-0.05089976396237319,-0.11006809615557304,0.30952380952380953,0.6214589486565215,-1.0942604178952027,-0.6043662079287246,1.044166634877523,False,False,-0.44272197511770317
continuation_ret_0.60_1.00_cl0.90_rv10_px10,2,long,8,-0.20149145412092204,-0.17175455243543553,0.125,0.011136324507608089,-3.4641706402566386,-0.4475000124176338,0.01815315315315314,27,-0.16038778633139297,-0.1608771662126508,0.25925925925925924,0.20768760563365968,-3.1327378184780397,-0.937944442960951,0.30543620209088074,31,-0.013595201776195274,-0.0419248085532321,0.3870967741935484,0.8800322135245182,-0.23659603416142375,-0.6043662079287246,1.044166634877523,False,False,-0.44272197511770317
continuation_ret_0.40_0.60_cl0.90_rv10_px5,5,long,27,-0.0697644179041102,-0.06555554986775002,0.3333333333333333,0.39105960169653914,-1.8752551083117306,-0.5879527679203064,0.3531380674043534,45,-0.1330688650543945,-0.17363637430684553,0.3333333333333333,0.262656959375907,-3.6866471168774155,-0.6436996336996337,0.4491999816894532,69,0.03472359886194392,0.0034310886431590058,0.5217391304347826,1.5042799601627135,1.0660427847217333,-0.4575409937302166,1.1248314472965772,False,False,-0.4434126722981489
continuation_ret_1.00_10.00_cl0.90_rv2_px3,10,long,9,-0.15615664692375067,-0.08910807921860307,0.3333333333333333,0.2957665716091227,-1.3829280022159096,-0.6906722689075631,0.3241346153846154,27,-0.19319362943917978,-0.2660869299847147,0.2222222222222222,0.2660829428722261,-2.665970589946579,-0.7248648648648649,0.8270786992449914,34,-0.04137129271102233,-0.4575146250197908,0.08823529411764706,0.905258093013644,-0.11724931410232112,-0.9964008939097734,11.235402980208946,False,False,-0.44484477120807103
continuation_ret_1.00_10.00_cl0.90_rv2_px5,10,long,9,-0.15615664692375067,-0.08910807921860307,0.3333333333333333,0.2957665716091227,-1.3829280022159096,-0.6906722689075631,0.3241346153846154,27,-0.19319362943917978,-0.2660869299847147,0.2222222222222222,0.2660829428722261,-2.665970589946579,-0.7248648648648649,0.8270786992449914,31,-0.020931679290308435,-0.4655555555555556,0.0967741935483871,0.9539445940570151,-0.054054276859246825,-0.9964008939097734,11.235402980208946,False,False,-0.44484477120807103
continuation_ret_1.00_10.00_cl0.90_rv5_px3,10,long,9,-0.15615664692375067,-0.08910807921860307,0.3333333333333333,0.2957665716091227,-1.3829280022159096,-0.6906722689075631,0.3241346153846154,27,-0.19319362943917978,-0.2660869299847147,0.2222222222222222,0.2660829428722261,-2.665970589946579,-0.7248648648648649,0.8270786992449914,34,-0.04137129271102233,-0.4575146250197908,0.08823529411764706,0.905258093013644,-0.11724931410232112,-0.9964008939097734,11.235402980208946,False,False,-0.44484477120807103
continuation_ret_1.00_10.00_cl0.90_rv5_px5,10,long,9,-0.15615664692375067,-0.08910807921860307,0.3333333333333333,0.2957665716091227,-1.3829280022159096,-0.6906722689075631,0.3241346153846154,27,-0.19319362943917978,-0.2660869299847147,0.2222222222222222,0.2660829428722261,-2.665970589946579,-0.7248648648648649,0.8270786992449914,31,-0.020931679290308435,-0.4655555555555556,0.0967741935483871,0.9539445940570151,-0.054054276859246825,-0.9964008939097734,11.235402980208946,False,False,-0.44484477120807103
continuation_ret_0.60_1.00_cl0.50_rv5_px3,5,long,47,-0.11514887050617909,-0.14873473565439943,0.3829787234042553,0.3704261781420944,-2.704659279330359,-0.6685365853658536,0.8774172185430464,161,-0.010887426566747864,-0.13121212486101286,0.32919254658385094,0.9358140667443666,-0.23792291120807713,-0.9544444444444444,4.823333333333333,264,-0.05957900316621189,-0.14379096422656146,0.3333333333333333,0.6634686898525424,-1.9360524995457806,-0.8752786282914881,5.518888888888889,False,False,-0.4457644239084223
continuation_ret_0.40_0.60_cl0.90_rv10_px1,10,long,30,-0.0434749571009385,-0.06698313764366214,0.3333333333333333,0.606397515279178,-1.0267351960348021,-0.5895275470403236,0.43791668412896523,48,-0.1298580986470759,-0.11490277139009895,0.375,0.32825302630224856,-3.043532710054839,-0.8293411235317367,0.3885209820102702,81,0.02249019582333876,-0.01807317648795525,0.4567901234567901,1.3030049469323246,0.8156139672014393,-0.45444445871566463,1.1141757267469583,False,False,-0.4459310491528285
continuation_ret_0.60_1.00_cl0.75_rv5_px3,2,long,26,-0.13599657890627384,-0.1517738020603815,0.23076923076923078,0.17807795884782976,-3.2995436232012776,-0.6519512120688834,0.21163592639647244,100,0.034486769523765684,-0.10812976516819049,0.37,1.2466499090132794,0.3735337347171247,-0.937944442960951,8.656666666666666,142,-0.0040860972955642375,-0.06734799933979933,0.38028169014084506,0.9656212404135865,-0.12814374381220725,-0.6043662079287246,2.1682946850345752,False,False,-0.448222538409764
continuation_ret_0.60_1.00_cl0.75_rv10_px3,2,long,26,-0.13599657890627384,-0.1517738020603815,0.23076923076923078,0.17807795884782976,-3.2995436232012776,-0.6519512120688834,0.21163592639647244,88,0.040905697391712965,-0.12119795865826465,0.375,1.2842051340436944,0.3932693709649354,-0.937944442960951,8.656666666666666,114,-0.012637468043186557,-0.056006951118002406,0.39473684210526316,0.892431691291966,-0.3863084463142498,-0.6043662079287246,2.1682946850345752,False,False,-0.448222538409764
continuation_ret_0.40_0.60_cl0.90_rv10_px1,5,long,30,-0.02494953719828729,-0.09291562658409906,0.3333333333333333,0.7889871528186497,-0.3807912241378345,-0.5879527679203064,1.5889582722152882,48,-0.13060076044658692,-0.17277552635557475,0.3333333333333333,0.25522838906072626,-3.8448157909244163,-0.6436996336996337,0.4491999816894532,81,0.022812742593356,0.0005263058828843901,0.5061728395061729,1.3207670427634288,0.7965276619753311,-0.4575409937302166,1.1248314472965772,False,False,-0.4484813402696093
continuation_ret_0.60_1.00_cl0.50_rv2_px10,5,long,44,-0.11932063212530042,-0.18154704176471986,0.36363636363636365,0.3853906671668841,-2.5954677423880335,-0.6685365853658536,0.8774172185430464,137,-0.07806268527331937,-0.14551401869158875,0.30656934306569344,0.5702873139997287,-2.4948669345805676,-0.9544444444444444,1.659208828496989,188,-0.08747394349244514,-0.17624290747091875,0.2872340425531915,0.5878927704454822,-2.1119830376749165,-0.9099999973211395,5.518888888888889,False,False,-0.45421337456706445
continuation_ret_0.60_1.00_cl0.50_rv2_px5,5,long,51,-0.11551189538358782,-0.14873473565439943,0.37254901960784315,0.3635574396208903,-2.8876778055495227,-0.6685365853658536,0.8774172185430464,160,-0.03370903161484808,-0.1326822222283185,0.325,0.8055369000256201,-0.7992325465631078,-0.9544444444444444,4.823333333333333,253,-0.07138784639751715,-0.1509536921776411,0.31620553359683795,0.6234490113448896,-2.210643689338889,-0.9099999973211395,5.518888888888889,False,False,-0.45641565105583637
continuation_ret_0.60_1.00_cl0.90_rv2_px1,2,long,10,-0.19042922547447402,-0.16382887726254552,0.1,0.009442740521304472,-4.0977386871873245,-0.4475000124176338,0.01815315315315314,46,0.05857902611843595,-0.15877409771323098,0.2826086956521739,1.341013650958938,0.3014756137653495,-0.937944442960951,8.656666666666666,80,0.0022854631090223343,-0.06680387211595361,0.4,1.0202388435791931,0.06734029538337162,-0.6043662079287246,1.044166634877523,False,False,-0.4566293395678963
continuation_ret_0.60_1.00_cl0.90_rv2_px3,2,long,10,-0.19042922547447402,-0.16382887726254552,0.1,0.009442740521304472,-4.0977386871873245,-0.4475000124176338,0.01815315315315314,45,0.06813004398279184,-0.15678894346705952,0.28888888888888886,1.4071179788970314,0.3433376436331713,-0.937944442960951,8.656666666666666,74,-0.020612352062134645,-0.08997376767848102,0.3783783783783784,0.8298195860947544,-0.6095367838582405,-0.6043662079287246,1.044166634877523,False,False,-0.4566293395678963
continuation_ret_0.60_1.00_cl0.90_rv2_px5,2,long,10,-0.19042922547447402,-0.16382887726254552,0.1,0.009442740521304472,-4.0977386871873245,-0.4475000124176338,0.01815315315315314,42,0.08349473379009922,-0.15644233067559526,0.30952380952380953,1.4946303458160382,0.39282765912055845,-0.937944442960951,8.656666666666666,61,-0.049420309480347764,-0.11270268208271748,0.32786885245901637,0.6166527396605046,-1.4049817102556612,-0.6043662079287246,1.044166634877523,False,False,-0.4566293395678963
continuation_ret_0.60_1.00_cl0.90_rv5_px1,2,long,10,-0.19042922547447402,-0.16382887726254552,0.1,0.009442740521304472,-4.0977386871873245,-0.4475000124176338,0.01815315315315314,43,0.074849198740537,-0.15678894346705952,0.3023255813953488,1.4362338413317137,0.3602472958293069,-0.937944442960951,8.656666666666666,70,0.014612376331256316,-0.052857301443014246,0.4,1.137534238960344,0.39496075296101685,-0.6043662079287246,1.044166634877523,False,False,-0.4566293395678963
continuation_ret_0.60_1.00_cl0.90_rv5_px3,2,long,10,-0.19042922547447402,-0.16382887726254552,0.1,0.009442740521304472,-4.0977386871873245,-0.4475000124176338,0.01815315315315314,42,0.08546981722906348,-0.15644233067559526,0.30952380952380953,1.512325419361259,0.40220936784687833,-0.937944442960951,8.656666666666666,64,-0.010707574345809502,-0.08634785069344524,0.375,0.9069681733216506,-0.28866897485230025,-0.6043662079287246,1.044166634877523,False,False,-0.4566293395678963
continuation_ret_0.60_1.00_cl0.90_rv5_px5,2,long,10,-0.19042922547447402,-0.16382887726254552,0.1,0.009442740521304472,-4.0977386871873245,-0.4475000124176338,0.01815315315315314,39,0.10335023496356929,-0.156095717884131,0.3333333333333333,1.6138855142441737,0.4517604642726447,-0.937944442960951,8.656666666666666,52,-0.047823688129716165,-0.11006809615557304,0.3076923076923077,0.622028760156435,-1.2310935682092736,-0.6043662079287246,1.044166634877523,False,False,-0.4566293395678963
continuation_ret_0.60_1.00_cl0.90_rv10_px1,2,long,10,-0.19042922547447402,-0.16382887726254552,0.1,0.009442740521304472,-4.0977386871873245,-0.4475000124176338,0.01815315315315314,38,0.09149415170966142,-0.16081820908602662,0.2894736842105263,1.4925086849910858,0.3888684922089361,-0.937944442960951,8.656666666666666,55,0.03904993306083525,-0.03430561419438204,0.45454545454545453,1.4245512524825765,0.9387377792155833,-0.6043662079287246,1.044166634877523,False,False,-0.4566293395678963
continuation_ret_0.60_1.00_cl0.90_rv10_px3,2,long,10,-0.19042922547447402,-0.16382887726254552,0.1,0.009442740521304472,-4.0977386871873245,-0.4475000124176338,0.01815315315315314,37,0.10399985250661381,-0.16075925195940244,0.2972972972972973,1.5753489191433314,0.4308399125749583,-0.937944442960951,8.656666666666666,49,0.008971330959718124,-0.0419248085532321,0.42857142857142855,1.0881337596938507,0.21362633598104147,-0.6043662079287246,1.044166634877523,False,False,-0.4566293395678963
continuation_ret_0.60_1.00_cl0.90_rv10_px5,2,long,10,-0.19042922547447402,-0.16382887726254552,0.1,0.009442740521304472,-4.0977386871873245,-0.4475000124176338,0.01815315315315314,34,0.12614474655009553,-0.15877409771323098,0.3235294117647059,1.6865372820740403,0.4803244935080192,-0.937944442960951,8.656666666666666,40,-0.02070253591034686,-0.08634785069344524,0.35,0.8137009532326553,-0.44726522350673126,-0.6043662079287246,1.044166634877523,False,False,-0.4566293395678963
continuation_ret_0.60_1.00_cl0.50_rv5_px1,5,long,51,-0.11566089092989705,-0.1446153757981291,0.37254901960784315,0.3520829610209811,-2.934239534791971,-0.6685365853658536,0.8774172185430464,165,-0.015358842190630212,-0.13121212486101286,0.32727272727272727,0.909929130732805,-0.3430240474327083,-0.9544444444444444,4.823333333333333,294,-0.045178791939080205,-0.1296817457334603,0.36054421768707484,0.7362287491118586,-1.5628302863428007,-0.8752786282914881,5.518888888888889,False,False,-0.45700436877228734
continuation_ret_1.00_10.00_cl0.90_rv10_px3,10,long,9,-0.15615664692375067,-0.08910807921860307,0.3333333333333333,0.2957665716091227,-1.3829280022159096,-0.6906722689075631,0.3241346153846154,26,-0.19962903823086095,-0.28254130399276806,0.23076923076923078,0.26705510366219604,-2.6612990700965145,-0.7248648648648649,0.8270786992449914,33,-0.012448269369124654,-0.44947369448402597,0.09090909090909091,0.9703421601104213,-0.034341533233652084,-0.9964008939097734,11.235402980208946,False,False,-0.4596628475591189
continuation_ret_1.00_10.00_cl0.90_rv10_px5,10,long,9,-0.15615664692375067,-0.08910807921860307,0.3333333333333333,0.2957665716091227,-1.3829280022159096,-0.6906722689075631,0.3241346153846154,26,-0.19962903823086095,-0.28254130399276806,0.23076923076923078,0.26705510366219604,-2.6612990700965145,-0.7248648648648649,0.8270786992449914,30,0.011564966833136129,-0.4575146250197908,0.1,1.026498147539453,0.02898833095648125,-0.9964008939097734,11.235402980208946,False,False,-0.4596628475591189
continuation_ret_0.40_0.60_cl0.90_rv10_px3,10,long,28,-0.04645688722887499,-0.06698313764366214,0.32142857142857145,0.5471165793790603,-1.181149283644572,-0.5895275470403236,0.3787240356083086,46,-0.13655493978633712,-0.11490277139009895,0.3695652173913043,0.3118568270369682,-3.107915754669016,-0.8293411235317367,0.3885209820102702,74,0.017766891351319158,-0.018840816521145436,0.43243243243243246,1.2383590223423808,0.6235798499126605,-0.45444445871566463,1.1141757267469583,False,False,-0.45982087930658705
continuation_ret_1.00_10.00_cl0.90_rv2_px10,5,long,8,-0.21061814249437422,-0.13348509293243221,0.25,0.054524844374189925,-2.3400623474335855,-0.6402521008403361,0.04900148492054424,22,-0.09585173546146047,-0.1887718973458477,0.22727272727272727,0.5966581977303353,-0.8562971120950694,-0.7464864864864865,1.5762068965517242,29,0.04224775671791661,-0.3155555555555556,0.1724137931034483,1.115481605524906,0.13745793512940663,-0.9961943687375819,7.0934483756059254,False,False,-0.46277535912154105
continuation_ret_1.00_10.00_cl0.90_rv5_px10,5,long,8,-0.21061814249437422,-0.13348509293243221,0.25,0.054524844374189925,-2.3400623474335855,-0.6402521008403361,0.04900148492054424,22,-0.09585173546146047,-0.1887718973458477,0.22727272727272727,0.5966581977303353,-0.8562971120950694,-0.7464864864864865,1.5762068965517242,29,0.04224775671791661,-0.3155555555555556,0.1724137931034483,1.115481605524906,0.13745793512940663,-0.9961943687375819,7.0934483756059254,False,False,-0.46277535912154105
continuation_ret_1.00_10.00_cl0.90_rv10_px10,5,long,8,-0.21061814249437422,-0.13348509293243221,0.25,0.054524844374189925,-2.3400623474335855,-0.6402521008403361,0.04900148492054424,22,-0.09585173546146047,-0.1887718973458477,0.22727272727272727,0.5966581977303353,-0.8562971120950694,-0.7464864864864865,1.5762068965517242,28,0.07933497548418446,-0.3068543353775853,0.17857142857142858,1.2310769795169678,0.2508989175528235,-0.9952831591474208,7.0934483756059254,False,False,-0.46277535912154105
continuation_ret_0.60_1.00_cl0.75_rv2_px1,2,long,31,-0.1336892660788401,-0.14917524379527958,0.1935483870967742,0.15601227533624457,-3.819796271703966,-0.6519512120688834,0.21163592639647244,109,0.012789865699626816,-0.13261908394949773,0.3486238532110092,1.0861361215161507,0.1503468060861536,-0.937944442960951,8.656666666666666,181,-0.00017606901688203505,-0.06487804878048785,0.3756906077348066,0.9985535213116081,-0.006287745665715318,-0.6043662079287246,2.1682946850345752,False,False,-0.46333168926838175
continuation_ret_0.40_0.60_cl0.90_rv10_px10,10,long,25,-0.0558878871212272,-0.07333333333333335,0.28,0.4982327451578913,-1.2895093681280692,-0.5895275470403236,0.3787240356083086,34,-0.14311551404386455,-0.12040417025072885,0.35294117647058826,0.3130520827200284,-2.680131661934911,-0.8293411235317367,0.3561088722597525,46,0.00024099028348566862,-0.01861848527002135,0.41304347826086957,1.0031106677487605,0.007978326596175506,-0.45444445871566463,0.3950420041458387,False,False,-0.4662841608434799
continuation_ret_0.40_0.60_cl0.90_rv10_px10,20,long,25,-0.014661017299912654,-0.06660380753557425,0.36,0.8750187818372798,-0.24087321500627426,-0.6855905451737051,0.7160788478134974,34,-0.14384265312521288,-0.32288966753570114,0.2647058823529412,0.5153371503079405,-1.1429772125629754,-0.8505951089985913,3.5495055574377643,46,0.010035260810335709,-0.024930594290622936,0.45652173913043476,1.1137256037189733,0.27933867545698793,-0.5214753990716684,0.6409715966852905,False,False,-0.46865325016708104
continuation_ret_0.60_1.00_cl0.50_rv2_px3,5,long,52,-0.11822807438244164,-0.15988538584521772,0.36538461538461536,0.35374518661336846,-3.006910937291058,-0.6685365853658536,0.8774172185430464,170,-0.011726089798789866,-0.13060606243050643,0.32941176470588235,0.9304730492821544,-0.2672387363703748,-0.9544444444444444,4.823333333333333,297,-0.0680721529291369,-0.1461161562195421,0.3333333333333333,0.6276670483247374,-2.4114763730864395,-0.9099999973211395,5.518888888888889,False,False,-0.46939996767544684
continuation_ret_0.40_0.60_cl0.90_rv10_px5,10,long,27,-0.04492957856837764,-0.06063294195399093,0.3333333333333333,0.5643469836207601,-1.10159603284402,-0.5895275470403236,0.3787240356083086,45,-0.14170645323350695,-0.11948193391599547,0.35555555555555557,0.30142071899207196,-3.1761763167020938,-0.8293411235317367,0.3885209820102702,69,0.017185015942954705,-0.01851783899020342,0.43478260869565216,1.2423666448905926,0.6089648625626272,-0.45444445871566463,1.1141757267469583,False,False,-0.4721948825856234
continuation_ret_0.60_1.00_cl0.75_rv5_px5,2,long,25,-0.14623124738600926,-0.1543723603254834,0.2,0.15021416277847252,-3.518882538767997,-0.6519512120688834,0.21163592639647244,97,0.04009900816840311,-0.09749998103488543,0.38144329896907214,1.2872433278961477,0.4215352858300376,-0.937944442960951,8.656666666666666,120,-0.011360129241146096,-0.08403488998987028,0.35833333333333334,0.9070998098897546,-0.3163331754609967,-0.6043662079287246,2.1682946850345752,False,False,-0.47643552085891966
continuation_ret_0.60_1.00_cl0.75_rv10_px5,2,long,25,-0.14623124738600926,-0.1543723603254834,0.2,0.15021416277847252,-3.518882538767997,-0.6519512120688834,0.21163592639647244,85,0.04753680247563854,-0.11875954930149556,0.38823529411764707,1.330523643793938,0.44170265030198275,-0.937944442960951,8.656666666666666,96,-0.02053472747015714,-0.0775802199060228,0.3645833333333333,0.8317262497910242,-0.5534259968207591,-0.6043662079287246,2.1682946850345752,False,False,-0.47643552085891966
continuation_ret_0.60_1.00_cl0.50_rv2_px1,5,long,56,-0.1184744355628803,-0.14667505572626427,0.35714285714285715,0.33792544932930785,-3.2302630062936464,-0.6685365853658536,0.8774172185430464,175,-0.017828021047973947,-0.13121212486101286,0.32571428571428573,0.8954558096625647,-0.4167289553454788,-0.9544444444444444,4.823333333333333,328,-0.054681075345769964,-0.13593604466574094,0.3567073170731707,0.6912045700265298,-2.0491669806107935,-0.9099999973211395,5.518888888888889,False,False,-0.47899821690848593
continuation_ret_0.60_1.00_cl0.75_rv2_px3,2,long,29,-0.1409202182827972,-0.1543723603254834,0.20689655172413793,0.15786666283581,-3.8017227520594874,-0.6519512120688834,0.21163592639647244,106,0.023504362507874615,-0.12119795865826465,0.3584905660377358,1.1651350145786328,0.2693582339325991,-0.937944442960951,8.656666666666666,164,-0.011420538322393092,-0.08555003338258903,0.3719512195121951,0.9104792424743707,-0.3830130273461918,-0.6043662079287246,2.1682946850345752,False,False,-0.4792974774467092
continuation_ret_0.60_1.00_cl0.50_rv10_px10,5,long,37,-0.1323426535719085,-0.19530878854210088,0.35135135135135137,0.3578476347909468,-2.549147138338547,-0.6685365853658536,0.8774172185430464,119,-0.07790858469535103,-0.1416737883080741,0.31092436974789917,0.5695002807778179,-2.3152356479910683,-0.9544444444444444,1.659208828496989,135,-0.07087081614325036,-0.17120910334725747,0.2814814814814815,0.6493119778470582,-1.3184211794531733,-0.8752786282914881,5.518888888888889,False,False,-0.4814078049746381
continuation_ret_0.60_1.00_cl0.75_rv5_px10,2,long,21,-0.15712234258781713,-0.16740738696685742,0.23809523809523808,0.1637749637295207,-3.2108721658936314,-0.6519512120688834,0.21163592639647244,82,-0.08125305856179563,-0.12812772598226574,0.32926829268292684,0.45804645148470163,-2.671221927851491,-0.937944442960951,1.0816029634081727,89,-0.0025528593084836277,-0.08575757685224326,0.34831460674157305,0.9813610136265625,-0.05363694460141917,-0.6043662079287246,2.1682946850345752,False,False,-0.4856718313100521
continuation_ret_0.60_1.00_cl0.75_rv10_px10,2,long,21,-0.15712234258781713,-0.16740738696685742,0.23809523809523808,0.1637749637295207,-3.2108721658936314,-0.6519512120688834,0.21163592639647244,71,-0.0913874888377493,-0.13261908394949773,0.3380281690140845,0.40893895768866806,-3.015363043647229,-0.937944442960951,0.6374820143884892,70,-0.013803553775153111,-0.06970650082789158,0.37142857142857144,0.898966872020586,-0.2769289295184656,-0.6043662079287246,2.1682946850345752,False,False,-0.4856718313100521
continuation_ret_0.60_1.00_cl0.90_rv2_px1,10,long,10,-0.2029061134026855,-0.1991146571990972,0.1,0.22878172739733468,-2.035357438302824,-0.5191463414634147,0.6019205298013246,46,-0.1634418030424646,-0.17036997878365256,0.17391304347826086,0.2797407530846477,-2.5904489353999005,-0.9655555555555556,2.1566666666666667,80,-0.11272853085495908,-0.16284668769638716,0.3375,0.43867381022525526,-3.0297835098789947,-0.7949315052834209,0.7651938213730989,False,False,-0.48654761015018966
continuation_ret_0.60_1.00_cl0.90_rv2_px3,10,long,10,-0.2029061134026855,-0.1991146571990972,0.1,0.22878172739733468,-2.035357438302824,-0.5191463414634147,0.6019205298013246,45,-0.15857109620986887,-0.1583261697793723,0.17777777777777778,0.29038497125725976,-2.4653653971466993,-0.9655555555555556,2.1566666666666667,74,-0.13359227389396539,-0.17689301521294293,0.3108108108108108,0.36207103727063134,-3.5830287757557664,-0.7949315052834209,0.6362766151384511,False,False,-0.48654761015018966
continuation_ret_0.60_1.00_cl0.90_rv2_px5,10,long,10,-0.2029061134026855,-0.1991146571990972,0.1,0.22878172739733468,-2.035357438302824,-0.5191463414634147,0.6019205298013246,42,-0.16513789198136572,-0.1984863512016487,0.16666666666666666,0.29612341599780123,-2.401326046372439,-0.9655555555555556,2.1566666666666667,61,-0.1550865816453047,-0.18253731343283586,0.29508196721311475,0.2638144044411156,-4.141598238078297,-0.7949315052834209,0.620591558785418,False,False,-0.48654761015018966
continuation_ret_0.60_1.00_cl0.90_rv5_px1,10,long,10,-0.2029061134026855,-0.1991146571990972,0.1,0.22878172739733468,-2.035357438302824,-0.5191463414634147,0.6019205298013246,43,-0.16230119544124832,-0.1583261697793723,0.18604651162790697,0.2949831438023742,-2.4083575034720797,-0.9655555555555556,2.1566666666666667,70,-0.11191471245913226,-0.17296306115584853,0.32857142857142857,0.4502552842571721,-2.770127809504809,-0.7949315052834209,0.7651938213730989,False,False,-0.48654761015018966
continuation_ret_0.60_1.00_cl0.90_rv5_px3,10,long,10,-0.2029061134026855,-0.1991146571990972,0.1,0.22878172739733468,-2.035357438302824,-0.5191463414634147,0.6019205298013246,42,-0.1570554236539144,-0.15143580291466247,0.19047619047619047,0.30684350816721995,-2.2825990004201793,-0.9655555555555556,2.1566666666666667,64,-0.13596211987337453,-0.189479087956136,0.296875,0.36396783113823467,-3.349927584569424,-0.7949315052834209,0.6362766151384511,False,False,-0.48654761015018966
continuation_ret_0.60_1.00_cl0.90_rv5_px5,10,long,10,-0.2029061134026855,-0.1991146571990972,0.1,0.22878172739733468,-2.035357438302824,-0.5191463414634147,0.6019205298013246,39,-0.16401076736506837,-0.1583261697793723,0.1794871794871795,0.3132712409776778,-2.2177142470568767,-0.9655555555555556,2.1566666666666667,52,-0.1670817518002439,-0.19484717469088808,0.2692307692307692,0.2409953982071806,-4.143520815570527,-0.7949315052834209,0.620591558785418,False,False,-0.48654761015018966
continuation_ret_0.60_1.00_cl0.90_rv10_px1,10,long,10,-0.2029061134026855,-0.1991146571990972,0.1,0.22878172739733468,-2.035357438302824,-0.5191463414634147,0.6019205298013246,38,-0.1608166924512521,-0.17036997878365256,0.21052631578947367,0.3233320511267673,-2.125224449534438,-0.9655555555555556,2.1566666666666667,55,-0.10359284820408725,-0.15285712663819118,0.36363636363636365,0.4737868499233486,-2.278558447877208,-0.7949315052834209,0.7651938213730989,False,False,-0.48654761015018966
continuation_ret_0.60_1.00_cl0.90_rv10_px3,10,long,10,-0.2029061134026855,-0.1991146571990972,0.1,0.22878172739733468,-2.035357438302824,-0.5191463414634147,0.6019205298013246,37,-0.15482191088211641,-0.1583261697793723,0.21621621621621623,0.3376368752192742,-1.9977111758446735,-0.9655555555555556,2.1566666666666667,49,-0.13398270308125532,-0.18253731343283586,0.32653061224489793,0.36001492557336684,-2.9311778803296114,-0.7949315052834209,0.6362766151384511,False,False,-0.48654761015018966
continuation_ret_0.60_1.00_cl0.90_rv10_px5,10,long,10,-0.2029061134026855,-0.1991146571990972,0.1,0.22878172739733468,-2.035357438302824,-0.5191463414634147,0.6019205298013246,34,-0.16260302460034026,-0.20724000063065295,0.20588235294117646,0.34546163824018616,-1.9311590857739966,-0.9655555555555556,2.1566666666666667,40,-0.15333164237464597,-0.18847501739982664,0.325,0.25849052486268276,-3.3766076218190575,-0.7949315052834209,0.5221012071123696,False,False,-0.48654761015018966
continuation_ret_0.60_1.00_cl0.50_rv10_px5,5,long,43,-0.12951596339749602,-0.171036036036036,0.3488372093023256,0.332194469198497,-2.880328595397369,-0.6685365853658536,0.8774172185430464,136,-0.031527199997933214,-0.1326822222283185,0.33088235294117646,0.8187733744036928,-0.6619792482208733,-0.9544444444444444,4.823333333333333,182,-0.06053279908708958,-0.14379096422656146,0.31868131868131866,0.6648299942654861,-1.474377077608459,-0.8752786282914881,5.518888888888889,False,False,-0.49011296611574134
continuation_ret_0.40_0.60_cl0.90_rv5_px10,20,long,32,0.015715217112388536,-0.009859128816783627,0.40625,1.1500437867603275,0.28166219398362685,-0.6855905451737051,0.8406348001458384,52,-0.14056037044436562,-0.2656947953846596,0.2692307692307692,0.48219804576160674,-1.6194246120225666,-0.8505951089985913,3.5495055574377643,73,-0.02117808975220361,-0.05165675005759273,0.410958904109589,0.8430376033415883,-0.5065754437371982,-0.6783035714285715,1.8484817040220387,False,False,-0.4914703981012539
continuation_ret_0.40_0.60_cl0.75_rv2_px10,20,long,62,-0.06822403653004895,-0.09426582354532052,0.3064516129032258,0.5234662246875379,-1.9049639601780644,-0.6855905451737051,0.8406348001458384,171,-0.01309575544593077,-0.19935840375399638,0.3216374269005848,0.9429944440900758,-0.13470875232149015,-0.9313793103448276,15.118205128205128,202,-0.11873789779725813,-0.11703554694195677,0.32673267326732675,0.4750685234098399,-3.360852419299265,-0.9672994799310713,3.9795120657220613,False,False,-0.4919471077025488
continuation_ret_0.60_1.00_cl0.90_rv2_px10,10,long,8,-0.20653155838016518,-0.26321352043817275,0.125,0.2670249934873752,-1.635237267701873,-0.5191463414634147,0.6019205298013246,32,-0.22743278354497096,-0.15143580291466247,0.125,0.08634072955957758,-4.657485062693611,-0.9655555555555556,0.34190916343808375,47,-0.19235234883254637,-0.18454545454545457,0.23404255319148937,0.16967806461560989,-4.658497886937574,-0.7949315052834209,0.620591558785418,False,False,-0.49972090169699873
continuation_ret_0.60_1.00_cl0.90_rv5_px10,10,long,8,-0.20653155838016518,-0.26321352043817275,0.125,0.2670249934873752,-1.635237267701873,-0.5191463414634147,0.6019205298013246,32,-0.22743278354497096,-0.15143580291466247,0.125,0.08634072955957758,-4.657485062693611,-0.9655555555555556,0.34190916343808375,42,-0.18507887379869295,-0.18991354128020665,0.23809523809523808,0.1901192367986509,-4.140364140983313,-0.7949315052834209,0.620591558785418,False,False,-0.49972090169699873
continuation_ret_0.60_1.00_cl0.50_rv10_px3,5,long,44,-0.13240771885037084,-0.18317241228906844,0.3409090909090909,0.32227251108386346,-3.0074257860003915,-0.6685365853658536,0.8774172185430464,146,-0.006080064432448643,-0.13060606243050643,0.3356164383561644,0.9639087117291963,-0.12306211915036894,-0.9544444444444444,4.823333333333333,216,-0.05743665761076214,-0.1296817457334603,0.33796296296296297,0.6672966818413358,-1.6260189000935796,-0.8752786282914881,5.518888888888889,False,False,-0.5040314967037611
continuation_ret_0.60_1.00_cl0.75_rv2_px5,2,long,28,-0.15023415940315107,-0.1564895868926301,0.17857142857142858,0.13316532119944385,-4.04036476030871,-0.6519512120688834,0.21163592639647244,103,0.028469798697021795,-0.11875954930149556,0.36893203883495146,1.200210923873327,0.31719326705434986,-0.937944442960951,8.656666666666666,139,-0.019340443337790426,-0.08735321147395568,0.35251798561151076,0.8534790460435737,-0.5770894326725924,-0.6043662079287246,2.1682946850345752,False,False,-0.5058828584797539
continuation_ret_0.60_1.00_cl0.50_rv10_px1,5,long,48,-0.13151350318855518,-0.15988538584521772,0.3333333333333333,0.3066152662088873,-3.242625116257227,-0.6685365853658536,0.8774172185430464,149,-0.01105303065136091,-0.13121212486101286,0.33557046979865773,0.9351611711349537,-0.22763754124643554,-0.9544444444444444,4.823333333333333,241,-0.044968362929697796,-0.12077353734024775,0.36099585062240663,0.7331880074504319,-1.3625372705835554,-0.8752786282914881,5.518888888888889,False,False,-0.5118269211848556
continuation_ret_0.60_1.00_cl0.75_rv2_px10,2,long,24,-0.16043101970758997,-0.16382887726254552,0.20833333333333334,0.14371450062099103,-3.745156999928129,-0.6519512120688834,0.21163592639647244,84,-0.08624076752573753,-0.1384687119539768,0.32142857142857145,0.4373603815848127,-2.884348452310523,-0.937944442960951,1.0816029634081727,101,-0.010000953834377048,-0.1074335102284286,0.3465346534653465,0.9322512526785015,-0.2214010817157644,-0.6043662079287246,2.1682946850345752,False,False,-0.5164075308957152
continuation_ret_0.60_1.00_cl0.90_rv2_px10,3,long,8,-0.235184368732911,-0.26325115265318766,0.125,0.061105237948486636,-3.548674595503425,-0.4475000124176338,0.12245033112582783,32,-0.07453362187902388,-0.1319262174453497,0.28125,0.5936525235377894,-1.0690589007029356,-0.9619444465637207,1.1862427989144584,47,-0.02473626611988512,-0.10506053565746652,0.3404255319148936,0.8225851004049652,-0.46611458861836497,-0.67591550262881,1.4066666666666665,False,False,-0.5167528751852559
continuation_ret_0.60_1.00_cl0.90_rv5_px10,3,long,8,-0.235184368732911,-0.26325115265318766,0.125,0.061105237948486636,-3.548674595503425,-0.4475000124176338,0.12245033112582783,32,-0.07453362187902388,-0.1319262174453497,0.28125,0.5936525235377894,-1.0690589007029356,-0.9619444465637207,1.1862427989144584,42,-0.02234007734214502,-0.10183921643382952,0.3333333333333333,0.831926455255805,-0.4004904913924868,-0.67591550262881,1.4066666666666665,False,False,-0.5167528751852559
continuation_ret_0.60_1.00_cl0.90_rv10_px10,3,long,8,-0.235184368732911,-0.26325115265318766,0.125,0.061105237948486636,-3.548674595503425,-0.4475000124176338,0.12245033112582783,27,-0.07447620157296743,-0.16364808176720091,0.25925925925925924,0.6220097768841976,-0.9124304917703089,-0.9619444465637207,1.1862427989144584,31,0.01066054460583383,-0.0906450922553975,0.3225806451612903,1.0901601334220086,0.15128728770973116,-0.67591550262881,1.4066666666666665,False,False,-0.5167528751852559
continuation_ret_0.60_1.00_cl0.75_rv5_px1,3,long,28,-0.1540581990129726,-0.16373051824503287,0.25,0.16207728802746185,-3.7678417475850217,-0.6714634118429044,0.2287863374452046,102,-0.004413200866029723,-0.09550617999035303,0.3431372549019608,0.9713936266711073,-0.06523864278281885,-0.9619444465637207,5.983333180745443,158,0.0036298054171879004,-0.08279832603650793,0.4050632911392405,1.0275022218022207,0.11025724329034041,-0.67591550262881,2.812815640166634,False,False,-0.518759531111609
continuation_ret_0.60_1.00_cl0.75_rv10_px1,3,long,28,-0.1540581990129726,-0.16373051824503287,0.25,0.16207728802746185,-3.7678417475850217,-0.6714634118429044,0.2287863374452046,90,-0.0008046797592019056,-0.09550617999035303,0.34444444444444444,0.9948062373674474,-0.0107327952365513,-0.9619444465637207,5.983333180745443,126,-0.022585154171206295,-0.09279357888395683,0.373015873015873,0.8344923694285601,-0.7233232942154102,-0.67591550262881,1.7160982867572983,False,False,-0.518759531111609
continuation_ret_0.40_0.60_cl0.90_rv2_px10,20,long,39,-0.011788120082757599,-0.06163043478260865,0.358974358974359,0.8972300792678732,-0.24536410790499408,-0.6855905451737051,0.8406348001458384,75,-0.14114369781106462,-0.2551558550968829,0.28,0.4505847578043515,-2.240637090508482,-0.8505951089985913,3.5495055574377643,89,-0.041978171676192305,-0.07410256514757217,0.3707865168539326,0.7412386819076443,-0.9192687853234657,-0.9672994799310713,2.1442857142857146,False,False,-0.5206620869329024
continuation_ret_0.60_1.00_cl0.90_rv10_px10,10,long,8,-0.20653155838016518,-0.26321352043817275,0.125,0.2670249934873752,-1.635237267701873,-0.5191463414634147,0.6019205298013246,27,-0.23740488824492492,-0.1583261697793723,0.14814814814814814,0.09689861731539495,-4.242930579859622,-0.9655555555555556,0.34190916343808375,31,-0.17581694409439572,-0.18253731343283586,0.2903225806451613,0.1809584555801336,-3.4838383722967454,-0.7949315052834209,0.5221012071123696,False,False,-0.5216318552315076
continuation_ret_0.60_1.00_cl0.75_rv5_px3,3,long,26,-0.15916648926072977,-0.17652081231047856,0.2692307692307692,0.1677909381464488,-3.6360812134241707,-0.6714634118429044,0.2287863374452046,100,0.0030074483094913495,-0.08789632057672918,0.35,1.020069738858768,0.04371234773114407,-0.9619444465637207,5.983333180745443,142,-0.005447450597836865,-0.09677998136135434,0.38028169014084506,0.9600689189634903,-0.15382548825707587,-0.67591550262881,2.812815640166634,False,False,-0.5245867831379953
continuation_ret_0.60_1.00_cl0.75_rv10_px3,3,long,26,-0.15916648926072977,-0.17652081231047856,0.2692307692307692,0.1677909381464488,-3.6360812134241707,-0.6714634118429044,0.2287863374452046,88,0.0077098879654090265,-0.08789632057672918,0.3522727272727273,1.0514265873066755,0.1008583974062614,-0.9619444465637207,5.983333180745443,114,-0.0356941561151209,-0.10022734425244893,0.3508771929824561,0.7453369441651712,-1.0968326046438575,-0.67591550262881,1.7160982867572983,False,False,-0.5245867831379953
continuation_ret_0.60_1.00_cl0.75_rv5_px5,3,long,25,-0.16149678609555032,-0.1798113397271497,0.28,0.17126637790480434,-3.549613098487398,-0.6714634118429044,0.2287863374452046,97,0.008584490478845738,-0.07871795654296875,0.36082474226804123,1.0576138746027972,0.12116538489902283,-0.9619444465637207,5.983333180745443,120,-0.008728329695045188,-0.09677998136135434,0.35833333333333334,0.9367001114203524,-0.21946745263788087,-0.67591550262881,2.812815640166634,False,False,-0.5261721196795084
continuation_ret_0.60_1.00_cl0.75_rv10_px5,3,long,25,-0.16149678609555032,-0.1798113397271497,0.28,0.17126637790480434,-3.549613098487398,-0.6714634118429044,0.2287863374452046,85,0.0142402457229988,-0.07871795654296875,0.36470588235294116,1.095602062396875,0.18015163822982821,-0.9619444465637207,5.983333180745443,96,-0.03683972020014726,-0.10183921643382952,0.3229166666666667,0.7414535180199304,-1.006059987188166,-0.67591550262881,1.7160982867572983,False,False,-0.5261721196795084
continuation_ret_1.00_10.00_cl0.75_rv10_px3,3,long,16,-0.1687982809591967,-0.13201413696508618,0.125,0.1501024258397421,-2.822337047717896,-0.5730252100840336,0.3536363636363635,62,-0.11960964546190693,-0.16829149405121807,0.2903225806451613,0.508957588238995,-1.8156872795036711,-0.91,2.572836710369488,83,-0.18585042684471542,-0.24350249292979131,0.2289156626506024,0.33490024489899106,-3.7144983795935085,-0.9906259322663835,1.8922990082778368,False,False,-0.5265539093349914
continuation_ret_1.00_10.00_cl0.75_rv10_px1,3,long,16,-0.1687982809591967,-0.13201413696508618,0.125,0.1501024258397421,-2.822337047717896,-0.5730252100840336,0.3536363636363635,64,-0.10331143608549999,-0.16674512083584064,0.296875,0.5623392610179087,-1.5785169644913863,-0.91,2.572836710369488,84,-0.18627019655677673,-0.24254071868146337,0.2261904761904762,0.3317376006496009,-3.7678798307315837,-0.9906259322663835,1.8922990082778368,False,False,-0.5277432064846341
continuation_ret_0.60_1.00_cl0.75_rv5_px10,3,long,21,-0.17268361395039078,-0.21481927710843374,0.2857142857142857,0.1850091591203626,-3.229870931527629,-0.6714634118429044,0.2287863374452046,82,-0.06525019738797422,-0.10232441997673407,0.32926829268292684,0.5899327587065234,-1.7471618467974994,-0.9619444465637207,1.203740393551531,89,0.0055111564610090015,-0.10506053565746652,0.34831460674157305,1.0379834264784737,0.10631823787066946,-0.67591550262881,2.812815640166634,False,False,-0.5337723817199963
continuation_ret_0.60_1.00_cl0.75_rv10_px10,3,long,21,-0.17268361395039078,-0.21481927710843374,0.2857142857142857,0.1850091591203626,-3.229870931527629,-0.6714634118429044,0.2287863374452046,71,-0.06954526420124096,-0.1002043531234985,0.3380281690140845,0.5613219304193501,-1.8334601858958322,-0.9619444465637207,1.1862427989144584,70,-0.035693334103524765,-0.11476348690857179,0.3142857142857143,0.7662972818894451,-0.7498560266794608,-0.67591550262881,1.7160982867572983,False,False,-0.5337723817199963
continuation_ret_0.60_1.00_cl0.90_rv2_px1,3,long,10,-0.2234516574484245,-0.2151059865535151,0.1,0.05195250337812148,-4.22709799477128,-0.4475000124176338,0.12245033112582783,46,0.04502711290675235,-0.10782990695846138,0.30434782608695654,1.2658187548899353,0.31893287102640955,-0.9619444465637207,5.983333180745443,80,0.01584359284376243,-0.06233489361800275,0.4125,1.1293281661354386,0.39850184262268984,-0.67591550262881,1.4066666666666665,False,False,-0.5358136730945379
continuation_ret_0.60_1.00_cl0.90_rv2_px3,3,long,10,-0.2234516574484245,-0.2151059865535151,0.1,0.05195250337812148,-4.22709799477128,-0.4475000124176338,0.12245033112582783,45,0.054530462315997355,-0.10053495896649432,0.3111111111111111,1.3311866349375863,0.3786151039796492,-0.9619444465637207,5.983333180745443,74,-0.0034724132110295573,-0.08279832603650793,0.3783783783783784,0.9730326873522066,-0.08559625229922395,-0.67591550262881,1.4066666666666665,False,False,-0.5358136730945379
continuation_ret_0.60_1.00_cl0.90_rv2_px5,3,long,10,-0.2234516574484245,-0.2151059865535151,0.1,0.05195250337812148,-4.22709799477128,-0.4475000124176338,0.12245033112582783,42,0.07109098927901865,-0.10036965604499641,0.3333333333333333,1.434151118824463,0.46139507484707826,-0.9619444465637207,5.983333180745443,61,-0.026306558732241914,-0.0906450922553975,0.32786885245901637,0.8001484904801082,-0.6132340728803692,-0.67591550262881,1.4066666666666665,False,False,-0.5358136730945379
continuation_ret_0.60_1.00_cl0.90_rv5_px1,3,long,10,-0.2234516574484245,-0.2151059865535151,0.1,0.05195250337812148,-4.22709799477128,-0.4475000124176338,0.12245033112582783,43,0.05143285822308383,-0.15870686177939397,0.3023255813953488,1.2919122722920637,0.340486822561283,-0.9619444465637207,5.983333180745443,70,0.030115582042013943,-0.03370460489575016,0.44285714285714284,1.2566517109225408,0.6952311945968892,-0.67591550262881,1.4066666666666665,False,False,-0.5358136730945379
continuation_ret_0.60_1.00_cl0.90_rv5_px3,3,long,10,-0.2234516574484245,-0.2151059865535151,0.1,0.05195250337812148,-4.22709799477128,-0.4475000124176338,0.12245033112582783,42,0.06176753605004472,-0.12945560745144624,0.30952380952380953,1.3606277096711508,0.40021781799728956,-0.9619444465637207,5.983333180745443,64,0.009119449028496804,-0.08279832603650793,0.40625,1.0734903532435518,0.2047039711718803,-0.67591550262881,1.4066666666666665,False,False,-0.5358136730945379
continuation_ret_0.60_1.00_cl0.90_rv5_px5,3,long,10,-0.2234516574484245,-0.2151059865535151,0.1,0.05195250337812148,-4.22709799477128,-0.4475000124176338,0.12245033112582783,39,0.0801586476820713,-0.1002043531234985,0.3333333333333333,1.469276387854191,0.48303030728555174,-0.9619444465637207,5.983333180745443,52,-0.021296732703079007,-0.09463149473279502,0.34615384615384615,0.8368081448823611,-0.4481779882470728,-0.67591550262881,1.4066666666666665,False,False,-0.5358136730945379
continuation_ret_0.60_1.00_cl0.90_rv10_px1,3,long,10,-0.2234516574484245,-0.2151059865535151,0.1,0.05195250337812148,-4.22709799477128,-0.4475000124176338,0.12245033112582783,38,0.0680481937171381,-0.16117747177329744,0.2894736842105263,1.3680054514658095,0.3986134010218138,-0.9619444465637207,5.983333180745443,55,0.039451281268811055,-0.01563375287244028,0.43636363636363634,1.35809734586959,0.7977040100370782,-0.67591550262881,1.4066666666666665,False,False,-0.5358136730945379
continuation_ret_0.60_1.00_cl0.90_rv10_px3,3,long,10,-0.2234516574484245,-0.2151059865535151,0.1,0.05195250337812148,-4.22709799477128,-0.4475000124176338,0.12245033112582783,37,0.08022851275028435,-0.15870686177939397,0.2972972972972973,1.4467881326840584,0.45859759032536157,-0.9619444465637207,5.983333180745443,49,0.013170907442192374,-0.08095347126860673,0.3877551020408163,1.1115161928166706,0.25606804074398254,-0.67591550262881,1.4066666666666665,False,False,-0.5358136730945379
continuation_ret_0.60_1.00_cl0.90_rv10_px5,3,long,10,-0.2234516574484245,-0.2151059865535151,0.1,0.05195250337812148,-4.22709799477128,-0.4475000124176338,0.12245033112582783,34,0.10295310933115955,-0.1319262174453497,0.3235294117647059,1.5727068729411542,0.5416821044637709,-0.9619444465637207,5.983333180745443,40,0.0012206882851482415,-0.08764413652990331,0.325,1.0100283895952256,0.021059499629282625,-0.67591550262881,1.4066666666666665,False,False,-0.5358136730945379
continuation_ret_0.60_1.00_cl0.50_rv5_px5,10,long,46,-0.1395163318677865,-0.15273495385125802,0.30434782608695654,0.3061818964308719,-3.1498906239172184,-0.7328915447308253,0.6019205298013246,151,-0.11841050270307225,-0.19534482758620686,0.24503311258278146,0.463350720557218,-2.8670041419423224,-0.9655555555555556,4.3025,223,-0.06704079103551784,-0.20382717255829363,0.29596412556053814,0.7227899494639802,-1.229035357856333,-0.9349343832020998,8.064137816786344,False,False,-0.5371584705401428
continuation_ret_0.60_1.00_cl0.75_rv2_px1,3,long,31,-0.15516574429709593,-0.17323028489380743,0.22580645161290322,0.14782047672695225,-4.138610587865355,-0.6714634118429044,0.2287863374452046,109,-0.0069639441396892226,-0.10053495896649432,0.3394495412844037,0.9551638556721003,-0.10888904298538547,-0.9619444465637207,5.983333180745443,181,-0.001538433757933943,-0.08464318080440912,0.3867403314917127,0.9888457237028728,-0.048784807801446145,-0.67591550262881,2.812815640166634,False,False,-0.5377634908950872
continuation_ret_0.60_1.00_cl0.50_rv5_px10,10,long,39,-0.14663665889190888,-0.17591932893184847,0.3333333333333333,0.3153145938152669,-2.8637362572260194,-0.7328915447308253,0.6019205298013246,133,-0.14277389975664886,-0.19906250000000003,0.21804511278195488,0.37005094953347184,-3.389484043133166,-0.9655555555555556,4.3025,167,-0.11269338972960452,-0.24440449528544161,0.2634730538922156,0.5732497802902276,-2.1702902868847596,-0.9349343832020998,5.078888888888889,False,False,-0.5409249582062763
continuation_ret_0.60_1.00_cl0.75_rv2_px3,3,long,29,-0.15982197315950739,-0.1798113397271497,0.2413793103448276,0.15255846394546752,-4.011856831693992,-0.6714634118429044,0.2287863374452046,106,0.003535796293908521,-0.09550617999035303,0.3490566037735849,1.0237271695035357,0.05399612032984079,-0.9619444465637207,5.983333180745443,164,-0.008910051535032472,-0.09677998136135434,0.36585365853658536,0.9373351701656567,-0.2634085467613829,-0.67591550262881,2.812815640166634,False,False,-0.5435860766421958
continuation_ret_0.60_1.00_cl0.75_rv2_px5,3,long,28,-0.16192600547269637,-0.18623693284918869,0.25,0.1554261361564789,-3.927489179545627,-0.6714634118429044,0.2287863374452046,103,0.008803350996633076,-0.08498463429625079,0.3592233009708738,1.0594039656979009,0.13077975111672352,-0.9619444465637207,5.983333180745443,139,-0.012227310445472438,-0.09861789721019253,0.3381294964028777,0.91565256003439,-0.32077834459945964,-0.67591550262881,2.812815640166634,False,False,-0.5452527629945775
continuation_ret_1.00_10.00_cl0.75_rv10_px5,3,long,16,-0.1687982809591967,-0.13201413696508618,0.125,0.1501024258397421,-2.822337047717896,-0.5730252100840336,0.3536363636363635,62,-0.11960964546190693,-0.16829149405121807,0.2903225806451613,0.508957588238995,-1.8156872795036711,-0.91,2.572836710369488,77,-0.19470085756982025,-0.24350249292979131,0.2077922077922078,0.3245494638843684,-3.66413794948782,-0.9906259322663835,1.8922990082778368,False,False,-0.5516290677660035
continuation_ret_0.60_1.00_cl0.75_rv2_px10,3,long,24,-0.1717860164085394,-0.2096400266092011,0.25,0.16643713557216225,-3.6190578290134994,-0.6714634118429044,0.2287863374452046,84,-0.07078414543465383,-0.10741163085479043,0.32142857142857145,0.564189799779335,-1.9307876610692907,-0.9619444465637207,1.203740393551531,101,0.006119143178784515,-0.10940651462502292,0.3465346534653465,1.0392728315479838,0.12023456276048704,-0.67591550262881,2.812815640166634,False,False,-0.5529578552678596
continuation_ret_0.60_1.00_cl0.50_rv5_px3,10,long,47,-0.14300548371261834,-0.1709323251129644,0.2978723404255319,0.29645467068017656,-3.2889927815906534,-0.7328915447308253,0.6019205298013246,161,-0.09359010668552618,-0.17753926701570677,0.2546583850931677,0.5606974600963772,-2.2029927276202774,-0.9655555555555556,4.3025,264,-0.06142840721456856,-0.19484717469088808,0.29924242424242425,0.7372905477274644,-1.301892412680025,-0.9349343832020998,8.064137816786344,False,False,-0.5536029731136601
continuation_ret_1.00_10.00_cl0.75_rv10_px1,2,long,16,-0.1961250658935967,-0.17411052715400543,0.125,0.12864112801181607,-3.259807160521083,-0.5870308123249299,0.4445454545454546,64,-0.08355473492468343,-0.10680845720286779,0.328125,0.6217642547530824,-1.414390222344602,-0.8604540272695284,1.683682955899881,84,-0.18442507548060028,-0.20019139553319382,0.23809523809523808,0.26239469119943826,-4.4337060280099845,-0.9878315936949479,1.5660000228881834,False,False,-0.5556641537936429
continuation_ret_1.00_10.00_cl0.75_rv10_px3,2,long,16,-0.1961250658935967,-0.17411052715400543,0.125,0.12864112801181607,-3.259807160521083,-0.5870308123249299,0.4445454545454546,62,-0.1016728636025617,-0.15230259729120094,0.3064516129032258,0.5541299767101014,-1.7304965135431036,-0.8604540272695284,1.683682955899881,83,-0.18179655098496916,-0.1999066089076078,0.24096385542168675,0.26752272952081135,-4.326818611580724,-0.9878315936949479,1.5660000228881834,False,False,-0.5556641537936429
continuation_ret_1.00_10.00_cl0.75_rv10_px5,2,long,16,-0.1961250658935967,-0.17411052715400543,0.125,0.12864112801181607,-3.259807160521083,-0.5870308123249299,0.4445454545454546,62,-0.1016728636025617,-0.15230259729120094,0.3064516129032258,0.5541299767101014,-1.7304965135431036,-0.8604540272695284,1.683682955899881,77,-0.19058213218973077,-0.19918918918918915,0.23376623376623376,0.24928535858257217,-4.3256609853679615,-0.9878315936949479,1.5660000228881834,False,False,-0.5556641537936429
continuation_ret_0.60_1.00_cl0.50_rv5_px1,10,long,51,-0.14217996619698778,-0.1709323251129644,0.27450980392156865,0.2808747586284321,-3.5436745490384287,-0.7328915447308253,0.6019205298013246,165,-0.0963695644139459,-0.17753926701570677,0.24848484848484848,0.5474037704098833,-2.320818022246689,-0.9655555555555556,4.3025,294,-0.03252443336716699,-0.1903099018498881,0.3197278911564626,0.8580279679442152,-0.7098351245462493,-0.9349343832020998,8.064137816786344,False,False,-0.5617876983439677
continuation_ret_0.60_1.00_cl0.75_rv5_px5,5,long,25,-0.17247507466869633,-0.19970587142198593,0.28,0.21462348779078544,-2.8870655501490963,-0.6685365853658536,0.8774172185430464,97,-0.014787557741701072,-0.12320755150420969,0.35051546391752575,0.9107244125889301,-0.24157599069949431,-0.9544444444444444,4.823333333333333,120,-0.0797429970799563,-0.12516789420539626,0.3333333333333333,0.5326517817672918,-2.4962610723057668,-0.867742782152231,1.6127391100082062,False,False,-0.5619404436730762
continuation_ret_0.60_1.00_cl0.75_rv10_px5,5,long,25,-0.17247507466869633,-0.19970587142198593,0.28,0.21462348779078544,-2.8870655501490963,-0.6685365853658536,0.8774172185430464,85,-0.003564273130491037,-0.12320755150420969,0.36470588235294116,0.9782465093439796,-0.05203271506648386,-0.9544444444444444,4.823333333333333,96,-0.09298546172684378,-0.136099957728755,0.3229166666666667,0.4677848618949145,-2.661215248244813,-0.867742782152231,1.6127391100082062,False,False,-0.5619404436730762
continuation_ret_1.00_10.00_cl0.90_rv10_px10,2,long,8,-0.25654670701567983,-0.2631239857189224,0.125,0.009041740140487958,-3.4587178507130254,-0.5870308123249299,0.018726348042651393,22,-0.07210339203170704,-0.08108696923739665,0.2727272727272727,0.623213286261953,-0.745514695610327,-0.61,1.5302298850574714,28,-0.2545680108236807,-0.28650215598252216,0.21428571428571427,0.20333678205155978,-3.18808298571009,-0.9878315936949479,1.2308045727651853,False,False,-0.5636907298895261
continuation_ret_1.00_10.00_cl0.90_rv10_px1,2,long,9,-0.23649330093678744,-0.18932489451476797,0.1111111111111111,0.008721425148367622,-3.456494102976249,-0.5870308123249299,0.018726348042651393,28,-0.06499564227721842,-0.08108696923739665,0.2857142857142857,0.6629746152963941,-0.7477610807033424,-0.6584848330135473,1.5302298850574714,33,-0.24557454138517099,-0.24358880957739426,0.21212121212121213,0.18991828416632553,-3.588151188460108,-0.9878315936949479,1.2308045727651853,False,False,-0.5654562782123441
continuation_ret_1.00_10.00_cl0.90_rv10_px3,2,long,9,-0.23649330093678744,-0.18932489451476797,0.1111111111111111,0.008721425148367622,-3.456494102976249,-0.5870308123249299,0.018726348042651393,26,-0.10677278815158468,-0.09443342876197679,0.23076923076923078,0.4858921046260794,-1.2540365992737827,-0.6584848330135473,1.5302298850574714,33,-0.24557454138517099,-0.24358880957739426,0.21212121212121213,0.18991828416632553,-3.588151188460108,-0.9878315936949479,1.2308045727651853,False,False,-0.5654562782123441
continuation_ret_1.00_10.00_cl0.75_rv2_px3,2,long,16,-0.1961250658935967,-0.17411052715400543,0.125,0.12864112801181607,-3.259807160521083,-0.5870308123249299,0.4445454545454546,66,-0.09811424828580857,-0.15230259729120094,0.30303030303030304,0.5689312999518791,-1.7235347593490449,-0.8604540272695284,1.683682955899881,90,-0.20169658380175895,-0.21024418865669603,0.2222222222222222,0.23288836180123926,-5.012345289592106,-0.9878315936949479,1.5660000228881834,False,False,-0.5714494526776963
continuation_ret_1.00_10.00_cl0.75_rv5_px3,2,long,16,-0.1961250658935967,-0.17411052715400543,0.125,0.12864112801181607,-3.259807160521083,-0.5870308123249299,0.4445454545454546,64,-0.08853547481589431,-0.10680845720286779,0.3125,0.6013259947250448,-1.5184427060764858,-0.8604540272695284,1.683682955899881,89,-0.20270669814576042,-0.22001219515461223,0.2247191011235955,0.23399383899963572,-4.982731578085083,-0.9878315936949479,1.5660000228881834,False,False,-0.5743113221161439
continuation_ret_0.60_1.00_cl0.50_rv10_px5,10,long,43,-0.1519116087144874,-0.1709323251129644,0.27906976744186046,0.28011794360421577,-3.2752215220623344,-0.7328915447308253,0.6019205298013246,136,-0.14976262436985607,-0.20453125,0.25,0.33538840164176154,-4.827053290315831,-0.9655555555555556,2.1566666666666667,182,-0.084358683908697,-0.19484717469088808,0.2967032967032967,0.6381434786933604,-1.7784150528913394,-0.9349343832020998,5.078888888888889,False,False,-0.5748623349692101
continuation_ret_1.00_10.00_cl0.75_rv2_px1,2,long,16,-0.1961250658935967,-0.17411052715400543,0.125,0.12864112801181607,-3.259807160521083,-0.5870308123249299,0.4445454545454546,68,-0.08116655703947473,-0.10680845720286779,0.3235294117647059,0.6325853149656858,-1.4187839009024925,-0.8604540272695284,1.683682955899881,91,-0.20390423242611302,-0.22001219515461223,0.21978021978021978,0.22899249089028634,-5.115959882813234,-0.9878315936949479,1.5660000228881834,False,False,-0.5777041922192037
continuation_ret_0.60_1.00_cl0.75_rv5_px1,5,long,28,-0.17171843929969735,-0.1975073299820434,0.25,0.1968325158516701,-3.216095939259795,-0.6685365853658536,0.8774172185430464,102,-0.02491785973531537,-0.1283387526387671,0.3431372549019608,0.8527726451701633,-0.42590126913294807,-0.9544444444444444,4.823333333333333,158,-0.045611136457728664,-0.09899738482410807,0.3924050632911392,0.7160255616966805,-1.5397515027743927,-0.867742782152231,1.6127391100082062,False,False,-0.5782267845856564
continuation_ret_0.60_1.00_cl0.75_rv10_px1,5,long,28,-0.17171843929969735,-0.1975073299820434,0.25,0.1968325158516701,-3.216095939259795,-0.6685365853658536,0.8774172185430464,90,-0.015668797868321156,-0.1283387526387671,0.35555555555555557,0.9067538617320084,-0.24086845602839282,-0.9544444444444444,4.823333333333333,126,-0.05887539042720728,-0.10991373043452561,0.38095238095238093,0.6396313621266383,-1.8194127877001414,-0.867742782152231,1.6127391100082062,False,False,-0.5782267845856564
continuation_ret_0.60_1.00_cl0.75_rv5_px3,5,long,26,-0.17571654115543833,-0.21180636257147561,0.2692307692307692,0.20503488795287014,-3.056557286010341,-0.6685365853658536,0.8774172185430464,100,-0.017373637157087386,-0.12536804948392932,0.35,0.8944428439208079,-0.2923154117992747,-0.9544444444444444,4.823333333333333,142,-0.06880566183716647,-0.12054372478098839,0.3591549295774648,0.5906485784224689,-2.3461781075072787,-0.867742782152231,1.6127391100082062,False,False,-0.5791330543068606
continuation_ret_0.60_1.00_cl0.75_rv10_px3,5,long,26,-0.17571654115543833,-0.21180636257147561,0.2692307692307692,0.20503488795287014,-3.056557286010341,-0.6685365853658536,0.8774172185430464,88,-0.006885611714266759,-0.12536804948392932,0.36363636363636365,0.9576834328696634,-0.10395587048296015,-0.9544444444444444,4.823333333333333,114,-0.08025861165493225,-0.1251289443220886,0.3508771929824561,0.5275356785185006,-2.520826857467062,-0.867742782152231,1.6127391100082062,False,False,-0.5791330543068606
continuation_ret_1.00_10.00_cl0.90_rv10_px1,3,long,9,-0.205193981815745,-0.0871558488549544,0.1111111111111111,0.06261281873445532,-2.590867891924634,-0.5730252100840336,0.12335347080740312,28,-0.12339287701041522,-0.15236612670134486,0.25,0.4424153258006382,-1.5980293749238257,-0.91,1.0244827586206895,33,-0.25156344939588865,-0.32310761570486446,0.21212121212121213,0.25511397189819224,-2.8810511118093918,-0.9906259322663835,1.8922990082778368,False,False,-0.5792462485211353
continuation_ret_1.00_10.00_cl0.90_rv10_px3,3,long,9,-0.205193981815745,-0.0871558488549544,0.1111111111111111,0.06261281873445532,-2.590867891924634,-0.5730252100840336,0.12335347080740312,26,-0.16380256405607144,-0.1678739166396951,0.23076923076923078,0.31209703775067665,-2.206731200048205,-0.91,1.0244827586206895,33,-0.25156344939588865,-0.32310761570486446,0.21212121212121213,0.25511397189819224,-2.8810511118093918,-0.9906259322663835,1.8922990082778368,False,False,-0.5792462485211353
continuation_ret_1.00_10.00_cl0.75_rv5_px1,2,long,16,-0.1961250658935967,-0.17411052715400543,0.125,0.12864112801181607,-3.259807160521083,-0.5870308123249299,0.4445454545454546,66,-0.07136448303088105,-0.10357320345365083,0.3333333333333333,0.668604440997306,-1.219363796875418,-0.8604540272695284,1.683682955899881,90,-0.20492765270656288,-0.22241349085620515,0.2222222222222222,0.23006120665341467,-5.086499237293785,-0.9878315936949479,1.5660000228881834,False,False,-0.5806037602143519
continuation_ret_1.00_10.00_cl0.75_rv2_px3,3,long,16,-0.1687982809591967,-0.13201413696508618,0.125,0.1501024258397421,-2.822337047717896,-0.5730252100840336,0.3536363636363635,66,-0.11386279133760736,-0.171409491332765,0.2878787878787879,0.5425915478243893,-1.7306545861653462,-0.91,2.572836710369488,90,-0.2057522020923902,-0.24547936314389224,0.2222222222222222,0.2961850320414857,-4.309768607029729,-0.9925613080500092,1.8922990082778368,False,False,-0.5829398845371112
continuation_ret_1.00_10.00_cl0.75_rv2_px1,3,long,16,-0.1687982809591967,-0.13201413696508618,0.125,0.1501024258397421,-2.822337047717896,-0.5730252100840336,0.3536363636363635,68,-0.09869232528111554,-0.16829149405121807,0.29411764705882354,0.5916513804391055,-1.5117417153042947,-0.91,2.572836710369488,91,-0.2059209809997031,-0.24350249292979131,0.21978021978021978,0.2937166601653371,-4.361470885653916,-0.9925613080500092,1.8922990082778368,False,False,-0.5834180711895054
continuation_ret_1.00_10.00_cl0.75_rv10_px10,2,long,15,-0.20412900013279328,-0.17521739130434788,0.13333333333333333,0.13141691488460075,-3.2021747714609536,-0.5870308123249299,0.4445454545454546,54,-0.10996072380553451,-0.1988871228457076,0.3148148148148148,0.5338636243518914,-1.705088639930975,-0.8604540272695284,1.683682955899881,67,-0.21054333597778613,-0.20047618215877983,0.22388059701492538,0.22874083553598631,-4.2797745255543465,-0.9878315936949479,1.5660000228881834,False,False,-0.5837500788747509
continuation_ret_1.00_10.00_cl0.75_rv5_px3,3,long,16,-0.1687982809591967,-0.13201413696508618,0.125,0.1501024258397421,-2.822337047717896,-0.5730252100840336,0.3536363636363635,64,-0.10234749144423787,-0.16829149405121807,0.296875,0.576439018623393,-1.5204927122494731,-0.91,2.572836710369488,89,-0.20683031223723056,-0.24745623335799316,0.2247191011235955,0.2974262691179276,-4.285036220347179,-0.9925613080500092,1.8922990082778368,False,False,-0.5859944005858353
continuation_ret_1.00_10.00_cl0.75_rv5_px1,3,long,16,-0.1687982809591967,-0.13201413696508618,0.125,0.1501024258397421,-2.822337047717896,-0.5730252100840336,0.3536363636363635,66,-0.0870662627767423,-0.16674512083584064,0.30303030303030304,0.6285466549184193,-1.3050767259748384,-0.91,2.572836710369488,90,-0.20698898746412653,-0.24547936314389224,0.2222222222222222,0.2949372521676588,-4.336756802886643,-0.9925613080500092,1.8922990082778368,False,False,-0.5864439613560481
continuation_ret_1.00_10.00_cl0.90_rv10_px5,2,long,9,-0.23649330093678744,-0.18932489451476797,0.1111111111111111,0.008721425148367622,-3.456494102976249,-0.5870308123249299,0.018726348042651393,26,-0.10677278815158468,-0.09443342876197679,0.23076923076923078,0.4858921046260794,-1.2540365992737827,-0.6584848330135473,1.5302298850574714,30,-0.25642868983778805,-0.28650215598252216,0.2,0.1912599802444347,-3.4394573817377356,-0.9878315936949479,1.2308045727651853,False,False,-0.5904488786364845
continuation_ret_0.60_1.00_cl0.50_rv10_px3,10,long,44,-0.15535694643858727,-0.1789469339340155,0.2727272727272727,0.2710518084123789,-3.418459801710812,-0.7328915447308253,0.6019205298013246,146,-0.12024478207196052,-0.1855255138307113,0.2602739726027397,0.4449315931756792,-3.4469822065597944,-0.9655555555555556,2.1566666666666667,216,-0.072842031181996,-0.1903099018498881,0.30092592592592593,0.6767675148098243,-1.7485685020451187,-0.9349343832020998,5.078888888888889,False,False,-0.5913914605330268
continuation_ret_1.00_10.00_cl0.75_rv10_px10,3,long,15,-0.17538083274591887,-0.1528571428571429,0.13333333333333333,0.1534863331373538,-2.759773817871688,-0.5730252100840336,0.3536363636363635,54,-0.1281413940096814,-0.21012039663521026,0.2962962962962963,0.4966027515230481,-1.7435193660126618,-0.91,2.572836710369488,67,-0.21337266299509747,-0.27453488372093027,0.19402985074626866,0.31340102915403645,-3.5601858236091912,-0.9906259322663835,1.8922990082778368,False,False,-0.5915946390544767
continuation_ret_0.60_1.00_cl0.50_rv10_px1,10,long,48,-0.15345054551773238,-0.17460075810227277,0.25,0.25655398425155895,-3.6780163373826418,-0.7328915447308253,0.6019205298013246,149,-0.12289961308954511,-0.1886372398734898,0.2550335570469799,0.43454066525432894,-3.585825059532403,-0.9655555555555556,2.1566666666666667,241,-0.03675615430808334,-0.18099998474121093,0.3236514522821577,0.8344359737617534,-0.8563791365019042,-0.9349343832020998,5.078888888888889,False,False,-0.5972019478020595
continuation_ret_0.60_1.00_cl0.50_rv2_px5,10,long,51,-0.15123954510702878,-0.17591932893184847,0.27450980392156865,0.2685684140053052,-3.707102925334484,-0.7328915447308253,0.6019205298013246,160,-0.12228620463626334,-0.19720366379310345,0.24375,0.4436834791496467,-3.122846660794001,-0.9655555555555556,4.3025,253,-0.08559667128863091,-0.20583336512247719,0.2924901185770751,0.6515857923047335,-1.7578056747398259,-0.9631460658896828,8.064137816786344,False,False,-0.59758430260526
continuation_ret_1.00_10.00_cl0.75_rv2_px5,2,long,16,-0.1961250658935967,-0.17411052715400543,0.125,0.12864112801181607,-3.259807160521083,-0.5870308123249299,0.4445454545454546,66,-0.09811424828580857,-0.15230259729120094,0.30303030303030304,0.5689312999518791,-1.7235347593490449,-0.8604540272695284,1.683682955899881,84,-0.2111714641549421,-0.20019139553319382,0.21428571428571427,0.21551010118924283,-5.030902909976244,-0.9878315936949479,1.5660000228881834,False,False,-0.5982938101276709
continuation_ret_0.60_1.00_cl0.75_rv5_px10,5,long,21,-0.19387846541783182,-0.23891566265060238,0.23809523809523808,0.21825664796516922,-2.7718250694103417,-0.6685365853658536,0.8774172185430464,82,-0.07701326526438473,-0.1322567011352611,0.32926829268292684,0.5593927793447157,-2.024517300657355,-0.9544444444444444,1.3532610566971084,89,-0.09587009931332953,-0.15214215303580603,0.3146067415730337,0.49718510605297156,-2.3944995011571906,-0.867742782152231,1.6127391100082062,False,False,-0.5992865673984803
continuation_ret_0.60_1.00_cl0.75_rv10_px10,5,long,21,-0.19387846541783182,-0.23891566265060238,0.23809523809523808,0.21825664796516922,-2.7718250694103417,-0.6685365853658536,0.8774172185430464,71,-0.07333389541662902,-0.12914895781388525,0.3380281690140845,0.5737736134137735,-1.7937029365934123,-0.9544444444444444,1.3532610566971084,70,-0.12250081853250383,-0.1540440443358797,0.2857142857142857,0.3928495027918996,-2.7916023798840013,-0.867742782152231,1.6127391100082062,False,False,-0.5992865673984803
continuation_ret_1.00_10.00_cl0.75_rv5_px5,2,long,16,-0.1961250658935967,-0.17411052715400543,0.125,0.12864112801181607,-3.259807160521083,-0.5870308123249299,0.4445454545454546,64,-0.08853547481589431,-0.10680845720286779,0.3125,0.6013259947250448,-1.5184427060764858,-0.8604540272695284,1.683682955899881,83,-0.21236875399794586,-0.20047618215877983,0.21686746987951808,0.21658093211217602,-5.000867566897567,-0.9878315936949479,1.5660000228881834,False,False,-0.6016859876875721
continuation_ret_1.00_10.00_cl0.50_rv2_px5,3,long,22,-0.19287810001483321,-0.1853333728930458,0.13636363636363635,0.12024820016050557,-3.9653783713545288,-0.5730252100840336,0.3536363636363635,104,-0.10452847183766897,-0.171409491332765,0.2980769230769231,0.5379290647098031,-2.2609376322364305,-0.91,2.572836710369488,170,-0.18058616975582054,-0.24545043471748912,0.2411764705882353,0.3709540963634587,-4.791703961144076,-0.9925613080500092,2.604035275577588,False,False,-0.6047681669759136
continuation_ret_1.00_10.00_cl0.50_rv5_px5,3,long,22,-0.19287810001483321,-0.1853333728930458,0.13636363636363635,0.12024820016050557,-3.9653783713545288,-0.5730252100840336,0.3536363636363635,102,-0.09712015975751676,-0.16829149405121807,0.30392156862745096,0.5609299067516997,-2.074279422877592,-0.91,2.572836710369488,167,-0.18735900048082257,-0.24739837650518692,0.23952095808383234,0.3460982468309953,-5.1021950590218355,-0.9925613080500092,2.604035275577588,False,False,-0.6047681669759136
continuation_ret_1.00_10.00_cl0.50_rv10_px5,3,long,22,-0.19287810001483321,-0.1853333728930458,0.13636363636363635,0.12024820016050557,-3.9653783713545288,-0.5730252100840336,0.3536363636363635,100,-0.10771814861473718,-0.16829149405121807,0.3,0.5147692369986645,-2.3530723349748714,-0.91,2.572836710369488,155,-0.17226767659242606,-0.24350249292979131,0.24516129032258063,0.3807798900385128,-4.4638127442484725,-0.9906259322663835,2.604035275577588,False,False,-0.6047681669759136
continuation_ret_0.60_1.00_cl0.75_rv2_px5,5,long,28,-0.17987824657635415,-0.21180636257147561,0.25,0.1895965017163682,-3.338835555781992,-0.6685365853658536,0.8774172185430464,103,-0.0125688005645845,-0.12320755150420969,0.34951456310679613,0.9237070688982041,-0.21429347582609687,-0.9544444444444444,4.823333333333333,139,-0.07455290892184335,-0.12058267466429605,0.34532374100719426,0.5654829456081684,-2.491330006388666,-0.867742782152231,1.6127391100082062,False,False,-0.6057032696018361
continuation_ret_1.00_10.00_cl0.90_rv2_px10,2,long,8,-0.25654670701567983,-0.2631239857189224,0.125,0.009041740140487958,-3.4587178507130254,-0.5870308123249299,0.018726348042651393,22,-0.07210339203170704,-0.08108696923739665,0.2727272727272727,0.623213286261953,-0.745514695610327,-0.61,1.5302298850574714,29,-0.275856827256513,-0.32941550238765005,0.20689655172413793,0.18528039666629015,-3.4510448305242516,-0.9878315936949479,1.2308045727651853,False,False,-0.6061194006740023
continuation_ret_1.00_10.00_cl0.90_rv5_px10,2,long,8,-0.25654670701567983,-0.2631239857189224,0.125,0.009041740140487958,-3.4587178507130254,-0.5870308123249299,0.018726348042651393,22,-0.07210339203170704,-0.08108696923739665,0.2727272727272727,0.623213286261953,-0.745514695610327,-0.61,1.5302298850574714,29,-0.275856827256513,-0.32941550238765005,0.20689655172413793,0.18528039666629015,-3.4510448305242516,-0.9878315936949479,1.2308045727651853,False,False,-0.6061194006740023
continuation_ret_0.60_1.00_cl0.50_rv2_px10,10,long,44,-0.15941580071192582,-0.18965725764034602,0.29545454545454547,0.2729761851282152,-3.4411241707451983,-0.7328915447308253,0.6019205298013246,137,-0.14497518361625084,-0.19906250000000003,0.21897810218978103,0.3598047202704028,-3.5380395490082286,-0.9655555555555556,4.3025,188,-0.13859749198976,-0.25728859042462715,0.24468085106382978,0.49740075626860164,-2.950720284215704,-0.9631460658896828,5.078888888888889,False,False,-0.6068421488467887
continuation_ret_1.00_10.00_cl0.90_rv2_px1,2,long,9,-0.23649330093678744,-0.18932489451476797,0.1111111111111111,0.008721425148367622,-3.456494102976249,-0.5870308123249299,0.018726348042651393,29,-0.03819502372254869,-0.0788405797101449,0.3103448275862069,0.7948719157643255,-0.4337999052514824,-0.6584848330135473,1.5302298850574714,34,-0.26399716332607237,-0.2534610831113832,0.20588235294117646,0.17469202991133204,-3.8313010377623624,-0.9878315936949479,1.2308045727651853,False,False,-0.6078759328673287
continuation_ret_1.00_10.00_cl0.90_rv2_px3,2,long,9,-0.23649330093678744,-0.18932489451476797,0.1111111111111111,0.008721425148367622,-3.456494102976249,-0.5870308123249299,0.018726348042651393,27,-0.07643963689381474,-0.08333335876464841,0.25925925925925924,0.617789405094011,-0.8749547164523358,-0.6584848330135473,1.5302298850574714,34,-0.26399716332607237,-0.2534610831113832,0.20588235294117646,0.17469202991133204,-3.8313010377623624,-0.9878315936949479,1.2308045727651853,False,False,-0.6078759328673287
continuation_ret_1.00_10.00_cl0.90_rv5_px1,2,long,9,-0.23649330093678744,-0.18932489451476797,0.1111111111111111,0.008721425148367622,-3.456494102976249,-0.5870308123249299,0.018726348042651393,29,-0.03819502372254869,-0.0788405797101449,0.3103448275862069,0.7948719157643255,-0.4337999052514824,-0.6584848330135473,1.5302298850574714,34,-0.26399716332607237,-0.2534610831113832,0.20588235294117646,0.17469202991133204,-3.8313010377623624,-0.9878315936949479,1.2308045727651853,False,False,-0.6078759328673287
continuation_ret_1.00_10.00_cl0.90_rv5_px3,2,long,9,-0.23649330093678744,-0.18932489451476797,0.1111111111111111,0.008721425148367622,-3.456494102976249,-0.5870308123249299,0.018726348042651393,27,-0.07643963689381474,-0.08333335876464841,0.25925925925925924,0.617789405094011,-0.8749547164523358,-0.6584848330135473,1.5302298850574714,34,-0.26399716332607237,-0.2534610831113832,0.20588235294117646,0.17469202991133204,-3.8313010377623624,-0.9878315936949479,1.2308045727651853,False,False,-0.6078759328673287
continuation_ret_1.00_10.00_cl0.75_rv2_px5,3,long,16,-0.1687982809591967,-0.13201413696508618,0.125,0.1501024258397421,-2.822337047717896,-0.5730252100840336,0.3536363636363635,66,-0.11386279133760736,-0.171409491332765,0.2878787878787879,0.5425915478243893,-1.7306545861653462,-0.91,2.572836710369488,84,-0.2152866522985702,-0.24547936314389224,0.20238095238095238,0.2855836046662819,-4.271498548656766,-0.9925613080500092,1.8922990082778368,False,False,-0.6099530160894999
continuation_ret_0.60_1.00_cl0.90_rv2_px10,20,long,8,-0.2785213671623941,-0.31228093661438444,0.125,0.06888176635559715,-3.3994863026467637,-0.543050853204817,0.1648344370860928,32,-0.15333639070242933,-0.2809781798828369,0.1875,0.4808267179332243,-1.5285568429751772,-0.9729444440205892,1.6866291364282862,47,-0.259730512742611,-0.2754545454545455,0.2127659574468085,0.14247419492851937,-5.3544002059477505,-0.771742675290895,0.6336782188783452,False,False,-0.6119739932424975
continuation_ret_0.60_1.00_cl0.90_rv5_px10,20,long,8,-0.2785213671623941,-0.31228093661438444,0.125,0.06888176635559715,-3.3994863026467637,-0.543050853204817,0.1648344370860928,32,-0.15333639070242933,-0.2809781798828369,0.1875,0.4808267179332243,-1.5285568429751772,-0.9729444440205892,1.6866291364282862,42,-0.2552788973534093,-0.2558451439667411,0.21428571428571427,0.13359752087864818,-5.147727434768011,-0.729018418356354,0.6336782188783452,False,False,-0.6119739932424975
continuation_ret_0.60_1.00_cl0.90_rv10_px10,20,long,8,-0.2785213671623941,-0.31228093661438444,0.125,0.06888176635559715,-3.3994863026467637,-0.543050853204817,0.1648344370860928,27,-0.12495415692462866,-0.27288658138305844,0.2222222222222222,0.5739181920943773,-1.0692423948699619,-0.9729444440205892,1.6866291364282862,31,-0.23633900613793213,-0.21696908377397728,0.25806451612903225,0.15133307791823353,-3.987257973293368,-0.728292694273341,0.6336782188783452,False,False,-0.6119739932424975
continuation_ret_0.60_1.00_cl0.50_rv2_px3,10,long,52,-0.15416775517371825,-0.18144043584345754,0.2692307692307692,0.261054986218494,-3.843431995373844,-0.7328915447308253,0.6019205298013246,170,-0.09855184711769378,-0.1799765274018198,0.2529411764705882,0.5365764347016407,-2.4391868150046254,-0.9655555555555556,4.3025,297,-0.0789361969008225,-0.19627449147108167,0.2962962962962963,0.6687923688863514,-1.8567417495688106,-0.9631460658896828,8.064137816786344,False,False,-0.6120909916966969
continuation_ret_1.00_10.00_cl0.75_rv5_px5,3,long,16,-0.1687982809591967,-0.13201413696508618,0.125,0.1501024258397421,-2.822337047717896,-0.5730252100840336,0.3536363636363635,64,-0.10234749144423787,-0.16829149405121807,0.296875,0.576439018623393,-1.5204927122494731,-0.91,2.572836710369488,83,-0.21655757101058193,-0.24745623335799316,0.20481927710843373,0.28682777587321956,-4.246605643927012,-0.9925613080500092,1.8922990082778368,False,False,-0.6135537999435823
continuation_ret_1.00_10.00_cl0.50_rv2_px10,3,long,21,-0.19872658076990318,-0.19400003987357017,0.14285714285714285,0.1220205841672548,-3.923951460489685,-0.5730252100840336,0.3536363636363635,89,-0.11981530771664477,-0.20191918566394895,0.3146067415730337,0.4977361177320942,-2.3644621069269993,-0.91,2.572836710369488,146,-0.1972260378347669,-0.26962962962962966,0.2191780821917808,0.35520383317888554,-4.635125810713442,-0.9925613080500092,2.604035275577588,False,False,-0.6142722977705111
continuation_ret_1.00_10.00_cl0.50_rv10_px10,3,long,21,-0.19872658076990318,-0.19400003987357017,0.14285714285714285,0.1220205841672548,-3.923951460489685,-0.5730252100840336,0.3536363636363635,86,-0.108561871803307,-0.18782286953815458,0.32558139534883723,0.5309266391724027,-2.0881911845664254,-0.91,2.572836710369488,132,-0.18955011988646234,-0.26962962962962966,0.2196969696969697,0.3617018641292033,-4.33139838594462,-0.9906259322663835,2.604035275577588,False,False,-0.6142722977705111
continuation_ret_0.60_1.00_cl0.50_rv2_px1,10,long,56,-0.15261863947476187,-0.1770942600117148,0.25,0.2488974270366504,-4.091252917504025,-0.7328915447308253,0.6019205298013246,175,-0.1030549875865256,-0.18241378778793282,0.24571428571428572,0.5182169557448585,-2.6180490352162944,-0.9655555555555556,4.3025,328,-0.05197906829480966,-0.1941706241219786,0.31402439024390244,0.7776179354191206,-1.249845342708283,-0.9631460658896828,8.064137816786344,False,False,-0.6170449838236202
continuation_ret_0.60_1.00_cl0.75_rv2_px1,5,long,31,-0.17847839799393653,-0.19970587142198593,0.22580645161290322,0.17557727057456812,-3.662437503267778,-0.6685365853658536,0.8774172185430464,109,-0.02520137783121972,-0.12914895781388525,0.3394495412844037,0.8515962871369919,-0.4518387217179004,-0.9544444444444444,4.823333333333333,181,-0.04573930516053696,-0.09852005532503459,0.39779005524861877,0.7179909321626882,-1.66403263336079,-0.867742782152231,1.6127391100082062,False,False,-0.6185589918017645
continuation_ret_0.60_1.00_cl0.75_rv2_px3,5,long,29,-0.18252910715385876,-0.2239068537209653,0.2413793103448276,0.18207456322550036,-3.5067248664274273,-0.6685365853658536,0.8774172185430464,106,-0.015071293140716403,-0.12536804948392932,0.3490566037735849,0.9079779492141365,-0.26418737468576325,-0.9544444444444444,4.823333333333333,164,-0.0651122155814906,-0.11911351407288938,0.3719512195121951,0.6142587547900371,-2.376410938524898,-0.867742782152231,1.6127391100082062,False,False,-0.6208175213288354
continuation_ret_1.00_10.00_cl0.50_rv2_px5,5,long,22,-0.19924431583390134,-0.24634296737673472,0.22727272727272727,0.2051024170565959,-3.0580419379956036,-0.6402521008403361,0.4899998822624356,104,-0.09980446079905227,-0.2116442335671676,0.28846153846153844,0.6040088351429241,-1.5578471505188711,-0.9243965182913505,4.830286054827176,170,-0.17522552006244943,-0.3041176239860571,0.18823529411764706,0.4737864838003275,-2.7110544021844585,-0.9961943687375819,7.0934483756059254,False,False,-0.6247293998539584
continuation_ret_1.00_10.00_cl0.50_rv5_px5,5,long,22,-0.19924431583390134,-0.24634296737673472,0.22727272727272727,0.2051024170565959,-3.0580419379956036,-0.6402521008403361,0.4899998822624356,102,-0.09149939308409756,-0.19695651051943258,0.29411764705882354,0.6291321550026808,-1.4068156126675528,-0.9243965182913505,4.830286054827176,167,-0.17643084068121795,-0.3099999538544671,0.18562874251497005,0.47107933202803154,-2.6927034061517015,-0.9961943687375819,7.0934483756059254,False,False,-0.6247293998539584
continuation_ret_1.00_10.00_cl0.50_rv10_px5,5,long,22,-0.19924431583390134,-0.24634296737673472,0.22727272727272727,0.2051024170565959,-3.0580419379956036,-0.6402521008403361,0.4899998822624356,100,-0.09062985501956,-0.19695651051943258,0.29,0.6288863587895821,-1.37783033982801,-0.9243965182913505,4.830286054827176,155,-0.16124096077798833,-0.29823529411764704,0.1870967741935484,0.5038533681003481,-2.311763204964873,-0.9952831591474208,7.0934483756059254,False,False,-0.6247293998539584
continuation_ret_0.60_1.00_cl0.90_rv2_px1,20,long,10,-0.2606730208197489,-0.25849134159005765,0.1,0.05947342320396327,-3.952729086733485,-0.543050853204817,0.1648344370860928,46,-0.11291503465372128,-0.18268863505547928,0.2391304347826087,0.5432386869929801,-1.4856097091562201,-0.9729444440205892,1.6866291364282862,80,-0.14622212866294007,-0.22380519874458665,0.2875,0.43908512778514475,-2.686905666250311,-0.771742675290895,2.5589655048385103,False,False,-0.6250666043697471
continuation_ret_0.60_1.00_cl0.90_rv2_px3,20,long,10,-0.2606730208197489,-0.25849134159005765,0.1,0.05947342320396327,-3.952729086733485,-0.543050853204817,0.1648344370860928,45,-0.10362620049043729,-0.16494957727256732,0.24444444444444444,0.5698433783181072,-1.3435000439995846,-0.9729444440205892,1.6866291364282862,74,-0.16585032094416183,-0.2558451439667411,0.28378378378378377,0.3940808695394734,-2.9236965689496635,-0.771742675290895,2.5589655048385103,False,False,-0.6250666043697471
continuation_ret_0.60_1.00_cl0.90_rv2_px5,20,long,10,-0.2606730208197489,-0.25849134159005765,0.1,0.05947342320396327,-3.952729086733485,-0.543050853204817,0.1648344370860928,42,-0.11056664895597919,-0.20895534301783508,0.23809523809523808,0.5639402308155896,-1.341631786014764,-0.9729444440205892,1.6866291364282862,61,-0.1755994189121722,-0.23623574247893664,0.2786885245901639,0.36488106955714794,-2.7552932789896123,-0.771742675290895,2.5589655048385103,False,False,-0.6250666043697471
continuation_ret_0.60_1.00_cl0.90_rv5_px1,20,long,10,-0.2606730208197489,-0.25849134159005765,0.1,0.05947342320396327,-3.952729086733485,-0.543050853204817,0.1648344370860928,43,-0.12327161308259679,-0.21748299319727893,0.23255813953488372,0.5292812946836845,-1.5226594502255817,-0.9729444440205892,1.6866291364282862,70,-0.17143753719919447,-0.21741712916660716,0.2857142857142857,0.31367405426483763,-3.927258940543863,-0.729018418356354,0.8709524890787257,False,False,-0.6250666043697471
continuation_ret_0.60_1.00_cl0.90_rv5_px3,20,long,10,-0.2606730208197489,-0.25849134159005765,0.1,0.05947342320396327,-3.952729086733485,-0.543050853204817,0.1648344370860928,42,-0.11356587596548003,-0.20895534301783508,0.23809523809523808,0.5554699690554435,-1.3797134021333934,-0.9729444440205892,1.6866291364282862,64,-0.19649657907463097,-0.23299048270443645,0.28125,0.2552348378284315,-4.4729442450623615,-0.729018418356354,0.7905319143876925,False,False,-0.6250666043697471
continuation_ret_0.60_1.00_cl0.90_rv5_px5,20,long,10,-0.2606730208197489,-0.25849134159005765,0.1,0.05947342320396327,-3.952729086733485,-0.543050853204817,0.1648344370860928,39,-0.12180479550337459,-0.24465703971119135,0.23076923076923078,0.5492440202585039,-1.3781963223990887,-0.9729444440205892,1.6866291364282862,52,-0.2214952923892707,-0.23299048270443645,0.2692307692307692,0.17726167669607806,-4.962650892977886,-0.729018418356354,0.6336782188783452,False,False,-0.6250666043697471
continuation_ret_0.60_1.00_cl0.90_rv10_px1,20,long,10,-0.2606730208197489,-0.25849134159005765,0.1,0.05947342320396327,-3.952729086733485,-0.543050853204817,0.1648344370860928,38,-0.09914939729049733,-0.20895534301783508,0.2631578947368421,0.6126904736849559,-1.1015663920126955,-0.9729444440205892,1.6866291364282862,55,-0.14777578783763295,-0.21540541571539806,0.32727272727272727,0.3782976118910534,-2.874503045544739,-0.728292694273341,0.8709524890787257,False,False,-0.6250666043697471
continuation_ret_0.60_1.00_cl0.90_rv10_px3,20,long,10,-0.2606730208197489,-0.25849134159005765,0.1,0.05947342320396327,-3.952729086733485,-0.543050853204817,0.1648344370860928,37,-0.08748012229830801,-0.20042769283839124,0.2702702702702703,0.6480594388990932,-0.9540483279365269,-0.9729444440205892,1.6866291364282862,49,-0.1776086079163792,-0.21696908377397728,0.32653061224489793,0.30229475997520794,-3.3796573896224102,-0.728292694273341,0.7905319143876925,False,False,-0.6250666043697471
continuation_ret_0.60_1.00_cl0.90_rv10_px5,20,long,10,-0.2606730208197489,-0.25849134159005765,0.1,0.05947342320396327,-3.952729086733485,-0.543050853204817,0.1648344370860928,34,-0.09462896350349542,-0.23107001645423514,0.2647058823529412,0.6427394182898245,-0.9503714485171177,-0.9729444440205892,1.6866291364282862,40,-0.19983697570608588,-0.21618724974468767,0.325,0.21077027844151933,-3.829915762331761,-0.728292694273341,0.6336782188783452,False,False,-0.6250666043697471
continuation_ret_1.00_10.00_cl0.90_rv2_px1,3,long,9,-0.205193981815745,-0.0871558488549544,0.1111111111111111,0.06261281873445532,-2.590867891924634,-0.5730252100840336,0.12335347080740312,29,-0.07678983980132766,-0.13840470997837206,0.27586206896551724,0.6406112600605086,-0.8738025071497327,-0.91,1.2280952020531244,34,-0.2733575040621863,-0.3320757960712359,0.20588235294117646,0.23425139834196684,-3.125222805604239,-0.9925613080500092,1.8922990082778368,False,False,-0.6294289139116495
continuation_ret_1.00_10.00_cl0.90_rv2_px3,3,long,9,-0.205193981815745,-0.0871558488549544,0.1111111111111111,0.06261281873445532,-2.590867891924634,-0.5730252100840336,0.12335347080740312,27,-0.11225079494091598,-0.16632754342431766,0.25925925925925924,0.5104620944143379,-1.2743165135782808,-0.91,1.2280952020531244,34,-0.2733575040621863,-0.3320757960712359,0.20588235294117646,0.23425139834196684,-3.125222805604239,-0.9925613080500092,1.8922990082778368,False,False,-0.6294289139116495
continuation_ret_1.00_10.00_cl0.90_rv5_px1,3,long,9,-0.205193981815745,-0.0871558488549544,0.1111111111111111,0.06261281873445532,-2.590867891924634,-0.5730252100840336,0.12335347080740312,29,-0.07678983980132766,-0.13840470997837206,0.27586206896551724,0.6406112600605086,-0.8738025071497327,-0.91,1.2280952020531244,34,-0.2733575040621863,-0.3320757960712359,0.20588235294117646,0.23425139834196684,-3.125222805604239,-0.9925613080500092,1.8922990082778368,False,False,-0.6294289139116495
continuation_ret_1.00_10.00_cl0.90_rv5_px3,3,long,9,-0.205193981815745,-0.0871558488549544,0.1111111111111111,0.06261281873445532,-2.590867891924634,-0.5730252100840336,0.12335347080740312,27,-0.11225079494091598,-0.16632754342431766,0.25925925925925924,0.5104620944143379,-1.2743165135782808,-0.91,1.2280952020531244,34,-0.2733575040621863,-0.3320757960712359,0.20588235294117646,0.23425139834196684,-3.125222805604239,-0.9925613080500092,1.8922990082778368,False,False,-0.6294289139116495
continuation_ret_1.00_10.00_cl0.50_rv2_px5,2,long,22,-0.200814843484022,-0.18227114290955793,0.13636363636363635,0.1173542017494716,-4.143433960830444,-0.5870308123249299,0.4445454545454546,104,-0.1007203086392361,-0.15768405597057755,0.3173076923076923,0.5136964988084106,-2.5780977153555353,-0.8604540272695284,1.683682955899881,170,-0.1544768380445422,-0.20019139553319382,0.22941176470588234,0.3954703541199861,-3.7336273149341768,-0.9878315936949479,4.779473877939387,False,False,-0.6296537802168685
continuation_ret_1.00_10.00_cl0.50_rv5_px5,2,long,22,-0.200814843484022,-0.18227114290955793,0.13636363636363635,0.1173542017494716,-4.143433960830444,-0.5870308123249299,0.4445454545454546,102,-0.09476119705720025,-0.13875063851384578,0.3235294117647059,0.5337499102567507,-2.392576430181142,-0.8604540272695284,1.683682955899881,167,-0.15463373292306104,-0.20047618215877983,0.2275449101796407,0.39312670826796076,-3.6997870605441276,-0.9878315936949479,4.779473877939387,False,False,-0.6296537802168685
continuation_ret_1.00_10.00_cl0.50_rv10_px5,2,long,22,-0.200814843484022,-0.18227114290955793,0.13636363636363635,0.1173542017494716,-4.143433960830444,-0.5870308123249299,0.4445454545454546,100,-0.10303089254976015,-0.15768405597057755,0.32,0.5012016476662532,-2.6037101004923473,-0.8604540272695284,1.683682955899881,155,-0.13727344316910609,-0.19918918918918915,0.23870967741935484,0.4389601563940505,-3.1010738930165247,-0.9878315936949479,4.779473877939387,False,False,-0.6296537802168685
continuation_ret_1.00_10.00_cl0.50_rv2_px3,5,long,23,-0.1992467552333185,-0.2206667039842387,0.21739130434782608,0.1979481965328733,-3.2003908824810576,-0.6402521008403361,0.4899998822624356,105,-0.1035119183603346,-0.21328848957373092,0.2857142857142857,0.5929450628427294,-1.628550475908264,-0.9243965182913505,4.830286054827176,182,-0.1728789339241565,-0.298194204658631,0.2087912087912088,0.470232415086641,-2.8445247034738546,-0.9961943687375819,7.0934483756059254,False,False,-0.6332169136536475
continuation_ret_1.00_10.00_cl0.50_rv5_px3,5,long,23,-0.1992467552333185,-0.2206667039842387,0.21739130434782608,0.1979481965328733,-3.2003908824810576,-0.6402521008403361,0.4899998822624356,103,-0.09535947183797716,-0.2099999775606043,0.2912621359223301,0.6171380001393433,-1.4779580781671255,-0.9243965182913505,4.830286054827176,179,-0.17396412266672334,-0.29823529411764704,0.20670391061452514,0.46759920902688157,-2.826771969537671,-0.9961943687375819,7.0934483756059254,False,False,-0.6332169136536475
continuation_ret_1.00_10.00_cl0.50_rv10_px3,5,long,23,-0.1992467552333185,-0.2206667039842387,0.21739130434782608,0.1979481965328733,-3.2003908824810576,-0.6402521008403361,0.4899998822624356,101,-0.09457498026425443,-0.2099999775606043,0.2871287128712871,0.6165387578918412,-1.4496005761114628,-0.9243965182913505,4.830286054827176,167,-0.15968848194112734,-0.29815311519961496,0.20958083832335328,0.49830810043245294,-2.4499909777435183,-0.9952831591474208,7.0934483756059254,False,False,-0.6332169136536475
continuation_ret_1.00_10.00_cl0.50_rv5_px10,3,long,21,-0.19872658076990318,-0.19400003987357017,0.14285714285714285,0.1220205841672548,-3.923951460489685,-0.5730252100840336,0.3536363636363635,87,-0.11148112196471861,-0.19100755286238347,0.3218390804597701,0.5214290770781336,-2.1659317902399504,-0.91,2.572836710369488,143,-0.2054846555642227,-0.27,0.21678321678321677,0.3276462414866336,-4.959100092070095,-0.9925613080500092,2.604035275577588,False,False,-0.6351617938627235
continuation_ret_1.00_10.00_cl0.90_rv2_px5,2,long,9,-0.23649330093678744,-0.18932489451476797,0.1111111111111111,0.008721425148367622,-3.456494102976249,-0.5870308123249299,0.018726348042651393,27,-0.07643963689381474,-0.08333335876464841,0.25925925925925924,0.617789405094011,-0.8749547164523358,-0.6584848330135473,1.5302298850574714,31,-0.27628401233901484,-0.32941550238765005,0.1935483870967742,0.17520004745384063,-3.6939567274658764,-0.9878315936949479,1.2308045727651853,False,False,-0.6361674482443986
continuation_ret_1.00_10.00_cl0.90_rv5_px5,2,long,9,-0.23649330093678744,-0.18932489451476797,0.1111111111111111,0.008721425148367622,-3.456494102976249,-0.5870308123249299,0.018726348042651393,27,-0.07643963689381474,-0.08333335876464841,0.25925925925925924,0.617789405094011,-0.8749547164523358,-0.6584848330135473,1.5302298850574714,31,-0.27628401233901484,-0.32941550238765005,0.1935483870967742,0.17520004745384063,-3.6939567274658764,-0.9878315936949479,1.2308045727651853,False,False,-0.6361674482443986
continuation_ret_1.00_10.00_cl0.75_rv2_px10,2,long,15,-0.20412900013279328,-0.17521739130434788,0.13333333333333333,0.13141691488460075,-3.2021747714609536,-0.5870308123249299,0.4445454545454546,57,-0.11968288113704577,-0.20125246675544373,0.2982456140350877,0.4992181544269739,-1.946041531503117,-0.8604540272695284,1.683682955899881,73,-0.22964382960568788,-0.22001219515461223,0.2054794520547945,0.1997208955788126,-4.902923421412821,-0.9878315936949479,1.5660000228881834,False,False,-0.6367078920966842
continuation_ret_1.00_10.00_cl0.50_rv2_px3,3,long,23,-0.20094047776599136,-0.19400003987357017,0.13043478260869565,0.11150258202841781,-4.2597645510897495,-0.5730252100840336,0.3536363636363635,105,-0.1092410921278818,-0.1733986928104575,0.29523809523809524,0.5245654629583422,-2.3731658343018895,-0.91,2.572836710369488,182,-0.16626359701325313,-0.24310637803050894,0.26373626373626374,0.4053807186659495,-4.560962182118559,-0.9925613080500092,2.604035275577588,False,False,-0.6385996550361551
continuation_ret_1.00_10.00_cl0.50_rv5_px3,3,long,23,-0.20094047776599136,-0.19400003987357017,0.13043478260869565,0.11150258202841781,-4.2597645510897495,-0.5730252100840336,0.3536363636363635,103,-0.10199621259783227,-0.16942028985507251,0.30097087378640774,0.5464144862587017,-2.187818573046181,-0.91,2.572836710369488,179,-0.1723423401017875,-0.24350249292979131,0.26256983240223464,0.38222089125076447,-4.840872115255569,-0.9925613080500092,2.604035275577588,False,False,-0.6385996550361551
continuation_ret_1.00_10.00_cl0.50_rv10_px3,3,long,23,-0.20094047776599136,-0.19400003987357017,0.13043478260869565,0.11150258202841781,-4.2597645510897495,-0.5730252100840336,0.3536363636363635,101,-0.11258582637409636,-0.16942028985507251,0.297029702970297,0.5012365117302986,-2.469919057667899,-0.91,2.572836710369488,167,-0.1572563812559798,-0.24271026313122657,0.2694610778443114,0.4190803556633547,-4.2210268399270054,-0.9906259322663835,2.604035275577588,False,False,-0.6385996550361551
continuation_ret_1.00_10.00_cl0.50_rv2_px10,5,long,21,-0.20668294867585738,-0.27201923076923074,0.23809523809523808,0.2067155778131203,-3.0444921756528127,-0.6402521008403361,0.4899998822624356,89,-0.11104753428871848,-0.23648238317383485,0.25842696629213485,0.5907220199082331,-1.506149852645299,-0.9243965182913505,4.830286054827176,146,-0.20504021795033736,-0.33078659654854753,0.1643835616438356,0.4266744686422604,-2.80810295839878,-0.9961943687375819,7.0934483756059254,False,False,-0.6388657687423531
continuation_ret_1.00_10.00_cl0.50_rv10_px10,5,long,21,-0.20668294867585738,-0.27201923076923074,0.23809523809523808,0.2067155778131203,-3.0444921756528127,-0.6402521008403361,0.4899998822624356,86,-0.09409796664425556,-0.22543114143920595,0.26744186046511625,0.6380387716950655,-1.2445433852806438,-0.9243965182913505,4.830286054827176,132,-0.18772518517338402,-0.3292804598062188,0.16666666666666666,0.46105851019176863,-2.360164315783644,-0.9952831591474208,7.0934483756059254,False,False,-0.6388657687423531
continuation_ret_1.00_10.00_cl0.50_rv2_px10,2,long,21,-0.2067552621115636,-0.18932489451476797,0.14285714285714285,0.11916515875554555,-4.098376430125356,-0.5870308123249299,0.4445454545454546,89,-0.11311475148357256,-0.19652177893597145,0.33707865168539325,0.48070393677336,-2.628707891997013,-0.8604540272695284,1.683682955899881,146,-0.1774643909835839,-0.2047925345775704,0.2054794520547945,0.34584785309066784,-3.829917698830721,-0.9878315936949479,4.779473877939387,False,False,-0.6390892926420692
continuation_ret_1.00_10.00_cl0.50_rv5_px10,2,long,21,-0.2067552621115636,-0.18932489451476797,0.14285714285714285,0.11916515875554555,-4.098376430125356,-0.5870308123249299,0.4445454545454546,87,-0.10641313659071065,-0.18097415506958248,0.3448275862068966,0.5016448479474697,-2.431772478086035,-0.8604540272695284,1.683682955899881,143,-0.17812987422505078,-0.2054674220963173,0.20279720279720279,0.3421339262029092,-3.7968108521022135,-0.9878315936949479,4.779473877939387,False,False,-0.6390892926420692
continuation_ret_1.00_10.00_cl0.50_rv10_px10,2,long,21,-0.2067552621115636,-0.18932489451476797,0.14285714285714285,0.11916515875554555,-4.098376430125356,-0.5870308123249299,0.4445454545454546,86,-0.10678102026424667,-0.18874796700277696,0.3488372093023256,0.5036722023609602,-2.4120535478148244,-0.8604540272695284,1.683682955899881,132,-0.1616068565677639,-0.20229691460880167,0.21212121212121213,0.3816533867609151,-3.2323217130739894,-0.9878315936949479,4.779473877939387,False,False,-0.6390892926420692
continuation_ret_1.00_10.00_cl0.50_rv5_px10,5,long,21,-0.20668294867585738,-0.27201923076923074,0.23809523809523808,0.2067155778131203,-3.0444921756528127,-0.6402521008403361,0.4899998822624356,87,-0.10156901980657998,-0.22836228287841187,0.26436781609195403,0.6174878560257254,-1.352327587774254,-0.9243965182913505,4.830286054827176,143,-0.2070733133139598,-0.3312389312586549,0.16083916083916083,0.4229063368649529,-2.790127723266012,-0.9961943687375819,7.0934483756059254,False,False,-0.6400724024110176
continuation_ret_1.00_10.00_cl0.75_rv2_px1,5,long,16,-0.22604161106058832,-0.24634296737673472,0.1875,0.13027065366232457,-3.1536388300101597,-0.6402521008403361,0.4445454545454546,68,-0.09403762563389259,-0.21789424478686548,0.29411764705882354,0.6609362835011082,-1.0268468950957645,-0.9243965182913505,4.830286054827176,91,-0.16407524149804104,-0.3099999538544671,0.1978021978021978,0.5046449697897826,-1.5989361114098426,-0.9961943687375819,7.0934483756059254,False,False,-0.640424108768824
continuation_ret_1.00_10.00_cl0.75_rv2_px3,5,long,16,-0.22604161106058832,-0.24634296737673472,0.1875,0.13027065366232457,-3.1536388300101597,-0.6402521008403361,0.4445454545454546,66,-0.0992929634145257,-0.22543114143920595,0.2878787878787879,0.6500561145947744,-1.0542029092222183,-0.9243965182913505,4.830286054827176,90,-0.16586949307260074,-0.31277775470501135,0.2,0.5046883799031158,-1.5988042082231857,-0.9961943687375819,7.0934483756059254,False,False,-0.640424108768824
continuation_ret_1.00_10.00_cl0.75_rv2_px5,5,long,16,-0.22604161106058832,-0.24634296737673472,0.1875,0.13027065366232457,-3.1536388300101597,-0.6402521008403361,0.4445454545454546,66,-0.0992929634145257,-0.22543114143920595,0.2878787878787879,0.6500561145947744,-1.0542029092222183,-0.9243965182913505,4.830286054827176,84,-0.16376230107988374,-0.31277775470501135,0.17857142857142858,0.5198558612864806,-1.477793836627395,-0.9961943687375819,7.0934483756059254,False,False,-0.640424108768824
continuation_ret_1.00_10.00_cl0.75_rv5_px1,5,long,16,-0.22604161106058832,-0.24634296737673472,0.1875,0.13027065366232457,-3.1536388300101597,-0.6402521008403361,0.4445454545454546,66,-0.0810277684027456,-0.1887718973458477,0.30303030303030304,0.6997747391062054,-0.8631058116942174,-0.9243965182913505,4.830286054827176,90,-0.16507749689814125,-0.31277775470501135,0.2,0.5058848083237883,-1.5910028480764211,-0.9961943687375819,7.0934483756059254,False,False,-0.640424108768824
continuation_ret_1.00_10.00_cl0.75_rv5_px3,5,long,16,-0.22604161106058832,-0.24634296737673472,0.1875,0.13027065366232457,-3.1536388300101597,-0.6402521008403361,0.4445454545454546,64,-0.08604077745055015,-0.21789424478686548,0.296875,0.6885418025590587,-0.8902026429870313,-0.9243965182913505,4.830286054827176,89,-0.16690316989938253,-0.3155555555555556,0.20224719101123595,0.5059284320129087,-1.5908710890977473,-0.9961943687375819,7.0934483756059254,False,False,-0.640424108768824
continuation_ret_1.00_10.00_cl0.75_rv5_px5,5,long,16,-0.22604161106058832,-0.24634296737673472,0.1875,0.13027065366232457,-3.1536388300101597,-0.6402521008403361,0.4445454545454546,64,-0.08604077745055015,-0.21789424478686548,0.296875,0.6885418025590587,-0.8902026429870313,-0.9243965182913505,4.830286054827176,83,-0.164845313677364,-0.3155555555555556,0.18072289156626506,0.5211997520626048,-1.4698213410697811,-0.9961943687375819,7.0934483756059254,False,False,-0.640424108768824
continuation_ret_1.00_10.00_cl0.75_rv10_px1,5,long,16,-0.22604161106058832,-0.24634296737673472,0.1875,0.13027065366232457,-3.1536388300101597,-0.6402521008403361,0.4445454545454546,64,-0.07934187690561345,-0.1887718973458477,0.296875,0.702502611024197,-0.8275673640277573,-0.9243965182913505,4.830286054827176,84,-0.1513866572877222,-0.30407653452704103,0.19047619047619047,0.5301686027946894,-1.3790020299254466,-0.9952831591474208,7.0934483756059254,False,False,-0.640424108768824
continuation_ret_1.00_10.00_cl0.75_rv10_px3,5,long,16,-0.22604161106058832,-0.24634296737673472,0.1875,0.13027065366232457,-3.1536388300101597,-0.6402521008403361,0.4445454545454546,62,-0.08446221232602032,-0.21789424478686548,0.2903225806451613,0.6907975226218308,-0.8548639910756425,-0.9243965182913505,4.830286054827176,83,-0.15317935677567465,-0.3099999538544671,0.1927710843373494,0.5302193913942913,-1.3788046656734003,-0.9952831591474208,7.0934483756059254,False,False,-0.640424108768824
continuation_ret_1.00_10.00_cl0.75_rv10_px5,5,long,16,-0.22604161106058832,-0.24634296737673472,0.1875,0.13027065366232457,-3.1536388300101597,-0.6402521008403361,0.4445454545454546,62,-0.08446221232602032,-0.21789424478686548,0.2903225806451613,0.6907975226218308,-0.8548639910756425,-0.9243965182913505,4.830286054827176,77,-0.14989176008515792,-0.3099999538544671,0.16883116883116883,0.5486977869974167,-1.2555975196704083,-0.9952831591474208,7.0934483756059254,False,False,-0.640424108768824
continuation_ret_1.00_10.00_cl0.75_rv5_px10,2,long,15,-0.20412900013279328,-0.17521739130434788,0.13333333333333333,0.13141691488460075,-3.2021747714609536,-0.5870308123249299,0.4445454545454546,55,-0.1093209859302814,-0.19652177893597145,0.3090909090909091,0.5307481272293579,-1.7267686166405039,-0.8604540272695284,1.683682955899881,72,-0.231280599361522,-0.22241349085620515,0.20833333333333334,0.20079251159420022,-4.872732982063621,-0.9878315936949479,1.5660000228881834,False,False,-0.641245981462613
continuation_ret_0.60_1.00_cl0.75_rv2_px10,5,long,24,-0.19984007546645732,-0.2564022911001581,0.20833333333333334,0.19159612181793217,-3.2392740389664696,-0.6685365853658536,0.8774172185430464,84,-0.08152879359146976,-0.13565451441975424,0.32142857142857145,0.5393240996214355,-2.1867799030121406,-0.9544444444444444,1.3532610566971084,101,-0.08510562245585505,-0.1509536921776411,0.33663366336633666,0.5581855984139668,-2.2058045284858325,-0.867742782152231,1.6127391100082062,False,False,-0.6432603877588162
continuation_ret_1.00_10.00_cl0.50_rv2_px1,5,long,24,-0.19986487496030828,-0.217374166332656,0.20833333333333334,0.19079929219745742,-3.3528889805706203,-0.6402521008403361,0.4899998822624356,108,-0.10186215896079777,-0.2116442335671676,0.28703703703703703,0.5944248971226377,-1.6450326507028707,-0.9243965182913505,4.830286054827176,185,-0.1689243490717026,-0.29257689881993487,0.21081081081081082,0.4749987245053933,-2.821949047849646,-0.9961943687375819,7.0934483756059254,False,False,-0.6433402142500421
continuation_ret_1.00_10.00_cl0.50_rv5_px1,5,long,24,-0.19986487496030828,-0.217374166332656,0.20833333333333334,0.19079929219745742,-3.3528889805706203,-0.6402521008403361,0.4899998822624356,106,-0.09390931452115728,-0.19695651051943258,0.29245283018867924,0.6182840853511358,-1.494854828719265,-0.9243965182913505,4.830286054827176,182,-0.16992646462314273,-0.2953650070097749,0.2087912087912088,0.47244493946889327,-2.804096260348657,-0.9961943687375819,7.0934483756059254,False,False,-0.6433402142500421
continuation_ret_1.00_10.00_cl0.50_rv10_px1,5,long,24,-0.19986487496030828,-0.217374166332656,0.20833333333333334,0.19079929219745742,-3.3528889805706203,-0.6402521008403361,0.4899998822624356,104,-0.0931195648713531,-0.19695651051943258,0.28846153846153844,0.6177285286309049,-1.4666814503344352,-0.9243965182913505,4.830286054827176,170,-0.15561773581315747,-0.29017733829885634,0.21176470588235294,0.5035617952876268,-2.427682162961344,-0.9952831591474208,7.0934483756059254,False,False,-0.6433402142500421
continuation_ret_1.00_10.00_cl0.90_rv10_px10,3,long,8,-0.22208572902291768,-0.1940106167351695,0.125,0.06492153641939902,-2.531271300389607,-0.5730252100840336,0.12335347080740312,22,-0.14137915432227505,-0.1678739166396951,0.2727272727272727,0.3831822118005016,-1.6779675000945984,-0.91,1.0244827586206895,28,-0.29324129205965793,-0.34812714501613573,0.17857142857142858,0.2282309174780689,-2.93924409544664,-0.9906259322663835,1.8922990082778368,False,False,-0.6443169740033088
continuation_ret_1.00_10.00_cl0.50_rv2_px3,2,long,23,-0.20298553506408326,-0.18932489451476797,0.13043478260869565,0.11175581353513699,-4.3783191765093,-0.5870308123249299,0.4445454545454546,105,-0.10434661830124971,-0.16066222734427438,0.3142857142857143,0.5024648505566288,-2.6849601786368567,-0.8604540272695284,1.683682955899881,182,-0.15176421040807314,-0.20229691460880167,0.23076923076923078,0.39595230023551176,-3.8864593401722103,-0.9878315936949479,4.779473877939387,False,False,-0.645098957215637
continuation_ret_1.00_10.00_cl0.50_rv5_px3,2,long,23,-0.20298553506408326,-0.18932489451476797,0.13043478260869565,0.11175581353513699,-4.3783191765093,-0.5870308123249299,0.4445454545454546,103,-0.09851577595131154,-0.15470588459688073,0.32038834951456313,0.5216345763673805,-2.5004490339197485,-0.8604540272695284,1.683682955899881,179,-0.15186512416116385,-0.20411764705882351,0.22905027932960895,0.3937376968630491,-3.853837663414713,-0.9878315936949479,4.779473877939387,False,False,-0.645098957215637
continuation_ret_1.00_10.00_cl0.50_rv10_px3,2,long,23,-0.20298553506408326,-0.18932489451476797,0.13043478260869565,0.11175581353513699,-4.3783191765093,-0.5870308123249299,0.4445454545454546,101,-0.10677794136759089,-0.16066222734427438,0.31683168316831684,0.48978486568325963,-2.713141326586056,-0.8604540272695284,1.683682955899881,167,-0.13555333843059034,-0.1999066089076078,0.23952095808383234,0.4370356226659407,-3.2640393095661033,-0.9878315936949479,4.779473877939387,False,False,-0.645098957215637
continuation_ret_1.00_10.00_cl0.50_rv2_px1,2,long,24,-0.20089685437245366,-0.18227114290955793,0.125,0.10859757117120143,-4.520947544425941,-0.5870308123249299,0.4445454545454546,108,-0.09304931744805676,-0.13875063851384578,0.32407407407407407,0.5446714463593639,-2.3893803164452683,-0.8604540272695284,1.683682955899881,185,-0.14855174610768807,-0.20047618215877983,0.23783783783783785,0.404237679849843,-3.8499175422854415,-0.9878315936949479,4.779473877939387,False,False,-0.6466620278315586
continuation_ret_1.00_10.00_cl0.50_rv5_px1,2,long,24,-0.20089685437245366,-0.18227114290955793,0.125,0.10859757117120143,-4.520947544425941,-0.5870308123249299,0.4445454545454546,106,-0.08717034231833962,-0.11543940403862062,0.330188679245283,0.5654033784787011,-2.209329436473621,-0.8604540272695284,1.683682955899881,182,-0.1485980437390182,-0.20229691460880167,0.23626373626373626,0.4022054515964983,-3.8170365793976244,-0.9878315936949479,4.779473877939387,False,False,-0.6466620278315586
continuation_ret_1.00_10.00_cl0.50_rv10_px1,2,long,24,-0.20089685437245366,-0.18227114290955793,0.125,0.10859757117120143,-4.520947544425941,-0.5870308123249299,0.4445454545454546,104,-0.09497599462389988,-0.13875063851384578,0.3269230769230769,0.5337820260272558,-2.406788266169202,-0.8604540272695284,1.683682955899881,170,-0.13234349560918568,-0.19954789904839848,0.24705882352941178,0.4460389584305751,-3.2296657387114442,-0.9878315936949479,4.779473877939387,False,False,-0.6466620278315586
continuation_ret_1.00_10.00_cl0.50_rv2_px1,3,long,24,-0.20165809358249778,-0.19678261978676242,0.125,0.10701425844844183,-4.464504716201527,-0.5730252100840336,0.3536363636363635,108,-0.09951502740652025,-0.16829149405121807,0.2962962962962963,0.5561111153368503,-2.184420207397383,-0.91,2.572836710369488,185,-0.16369507652464124,-0.24157894443313543,0.2702702702702703,0.40749108414186624,-4.556995269017899,-0.9925613080500092,2.604035275577588,False,False,-0.6491123623217113
continuation_ret_1.00_10.00_cl0.50_rv5_px1,3,long,24,-0.20165809358249778,-0.19678261978676242,0.125,0.10701425844844183,-4.464504716201527,-0.5730252100840336,0.3536363636363635,106,-0.09229168098163514,-0.16674512083584064,0.3018867924528302,0.5791879253986097,-2.0015467056828915,-0.91,2.572836710369488,182,-0.16963128230146438,-0.242144603782181,0.2692307692307692,0.38447348934143666,-4.835565609921059,-0.9925613080500092,2.604035275577588,False,False,-0.6491123623217113
continuation_ret_1.00_10.00_cl0.50_rv10_px1,3,long,24,-0.20165809358249778,-0.19678261978676242,0.125,0.10701425844844183,-4.464504716201527,-0.5730252100840336,0.3536363636363635,104,-0.10238919952173393,-0.16674512083584064,0.2980769230769231,0.5346998095958878,-2.267739460619808,-0.91,2.572836710369488,170,-0.15462017747291285,-0.2382894722165677,0.27647058823529413,0.42138801380979113,-4.2173609815304,-0.9906259322663835,2.604035275577588,False,False,-0.6491123623217113
continuation_ret_1.00_10.00_cl0.90_rv10_px5,3,long,9,-0.205193981815745,-0.0871558488549544,0.1111111111111111,0.06261281873445532,-2.590867891924634,-0.5730252100840336,0.12335347080740312,26,-0.16380256405607144,-0.1678739166396951,0.23076923076923078,0.31209703775067665,-2.206731200048205,-0.91,1.0244827586206895,30,-0.2821761342624881,-0.3433194856181996,0.16666666666666666,0.22289822979174442,-3.020899766530583,-0.9906259322663835,1.8922990082778368,False,False,-0.6497345603514916
continuation_ret_1.00_10.00_cl0.75_rv2_px10,3,long,15,-0.17538083274591887,-0.1528571428571429,0.13333333333333333,0.1534863331373538,-2.759773817871688,-0.5730252100840336,0.3536363636363635,57,-0.14468204716175045,-0.24999997884920333,0.2807017543859649,0.4528751140739461,-2.0583656091268843,-0.91,2.572836710369488,73,-0.2351275053845856,-0.3151129233205112,0.1917808219178082,0.27623254158285876,-4.133165010114393,-0.9925613080500092,1.8922990082778368,False,False,-0.6519118697176755
continuation_ret_1.00_10.00_cl0.75_rv5_px10,3,long,15,-0.17538083274591887,-0.1528571428571429,0.13333333333333333,0.1534863331373538,-2.759773817871688,-0.5730252100840336,0.3536363636363635,55,-0.13240312567943474,-0.24684210045996302,0.2909090909090909,0.483841804006256,-1.8319879557085512,-0.91,2.572836710369488,72,-0.23686815963712718,-0.31911026951268784,0.19444444444444445,0.27751743453696703,-4.10825255065118,-0.9925613080500092,1.8922990082778368,False,False,-0.656737988067591
continuation_ret_0.60_1.00_cl0.50_rv10_px10,10,long,37,-0.15229154171502207,-0.1869615427550666,0.32432432432432434,0.31086202630975923,-2.8412711521773484,-0.7328915447308253,0.6019205298013246,119,-0.18087915476619332,-0.20999999999999996,0.2184873949579832,0.21784902442064488,-6.798349955011314,-0.9655555555555556,0.8632125879194099,135,-0.09669474711020838,-0.241945657581508,0.25925925925925924,0.6305015551348947,-1.5567845877349011,-0.9349343832020998,5.078888888888889,False,False,-0.6579635099605117
continuation_ret_1.00_10.00_cl0.75_rv2_px10,5,long,15,-0.2382421833877726,-0.27201923076923074,0.2,0.13163285700785907,-3.155228414009339,-0.6402521008403361,0.4445454545454546,57,-0.1208794337854284,-0.30961091573363675,0.24561403508771928,0.6100767533348831,-1.1242870952768227,-0.9243965182913505,4.830286054827176,73,-0.17445314128803047,-0.33033426183844017,0.1643835616438356,0.5271930613354765,-1.371890005368247,-0.9961943687375819,7.0934483756059254,False,False,-0.66054759082272
continuation_ret_1.00_10.00_cl0.75_rv5_px10,5,long,15,-0.2382421833877726,-0.27201923076923074,0.2,0.13163285700785907,-3.155228414009339,-0.6402521008403361,0.4445454545454546,55,-0.10624367085901693,-0.24695649962494337,0.2545454545454545,0.6484906641970573,-0.9578199860397792,-0.9243965182913505,4.830286054827176,72,-0.17585009803523893,-0.3331135452357111,0.16666666666666666,0.5286429209989385,-1.3638828387800614,-0.9961943687375819,7.0934483756059254,False,False,-0.66054759082272
continuation_ret_1.00_10.00_cl0.75_rv10_px10,5,long,15,-0.2382421833877726,-0.27201923076923074,0.2,0.13163285700785907,-3.155228414009339,-0.6402521008403361,0.4445454545454546,54,-0.09443189454591575,-0.23765939125167762,0.25925925925925924,0.6788772389406018,-0.8404899368341902,-0.9243965182913505,4.830286054827176,67,-0.15165005465729553,-0.3282266577739974,0.16417910447761194,0.574148661862089,-1.1065034958314852,-0.9952831591474208,7.0934483756059254,False,False,-0.66054759082272
continuation_ret_0.60_1.00_cl0.50_rv5_px5,20,long,46,-0.17219513275362558,-0.19870098839355715,0.30434782608695654,0.229088999910501,-4.034647869672417,-0.7425301156828696,0.5063399002431745,151,-0.12273610226020168,-0.27442307045709,0.2847682119205298,0.5375759245893533,-2.8923200009355976,-0.9729444440205892,1.9511650485436893,223,-0.17096250454340886,-0.2840471668291086,0.2914798206278027,0.4369958864852174,-4.416395715781052,-0.9304724409448819,3.3191139030395425,False,False,-0.6629766773975166
continuation_ret_0.60_1.00_cl0.50_rv2_px3,20,long,52,-0.16985352035795545,-0.19870098839355715,0.28846153846153844,0.23341669035629606,-4.283906177603526,-0.7425301156828696,0.5063399002431745,170,-0.09633184636359526,-0.24210122978878995,0.29411764705882354,0.616718427064008,-2.3118375316929947,-0.9729444440205892,2.1985889781430865,297,-0.14460894184352802,-0.2853623136151101,0.28619528619528617,0.523729268608583,-3.795166571147692,-0.976868687157679,5.175676342919531,False,False,-0.6743680583655512
continuation_ret_0.60_1.00_cl0.50_rv2_px1,20,long,56,-0.16842663321353088,-0.19411734526337948,0.26785714285714285,0.2218720771668127,-4.570112225566617,-0.7425301156828696,0.5063399002431745,175,-0.10256229990905906,-0.24465703971119135,0.2914285714285714,0.5958481791278101,-2.5209849636139716,-0.9729444440205892,2.1985889781430865,328,-0.1398409002417562,-0.28470474022210934,0.28353658536585363,0.5361576820698319,-3.9057787663120647,-0.976868687157679,5.175676342919531,False,False,-0.6809575129510708
continuation_ret_0.60_1.00_cl0.50_rv2_px5,20,long,51,-0.16509383643978465,-0.19742288143475895,0.29411764705882354,0.2420858573569461,-4.112743386373673,-0.7425301156828696,0.5063399002431745,160,-0.12118721966810894,-0.27365482592007423,0.2875,0.5332722451623202,-3.0050588502810918,-0.9729444440205892,1.9511650485436893,253,-0.17325896313826925,-0.2955844373826857,0.2845849802371542,0.4444245746270149,-4.6591328341732625,-0.976868687157679,3.3191139030395425,False,False,-0.6845883897880175
continuation_ret_0.60_1.00_cl0.50_rv5_px3,20,long,47,-0.17731007461386047,-0.19997909535235536,0.2978723404255319,0.22024481685014924,-4.2143198742805685,-0.7425301156828696,0.5063399002431745,161,-0.09639509426213798,-0.24465703971119135,0.2919254658385093,0.6238640598337202,-2.2033782978992167,-0.9729444440205892,2.1985889781430865,264,-0.13975450448262847,-0.27632000943284996,0.2916666666666667,0.5264799496854324,-3.4717177830938515,-0.9304724409448819,5.175676342919531,False,False,-0.6864029400893302
continuation_ret_0.60_1.00_cl0.50_rv5_px1,20,long,51,-0.17515846878814678,-0.19742288143475895,0.27450980392156865,0.20854645412092676,-4.512224756275909,-0.7425301156828696,0.5063399002431745,165,-0.1009367982614374,-0.24465703971119135,0.2909090909090909,0.6081905542587317,-2.35510282358928,-0.9729444440205892,2.1985889781430865,294,-0.13444745918348705,-0.27469449884900676,0.2891156462585034,0.5421846346192538,-3.567740348436506,-0.9304724409448819,5.175676342919531,False,False,-0.692093799555506
continuation_ret_1.00_10.00_cl0.90_rv2_px10,3,long,8,-0.22208572902291768,-0.1940106167351695,0.125,0.06492153641939902,-2.531271300389607,-0.5730252100840336,0.12335347080740312,22,-0.14137915432227505,-0.1678739166396951,0.2727272727272727,0.3831822118005016,-1.6779675000945984,-0.91,1.0244827586206895,29,-0.31735577536967,-0.3506592952334796,0.1724137931034483,0.20875497855112424,-3.197853548094132,-0.9925613080500092,1.8922990082778368,False,False,-0.6973019094018315
continuation_ret_1.00_10.00_cl0.90_rv5_px10,3,long,8,-0.22208572902291768,-0.1940106167351695,0.125,0.06492153641939902,-2.531271300389607,-0.5730252100840336,0.12335347080740312,22,-0.14137915432227505,-0.1678739166396951,0.2727272727272727,0.3831822118005016,-1.6779675000945984,-0.91,1.0244827586206895,29,-0.31735577536967,-0.3506592952334796,0.1724137931034483,0.20875497855112424,-3.197853548094132,-0.9925613080500092,1.8922990082778368,False,False,-0.6973019094018315
continuation_ret_1.00_10.00_cl0.90_rv2_px5,3,long,9,-0.205193981815745,-0.0871558488549544,0.1111111111111111,0.06261281873445532,-2.590867891924634,-0.5730252100840336,0.12335347080740312,27,-0.11225079494091598,-0.16632754342431766,0.25925925925925924,0.5104620944143379,-1.2743165135782808,-0.91,1.2280952020531244,31,-0.3050917850298275,-0.34559499479879185,0.16129032258064516,0.20428466825823755,-3.2733228156415244,-0.9925613080500092,1.8922990082778368,False,False,-0.7024997962046248
continuation_ret_1.00_10.00_cl0.90_rv5_px5,3,long,9,-0.205193981815745,-0.0871558488549544,0.1111111111111111,0.06261281873445532,-2.590867891924634,-0.5730252100840336,0.12335347080740312,27,-0.11225079494091598,-0.16632754342431766,0.25925925925925924,0.5104620944143379,-1.2743165135782808,-0.91,1.2280952020531244,31,-0.3050917850298275,-0.34559499479879185,0.16129032258064516,0.20428466825823755,-3.2733228156415244,-0.9925613080500092,1.8922990082778368,False,False,-0.7024997962046248
continuation_ret_0.60_1.00_cl0.50_rv10_px5,20,long,43,-0.1860755495333305,-0.19997909535235536,0.27906976744186046,0.1878776149569085,-4.35437726694976,-0.7425301156828696,0.5063399002431745,136,-0.11211175588498566,-0.2655567658688342,0.29411764705882354,0.569351508083063,-2.4618311028037496,-0.9729444440205892,1.9511650485436893,182,-0.15737233453666433,-0.2707550923209365,0.3131868131868132,0.45338475834625824,-3.7612106826728526,-0.9304724409448819,3.3191139030395425,False,False,-0.7041451656696732
continuation_ret_0.60_1.00_cl0.50_rv10_px10,20,long,37,-0.18674439127511822,-0.23448979591836738,0.2972972972972973,0.21052250373846143,-3.8083643683813406,-0.7425301156828696,0.5063399002431745,119,-0.12374880623478962,-0.27593233213133805,0.2773109243697479,0.5433477414801278,-2.474635068597798,-0.9729444440205892,1.9511650485436893,135,-0.19450143926427615,-0.2840471668291086,0.2814814814814815,0.39470404681925525,-4.078141918252807,-0.9304724409448819,2.9069676737111756,False,False,-0.7075157435145931
continuation_ret_0.60_1.00_cl0.75_rv5_px5,10,long,25,-0.21778309979560892,-0.20277108433734936,0.16,0.13076631418906962,-3.9309891688920073,-0.7328915447308253,0.6019205298013246,97,-0.13993192556994602,-0.16058389674247087,0.24742268041237114,0.36237071609189064,-3.6129516651279414,-0.9655555555555556,2.1566666666666667,120,-0.11842623864970483,-0.17460620207119776,0.325,0.4694276804109621,-2.9526730014830034,-0.9349343832020998,2.7399999337726184,False,False,-0.7095583634836604
continuation_ret_0.60_1.00_cl0.75_rv10_px5,10,long,25,-0.21778309979560892,-0.20277108433734936,0.16,0.13076631418906962,-3.9309891688920073,-0.7328915447308253,0.6019205298013246,85,-0.1395717833360806,-0.17310971337085146,0.27058823529411763,0.37205812862661763,-3.2963373917487906,-0.9655555555555556,2.1566666666666667,96,-0.1178454588228409,-0.17460620207119776,0.3229166666666667,0.47621069417470907,-2.52567261277291,-0.9349343832020998,2.7399999337726184,False,False,-0.7095583634836604
continuation_ret_1.00_10.00_cl0.90_rv10_px10,20,long,8,-0.21501252345592614,-0.26431689987113705,0.25,0.31035805508117087,-1.3059307200619368,-0.7074789915966386,0.7375961538461537,22,-0.19102647029321942,-0.26803275926798054,0.2727272727272727,0.35686373484282174,-2.153503376202288,-0.7512162162162161,0.6594444444444445,28,-0.3291735422181549,-0.5659668822106454,0.10714285714285714,0.3975419008887436,-1.4289158997645532,-0.9965871828517705,5.680229713201503,False,False,-0.7232681971705517
continuation_ret_0.60_1.00_cl0.75_rv5_px10,10,long,21,-0.234313606912979,-0.2227283325130348,0.19047619047619047,0.14270438444271216,-3.5946939232260258,-0.7328915447308253,0.6019205298013246,82,-0.17475891548925004,-0.16684680505666116,0.21951219512195122,0.22200139055253593,-5.465568560870232,-0.9655555555555556,0.6846564974411682,89,-0.14007329611794422,-0.19528162801495874,0.29213483146067415,0.425651033612434,-2.7890358689367685,-0.9349343832020998,2.7399999337726184,False,False,-0.7242733063675307
continuation_ret_0.60_1.00_cl0.75_rv10_px10,10,long,21,-0.234313606912979,-0.2227283325130348,0.19047619047619047,0.14270438444271216,-3.5946939232260258,-0.7328915447308253,0.6019205298013246,71,-0.1784281072789687,-0.17310971337085146,0.23943661971830985,0.21181452834375694,-5.303571794067005,-0.9655555555555556,0.3742662632375189,70,-0.15687427415190536,-0.2197245070237756,0.2714285714285714,0.39160896951605356,-2.6353432337566263,-0.9349343832020998,2.7399999337726184,False,False,-0.7242733063675307
continuation_ret_0.60_1.00_cl0.50_rv10_px3,20,long,44,-0.19122377341176994,-0.21323698682721093,0.2727272727272727,0.18032585456871028,-4.545727595733284,-0.7425301156828696,0.5063399002431745,146,-0.08379217489912198,-0.235098462852678,0.3013698630136986,0.6656336872925007,-1.7878974075377765,-0.9729444440205892,2.1985889781430865,216,-0.11843206789964889,-0.26525274845208113,0.3148148148148148,0.5776952527451835,-2.614109909496038,-0.9304724409448819,5.175676342919531,False,False,-0.7279243653989236
continuation_ret_0.60_1.00_cl0.75_rv5_px3,10,long,26,-0.2210801524409656,-0.20432371310495917,0.15384615384615385,0.12472284483097801,-4.1455000460109925,-0.7328915447308253,0.6019205298013246,100,-0.13773304646511503,-0.15945503326092159,0.25,0.3590626462186191,-3.6620229335052166,-0.9655555555555556,2.1566666666666667,142,-0.0996696742600234,-0.16284668769638716,0.33098591549295775,0.5398759522113117,-2.6941228003221407,-0.9349343832020998,2.7399999337726184,False,False,-0.7286441167567914
continuation_ret_0.60_1.00_cl0.75_rv10_px3,10,long,26,-0.2210801524409656,-0.20432371310495917,0.15384615384615385,0.12472284483097801,-4.1455000460109925,-0.7328915447308253,0.6019205298013246,88,-0.13708533465674536,-0.16684680505666116,0.2727272727272727,0.36823273882067187,-3.3478896715699578,-0.9655555555555556,2.1566666666666667,114,-0.09789789540809346,-0.16186851790907114,0.32456140350877194,0.5502203946840618,-2.288854507983096,-0.9349343832020998,2.7399999337726184,False,False,-0.7286441167567914
continuation_ret_0.60_1.00_cl0.75_rv5_px1,10,long,28,-0.21662516060850073,-0.1975620284314874,0.14285714285714285,0.1189723710910604,-4.371232055282887,-0.7328915447308253,0.6019205298013246,102,-0.14239407809603594,-0.16684680505666116,0.24509803921568626,0.3469396910135544,-3.8468495427288754,-0.9655555555555556,2.1566666666666667,158,-0.0861756807953948,-0.15714479797121017,0.34810126582278483,0.5965228639161896,-2.4176283239276093,-0.9349343832020998,2.7399999337726184,False,False,-0.7294409999871547
continuation_ret_0.60_1.00_cl0.75_rv10_px1,10,long,28,-0.21662516060850073,-0.1975620284314874,0.14285714285714285,0.1189723710910604,-4.371232055282887,-0.7328915447308253,0.6019205298013246,90,-0.14238223076753065,-0.17776175057939214,0.26666666666666666,0.35430014853929115,-3.5414250297004317,-0.9655555555555556,2.1566666666666667,126,-0.08105615630301642,-0.1524430564733381,0.3492063492063492,0.6217938194297715,-1.947081615896066,-0.9349343832020998,2.7399999337726184,False,False,-0.7294409999871547
continuation_ret_0.60_1.00_cl0.50_rv10_px1,20,long,48,-0.1877782173221234,-0.19870098839355715,0.25,0.17037527190927634,-4.860583088446185,-0.7425301156828696,0.5063399002431745,149,-0.09046866628126256,-0.23954541986638855,0.2953020134228188,0.6437089528346953,-1.9621437694030732,-0.9729444440205892,2.1985889781430865,241,-0.1174655874185849,-0.26307129394736684,0.3070539419087137,0.5832747145570016,-2.7807795329675855,-0.9304724409448819,5.175676342919531,False,False,-0.7307990777172684
continuation_ret_0.60_1.00_cl0.75_rv2_px5,20,long,28,-0.22030439051593706,-0.2359978567862725,0.21428571428571427,0.11773371025492677,-4.531260943073582,-0.7425301156828696,0.3355197742918834,103,-0.12473919794651034,-0.24465703971119135,0.2912621359223301,0.5009848599862702,-2.692419527683575,-0.9729444440205892,1.6866291364282862,139,-0.14097908728995748,-0.22974522292993627,0.35251798561151076,0.48659534367448676,-2.901443212483221,-0.976868687157679,3.3191139030395425,False,False,-0.7418300555120266
continuation_ret_0.60_1.00_cl0.75_rv2_px10,20,long,24,-0.23337747012963292,-0.28893855398467033,0.20833333333333334,0.12697573239037746,-4.174369313385102,-0.7425301156828696,0.3355197742918834,84,-0.15516124173499066,-0.2884237821576883,0.2619047619047619,0.43130027226357126,-2.9495274699365055,-0.9729444440205892,1.6866291364282862,101,-0.21891610207583492,-0.28237352010012473,0.297029702970297,0.2960417336577156,-4.748039541880695,-0.976868687157679,2.34185186329856,False,False,-0.751213096669176
continuation_ret_0.60_1.00_cl0.75_rv2_px5,10,long,28,-0.22434973057274954,-0.20432371310495917,0.14285714285714285,0.11534854730873771,-4.398144013653771,-0.7328915447308253,0.6019205298013246,103,-0.1427586928522845,-0.17310971337085146,0.24271844660194175,0.34870086811037343,-3.88121656743187,-0.9655555555555556,2.1566666666666667,139,-0.12137121679023537,-0.1633888088788612,0.33093525179856115,0.4525916785487315,-3.3586313021609007,-0.9349343832020998,2.7399999337726184,False,False,-0.7554519122162086
continuation_ret_0.60_1.00_cl0.75_rv2_px1,10,long,31,-0.222668369618864,-0.20277108433734936,0.12903225806451613,0.10607310871259025,-4.822498366097377,-0.7328915447308253,0.6019205298013246,109,-0.14773194876145773,-0.18241378778793282,0.23853211009174313,0.3284182515991493,-4.216604823390977,-0.9655555555555556,2.1566666666666667,181,-0.09423368849280579,-0.15285712663819118,0.34806629834254144,0.5611814921850021,-2.9157287317131573,-0.9349343832020998,2.7399999337726184,False,False,-0.7717097630059768
continuation_ret_0.60_1.00_cl0.75_rv2_px3,20,long,29,-0.22693518395278978,-0.2455008352704785,0.20689655172413793,0.11117309334583182,-4.789822495218026,-0.7425301156828696,0.3355197742918834,106,-0.12139167126801056,-0.22406724951812318,0.29245283018867924,0.5039160948304843,-2.6912157729126682,-0.9729444440205892,1.6866291364282862,164,-0.12197592814393873,-0.23858090661971731,0.35365853658536583,0.5435600198824637,-2.7532755608305406,-0.976868687157679,3.3191139030395425,False,False,-0.7718513534672482
continuation_ret_0.60_1.00_cl0.75_rv2_px10,10,long,24,-0.23990836276330516,-0.2666277833702583,0.16666666666666666,0.12453857802735321,-4.083565359943497,-0.7328915447308253,0.6019205298013246,84,-0.1795263421326772,-0.18608610668542575,0.21428571428571427,0.2133158010034859,-5.717915660325871,-0.9655555555555556,0.6846564974411682,101,-0.15604691055063136,-0.20583336512247719,0.27722772277227725,0.3820786437572403,-3.4104425666369247,-0.9349343832020998,2.7399999337726184,False,False,-0.7722352290825134
continuation_ret_0.60_1.00_cl0.75_rv2_px3,10,long,29,-0.22707927326247823,-0.20587634187256898,0.13793103448275862,0.11062039176654252,-4.606506793327777,-0.7328915447308253,0.6019205298013246,106,-0.1406042757548306,-0.16684680505666116,0.24528301886792453,0.3457012876714075,-3.929385312942206,-0.9655555555555556,2.1566666666666667,164,-0.10569288890607617,-0.16186851790907114,0.3353658536585366,0.5134000437773397,-3.1623258553337794,-0.9349343832020998,2.7399999337726184,False,False,-0.7723414296500861
continuation_ret_1.00_10.00_cl0.90_rv10_px5,20,long,9,-0.1945690236631734,-0.26378147906716864,0.2222222222222222,0.3065454575872902,-1.3269053072392398,-0.7074789915966386,0.7375961538461537,26,-0.21539758842863663,-0.27195653279622395,0.23076923076923078,0.29398032623600096,-2.7622248015772386,-0.7512162162162161,0.6594444444444445,30,-0.3355372897398513,-0.5547575727994158,0.1,0.3766343008576567,-1.5614190150109946,-0.9965871828517705,5.680229713201503,False,False,-0.7726031614986056
continuation_ret_1.00_10.00_cl0.90_rv2_px10,20,long,8,-0.21501252345592614,-0.26431689987113705,0.25,0.31035805508117087,-1.3059307200619368,-0.7074789915966386,0.7375961538461537,22,-0.19102647029321942,-0.26803275926798054,0.2727272727272727,0.35686373484282174,-2.153503376202288,-0.7512162162162161,0.6594444444444445,29,-0.35221998683886613,-0.5863158056177551,0.10344827586206896,0.373207741910354,-1.5761262472326143,-0.9975204362187805,5.680229713201503,False,False,-0.7739064117113964
continuation_ret_1.00_10.00_cl0.90_rv5_px10,20,long,8,-0.21501252345592614,-0.26431689987113705,0.25,0.31035805508117087,-1.3059307200619368,-0.7074789915966386,0.7375961538461537,22,-0.19102647029321942,-0.26803275926798054,0.2727272727272727,0.35686373484282174,-2.153503376202288,-0.7512162162162161,0.6594444444444445,29,-0.35221998683886613,-0.5863158056177551,0.10344827586206896,0.373207741910354,-1.5761262472326143,-0.9975204362187805,5.680229713201503,False,False,-0.7739064117113964
continuation_ret_0.60_1.00_cl0.75_rv2_px1,20,long,31,-0.2249754784394183,-0.2264948783020665,0.1935483870967742,0.10556810553181177,-5.079287601475229,-0.7425301156828696,0.3355197742918834,109,-0.13146521811961215,-0.24465703971119135,0.28440366972477066,0.47702515662075684,-2.971598953800831,-0.9729444440205892,1.6866291364282862,181,-0.11829568719502442,-0.23623574247893664,0.3425414364640884,0.5541028169813664,-2.8366112885952566,-0.976868687157679,3.3191139030395425,False,False,-0.7797055928770379
continuation_ret_1.00_10.00_cl0.90_rv10_px1,20,long,9,-0.1945690236631734,-0.26378147906716864,0.2222222222222222,0.3065454575872902,-1.3269053072392398,-0.7074789915966386,0.7375961538461537,28,-0.17957876982887377,-0.2560762264717566,0.2857142857142857,0.36610745816169504,-2.3114956438757037,-0.7512162162162161,0.6594444444444445,33,-0.33941383581487045,-0.5456179588035356,0.09090909090909091,0.3519096038559173,-1.738095840507038,-0.9965871828517705,5.680229713201503,False,False,-0.7815292387032493
continuation_ret_1.00_10.00_cl0.90_rv10_px3,20,long,9,-0.1945690236631734,-0.26378147906716864,0.2222222222222222,0.3065454575872902,-1.3269053072392398,-0.7074789915966386,0.7375961538461537,26,-0.21539758842863663,-0.27195653279622395,0.23076923076923078,0.29398032623600096,-2.7622248015772386,-0.7512162162162161,0.6594444444444445,33,-0.33941383581487045,-0.5456179588035356,0.09090909090909091,0.3519096038559173,-1.738095840507038,-0.9965871828517705,5.680229713201503,False,False,-0.7815292387032493
continuation_ret_0.60_1.00_cl0.50_rv5_px10,20,long,39,-0.18530300205813857,-0.23448979591836738,0.3076923076923077,0.21230175629648543,-3.9012396020487112,-0.7425301156828696,0.5063399002431745,133,-0.13454220107413364,-0.28777778593276127,0.2706766917293233,0.5137875358424556,-2.8998563690023422,-0.9729444440205892,1.9511650485436893,167,-0.21302307238101126,-0.30740791268758527,0.2694610778443114,0.3630189547669035,-5.086403661818204,-0.9304724409448819,2.9069676737111756,False,False,-0.7858164349585384
continuation_ret_0.60_1.00_cl0.75_rv5_px5,20,long,25,-0.24554168171665014,-0.2455008352704785,0.2,0.07359242732472827,-5.016560675069352,-0.7425301156828696,0.1648344370860928,97,-0.12960329087988792,-0.25822695035460996,0.28865979381443296,0.4947118041771058,-2.663817744262718,-0.9729444440205892,1.6866291364282862,120,-0.1524319511279758,-0.22020723278093735,0.35833333333333334,0.42925010096313687,-3.135657350203107,-0.9304724409448819,3.3191139030395425,False,False,-0.7999985031409905
continuation_ret_0.60_1.00_cl0.75_rv10_px5,20,long,25,-0.24554168171665014,-0.2455008352704785,0.2,0.07359242732472827,-5.016560675069352,-0.7425301156828696,0.1648344370860928,85,-0.1095950420011347,-0.24465703971119135,0.3058823529411765,0.5593254080034469,-2.038071307324131,-0.9729444440205892,1.6866291364282862,96,-0.1415314060736398,-0.21618724974468767,0.3854166666666667,0.46836185467699304,-2.4340371748954346,-0.9304724409448819,3.3191139030395425,False,False,-0.7999985031409905
continuation_ret_1.00_10.00_cl0.75_rv2_px1,10,long,16,-0.2850279942105909,-0.3050698748621996,0.1875,0.11459598998077947,-3.647677630297878,-0.6906722689075631,0.3241346153846154,68,-0.1807860027064419,-0.29906306192026183,0.3088235294117647,0.4165935575846994,-2.722793532296548,-0.931206963417299,2.6252800953516093,91,-0.2171100838074741,-0.44018867924528304,0.17582417582417584,0.4770834500791304,-1.5907093253004954,-0.9964008939097734,11.235402980208946,False,False,-0.807545116627024
continuation_ret_1.00_10.00_cl0.75_rv2_px3,10,long,16,-0.2850279942105909,-0.3050698748621996,0.1875,0.11459598998077947,-3.647677630297878,-0.6906722689075631,0.3241346153846154,66,-0.19498371544818385,-0.30214586646852876,0.2878787878787879,0.38928331842549946,-2.8872588959172982,-0.931206963417299,2.6252800953516093,90,-0.21500801464173322,-0.44055485923084453,0.17777777777777778,0.4822695842622799,-1.5580855569044478,-0.9964008939097734,11.235402980208946,False,False,-0.807545116627024
continuation_ret_1.00_10.00_cl0.75_rv2_px5,10,long,16,-0.2850279942105909,-0.3050698748621996,0.1875,0.11459598998077947,-3.647677630297878,-0.6906722689075631,0.3241346153846154,66,-0.19498371544818385,-0.30214586646852876,0.2878787878787879,0.38928331842549946,-2.8872588959172982,-0.931206963417299,2.6252800953516093,84,-0.22034296888585203,-0.445197366850216,0.17857142857142858,0.48334648172860706,-1.4952941029311513,-0.9964008939097734,11.235402980208946,False,False,-0.807545116627024
continuation_ret_1.00_10.00_cl0.75_rv5_px1,10,long,16,-0.2850279942105909,-0.3050698748621996,0.1875,0.11459598998077947,-3.647677630297878,-0.6906722689075631,0.3241346153846154,66,-0.16817750516982077,-0.28254130399276806,0.3181818181818182,0.4416110990477826,-2.480493016843246,-0.931206963417299,2.6252800953516093,90,-0.21493137793006326,-0.44055485923084453,0.17777777777777778,0.48235859777021783,-1.5575439164576745,-0.9964008939097734,11.235402980208946,False,False,-0.807545116627024
continuation_ret_1.00_10.00_cl0.75_rv5_px3,10,long,16,-0.2850279942105909,-0.3050698748621996,0.1875,0.11459598998077947,-3.647677630297878,-0.6906722689075631,0.3241346153846154,64,-0.1824248808867228,-0.29906306192026183,0.296875,0.4126608080248591,-2.641961126047333,-0.931206963417299,2.6252800953516093,89,-0.21278121016833193,-0.440921039216406,0.1797752808988764,0.48766069024796177,-1.5249182455445132,-0.9964008939097734,11.235402980208946,False,False,-0.807545116627024
continuation_ret_1.00_10.00_cl0.75_rv5_px5,10,long,16,-0.2850279942105909,-0.3050698748621996,0.1875,0.11459598998077947,-3.647677630297878,-0.6906722689075631,0.3241346153846154,64,-0.1824248808867228,-0.29906306192026183,0.296875,0.4126608080248591,-2.641961126047333,-0.931206963417299,2.6252800953516093,83,-0.21801946715225448,-0.44947369448402597,0.18072289156626506,0.48898637999883754,-1.4619885632648635,-0.9964008939097734,11.235402980208946,False,False,-0.807545116627024
continuation_ret_1.00_10.00_cl0.75_rv10_px1,10,long,16,-0.2850279942105909,-0.3050698748621996,0.1875,0.11459598998077947,-3.647677630297878,-0.6906722689075631,0.3241346153846154,64,-0.15954962856375088,-0.28254130399276806,0.328125,0.46227448111473063,-2.3113034425994265,-0.931206963417299,2.6252800953516093,84,-0.20615246064063367,-0.4374096121794647,0.16666666666666666,0.49045793728261866,-1.4119680298644548,-0.9964008939097734,11.235402980208946,False,False,-0.807545116627024
continuation_ret_1.00_10.00_cl0.75_rv10_px3,10,long,16,-0.2850279942105909,-0.3050698748621996,0.1875,0.11459598998077947,-3.647677630297878,-0.6906722689075631,0.3241346153846154,62,-0.17397827844551836,-0.29906306192026183,0.3064516129032258,0.4319695798348505,-2.472087557665523,-0.931206963417299,2.6252800953516093,83,-0.20374108897697685,-0.44018867924528304,0.1686746987951807,0.49639238376944206,-1.3789276709898335,-0.9964008939097734,11.235402980208946,False,False,-0.807545116627024
continuation_ret_1.00_10.00_cl0.75_rv10_px5,10,long,16,-0.2850279942105909,-0.3050698748621996,0.1875,0.11459598998077947,-3.647677630297878,-0.6906722689075631,0.3241346153846154,62,-0.17397827844551836,-0.29906306192026183,0.3064516129032258,0.4319695798348505,-2.472087557665523,-0.931206963417299,2.6252800953516093,77,-0.2086830968018787,-0.440921039216406,0.16883116883116883,0.49828118302427266,-1.314660487567725,-0.9964008939097734,11.235402980208946,False,False,-0.807545116627024
continuation_ret_0.60_1.00_cl0.75_rv5_px10,20,long,21,-0.2652894472181526,-0.2931325301204819,0.19047619047619047,0.07919049739080634,-4.673579440081002,-0.7425301156828696,0.1648344370860928,82,-0.14972193704094003,-0.28110042819492564,0.2682926829268293,0.44601983362241343,-2.7854366944321223,-0.9729444440205892,1.6866291364282862,89,-0.20580369031413878,-0.26757573239840493,0.3146067415730337,0.3105274711691171,-4.195783106615746,-0.9304724409448819,2.34185186329856,False,False,-0.8200209437792699
continuation_ret_0.60_1.00_cl0.75_rv10_px10,20,long,21,-0.2652894472181526,-0.2931325301204819,0.19047619047619047,0.07919049739080634,-4.673579440081002,-0.7425301156828696,0.1648344370860928,71,-0.1287212117199578,-0.27288658138305844,0.28169014084507044,0.5070336981601558,-2.1472052753224884,-0.9729444440205892,1.6866291364282862,70,-0.2149457094267655,-0.25425090157945146,0.3142857142857143,0.30045670514760064,-3.7146998735898804,-0.9304724409448819,2.34185186329856,False,False,-0.8200209437792699
continuation_ret_1.00_10.00_cl0.90_rv2_px5,20,long,9,-0.1945690236631734,-0.26378147906716864,0.2222222222222222,0.3065454575872902,-1.3269053072392398,-0.7074789915966386,0.7375961538461537,27,-0.2133752185882242,-0.26,0.2222222222222222,0.2881395013625473,-2.842603981787585,-0.7512162162162161,0.6594444444444445,31,-0.35689158478755867,-0.5638971867952962,0.0967741935483871,0.35472186701383457,-1.7081133067401277,-0.9975204362187805,5.680229713201503,False,False,-0.8217732429468532
continuation_ret_1.00_10.00_cl0.90_rv5_px5,20,long,9,-0.1945690236631734,-0.26378147906716864,0.2222222222222222,0.3065454575872902,-1.3269053072392398,-0.7074789915966386,0.7375961538461537,27,-0.2133752185882242,-0.26,0.2222222222222222,0.2881395013625473,-2.842603981787585,-0.7512162162162161,0.6594444444444445,31,-0.35689158478755867,-0.5638971867952962,0.0967741935483871,0.35472186701383457,-1.7081133067401277,-0.9975204362187805,5.680229713201503,False,False,-0.8217732429468532
continuation_ret_1.00_10.00_cl0.90_rv2_px1,20,long,9,-0.1945690236631734,-0.26378147906716864,0.2222222222222222,0.3065454575872902,-1.3269053072392398,-0.7074789915966386,0.7375961538461537,29,-0.17893100544641263,-0.2521524529435132,0.27586206896551724,0.3588336056037144,-2.3868470635324344,-0.7512162162162161,0.6594444444444445,34,-0.3587699122973383,-0.5547575727994158,0.08823529411764706,0.33270634278005695,-1.883951194793805,-0.9975204362187805,5.680229713201503,False,False,-0.8260982518706323
continuation_ret_1.00_10.00_cl0.90_rv2_px3,20,long,9,-0.1945690236631734,-0.26378147906716864,0.2222222222222222,0.3065454575872902,-1.3269053072392398,-0.7074789915966386,0.7375961538461537,27,-0.2133752185882242,-0.26,0.2222222222222222,0.2881395013625473,-2.842603981787585,-0.7512162162162161,0.6594444444444445,34,-0.3587699122973383,-0.5547575727994158,0.08823529411764706,0.33270634278005695,-1.883951194793805,-0.9975204362187805,5.680229713201503,False,False,-0.8260982518706323
continuation_ret_1.00_10.00_cl0.90_rv5_px1,20,long,9,-0.1945690236631734,-0.26378147906716864,0.2222222222222222,0.3065454575872902,-1.3269053072392398,-0.7074789915966386,0.7375961538461537,29,-0.17893100544641263,-0.2521524529435132,0.27586206896551724,0.3588336056037144,-2.3868470635324344,-0.7512162162162161,0.6594444444444445,34,-0.3587699122973383,-0.5547575727994158,0.08823529411764706,0.33270634278005695,-1.883951194793805,-0.9975204362187805,5.680229713201503,False,False,-0.8260982518706323
continuation_ret_1.00_10.00_cl0.90_rv5_px3,20,long,9,-0.1945690236631734,-0.26378147906716864,0.2222222222222222,0.3065454575872902,-1.3269053072392398,-0.7074789915966386,0.7375961538461537,27,-0.2133752185882242,-0.26,0.2222222222222222,0.2881395013625473,-2.842603981787585,-0.7512162162162161,0.6594444444444445,34,-0.3587699122973383,-0.5547575727994158,0.08823529411764706,0.33270634278005695,-1.883951194793805,-0.9975204362187805,5.680229713201503,False,False,-0.8260982518706323
continuation_ret_0.60_1.00_cl0.75_rv5_px3,20,long,26,-0.25196690165772767,-0.26799432007426366,0.19230769230769232,0.06927860285578577,-5.308710493253248,-0.7425301156828696,0.1648344370860928,100,-0.12590898981267679,-0.2376542727750794,0.29,0.49779225629593926,-2.6624323150723117,-0.9729444440205892,1.6866291364282862,142,-0.12926764672075347,-0.22659530235891684,0.3591549295774648,0.49885903758920236,-2.8958639591091253,-0.9304724409448819,3.3191139030395425,False,False,-0.8304418034964262
continuation_ret_0.60_1.00_cl0.75_rv10_px3,20,long,26,-0.25196690165772767,-0.26799432007426366,0.19230769230769232,0.06927860285578577,-5.308710493253248,-0.7425301156828696,0.1648344370860928,88,-0.10607907200017047,-0.22406724951812318,0.3068181818181818,0.5623668814253512,-2.0385512625670428,-0.9729444440205892,1.6866291364282862,114,-0.11448054143015038,-0.22020723278093735,0.38596491228070173,0.5552462328537983,-2.144409681958744,-0.9304724409448819,3.3191139030395425,False,False,-0.8304418034964262
continuation_ret_0.60_1.00_cl0.75_rv5_px1,20,long,28,-0.24800924786042797,-0.2359978567862725,0.17857142857142858,0.06561402368109306,-5.624242409439025,-0.7425301156828696,0.1648344370860928,102,-0.1334908189858343,-0.25144199503290066,0.28431372549019607,0.47823700395063323,-2.860575990239711,-0.9729444440205892,1.6866291364282862,158,-0.12327137510002237,-0.22065527817356723,0.34810126582278483,0.5194992935484073,-2.9244803306341187,-0.9304724409448819,3.3191139030395425,False,False,-0.835120506118501
continuation_ret_0.60_1.00_cl0.75_rv10_px1,20,long,28,-0.24800924786042797,-0.2359978567862725,0.17857142857142858,0.06561402368109306,-5.624242409439025,-0.7425301156828696,0.1648344370860928,90,-0.11511247657002692,-0.2376542727750794,0.3,0.5365784682294151,-2.2452462868058793,-0.9729444440205892,1.6866291364282862,126,-0.11293884277810076,-0.21741712916660716,0.373015873015873,0.5578500596611157,-2.269098404215997,-0.9304724409448819,3.3191139030395425,False,False,-0.835120506118501
continuation_ret_1.00_10.00_cl0.50_rv10_px5,10,long,22,-0.2689900573714527,-0.324911840556769,0.22727272727272727,0.15535068204646044,-3.786844118466223,-0.7080497481684065,0.45296294115971025,100,-0.13851400535224676,-0.26566390532768486,0.29,0.5074090009932114,-2.4386435727009506,-0.931206963417299,2.728317757009346,155,-0.2664059797796012,-0.440921039216406,0.1870967741935484,0.3544026854768159,-3.220031089026493,-0.9964008939097734,11.235402980208946,False,False,-0.8434167690306401
continuation_ret_1.00_10.00_cl0.50_rv10_px3,10,long,23,-0.26980691572839083,-0.30850746268656715,0.21739130434782608,0.14922144990474612,-3.9748166433721632,-0.7080497481684065,0.45296294115971025,101,-0.14168385894907276,-0.2660869299847147,0.2871287128712871,0.499265264155649,-2.5155284597948273,-0.931206963417299,2.728317757009346,167,-0.2586934093673833,-0.4346305451136464,0.19760479041916168,0.35447387826411353,-3.3483593252034693,-0.9964008939097734,11.235402980208946,False,False,-0.8574609019849779
continuation_ret_1.00_10.00_cl0.50_rv5_px3,10,long,23,-0.26980691572839083,-0.30850746268656715,0.21739130434782608,0.14922144990474612,-3.9748166433721632,-0.7080497481684065,0.45296294115971025,103,-0.14755930938819872,-0.2660869299847147,0.2815533980582524,0.48421040703825596,-2.650166354363459,-0.931206963417299,2.728317757009346,179,-0.26980785486118414,-0.44018867924528304,0.19553072625698323,0.34180519080860344,-3.6924386583415933,-0.9964008939097734,11.235402980208946,False,False,-0.8574638865995489
continuation_ret_1.00_10.00_cl0.75_rv2_px10,10,long,15,-0.31364013741579555,-0.3413162184269709,0.13333333333333333,0.08660868073228606,-4.034830502422583,-0.6906722689075631,0.3241346153846154,57,-0.22733656458919282,-0.3358173472998566,0.2807017543859649,0.34826982523700883,-3.052117165658893,-0.931206963417299,2.6252800953516093,73,-0.2604386501411894,-0.5179364571078842,0.1232876712328767,0.4452194593807452,-1.551010771094828,-0.9964008939097734,11.235402980208946,False,False,-0.86959510784077
continuation_ret_1.00_10.00_cl0.75_rv5_px10,10,long,15,-0.31364013741579555,-0.3413162184269709,0.13333333333333333,0.08660868073228606,-4.034830502422583,-0.6906722689075631,0.3241346153846154,55,-0.21389911525007477,-0.315673748043412,0.2909090909090909,0.37051504337249114,-2.7931253025609,-0.931206963417299,2.6252800953516093,72,-0.25831705343794964,-0.5231537825079062,0.125,0.4506530743571585,-1.5172769803619413,-0.9964008939097734,11.235402980208946,False,False,-0.86959510784077
continuation_ret_1.00_10.00_cl0.75_rv10_px10,10,long,15,-0.31364013741579555,-0.3413162184269709,0.13333333333333333,0.08660868073228606,-4.034830502422583,-0.6906722689075631,0.3241346153846154,54,-0.20188491160150862,-0.31544233307877795,0.2962962962962963,0.3884452905604865,-2.620313495719295,-0.931206963417299,2.6252800953516093,67,-0.22853855373052576,-0.5129239766081872,0.11940298507462686,0.4975053430656297,-1.2552945405730502,-0.9964008939097734,11.235402980208946,False,False,-0.86959510784077
continuation_ret_1.00_10.00_cl0.50_rv2_px3,10,long,23,-0.26980691572839083,-0.30850746268656715,0.21739130434782608,0.14922144990474612,-3.9748166433721632,-0.7080497481684065,0.45296294115971025,105,-0.15611754009346995,-0.2921782178217822,0.2761904761904762,0.46535815621651,-2.8409996051860897,-0.931206963417299,2.728317757009346,182,-0.27368458230850135,-0.4374096121794647,0.19230769230769232,0.33489071719186597,-3.803860012254746,-0.9964008939097734,11.235402980208946,False,False,-0.8697843351127104
continuation_ret_1.00_10.00_cl0.50_rv5_px5,10,long,22,-0.2689900573714527,-0.324911840556769,0.22727272727272727,0.15535068204646044,-3.786844118466223,-0.7080497481684065,0.45296294115971025,102,-0.14450921223875288,-0.26566390532768486,0.28431372549019607,0.49186665004215274,-2.5739299912446336,-0.931206963417299,2.728317757009346,167,-0.2777648713870487,-0.44947369448402597,0.18562874251497005,0.3412072045896697,-3.5680386756777493,-0.9964008939097734,11.235402980208946,False,False,-0.8709301476223954
continuation_ret_1.00_10.00_cl0.50_rv2_px1,10,long,24,-0.2739476135952252,-0.324911840556769,0.20833333333333334,0.14203249418740813,-4.206744323439161,-0.7080497481684065,0.45296294115971025,108,-0.14967539766220003,-0.27913257390324847,0.28703703703703703,0.47869308177765485,-2.7811871285549885,-0.931206963417299,2.728317757009346,185,-0.27239625303988224,-0.4292439978165775,0.1945945945945946,0.33379035723476347,-3.8460786878616964,-0.9964008939097734,11.235402980208946,False,False,-0.8818033506820055
continuation_ret_1.00_10.00_cl0.50_rv5_px1,10,long,24,-0.2739476135952252,-0.324911840556769,0.20833333333333334,0.14203249418740813,-4.206744323439161,-0.7080497481684065,0.45296294115971025,106,-0.14123783117629926,-0.26566390532768486,0.29245283018867924,0.4978591462615294,-2.5917293347986408,-0.931206963417299,2.728317757009346,182,-0.2685621914966094,-0.43193727146511196,0.1978021978021978,0.3406122918820675,-3.734794280929362,-0.9964008939097734,11.235402980208946,False,False,-0.8818033506820055
continuation_ret_1.00_10.00_cl0.50_rv10_px1,10,long,24,-0.2739476135952252,-0.324911840556769,0.20833333333333334,0.14203249418740813,-4.206744323439161,-0.7080497481684065,0.45296294115971025,104,-0.13541029799576548,-0.26566390532768486,0.2980769230769231,0.5131520977189222,-2.457745022337477,-0.931206963417299,2.728317757009346,170,-0.2575559540975528,-0.4252294613832091,0.2,0.35302669190614083,-3.3915387280568825,-0.9964008939097734,11.235402980208946,False,False,-0.8818033506820055
continuation_ret_1.00_10.00_cl0.50_rv2_px5,10,long,22,-0.2689900573714527,-0.324911840556769,0.22727272727272727,0.15535068204646044,-3.786844118466223,-0.7080497481684065,0.45296294115971025,104,-0.15320838933829492,-0.27913257390324847,0.27884615384615385,0.4724254778045945,-2.7652565468989243,-0.931206963417299,2.728317757009346,170,-0.28177483224489663,-0.445197366850216,0.18235294117647058,0.33402037753969915,-3.680396821735021,-0.9964008939097734,11.235402980208946,False,False,-0.8835033566982798
continuation_ret_0.60_1.00_cl0.50_rv2_px10,20,long,44,-0.1755824234552192,-0.21723444563536137,0.29545454545454547,0.22812664348869208,-3.9753907651169187,-0.7425301156828696,0.5063399002431745,137,-0.13834699644038828,-0.2890697783826154,0.27007299270072993,0.49966148720854753,-3.064713180091758,-0.9729444440205892,1.9511650485436893,188,-0.23471030459865017,-0.3410485284305313,0.25,0.3257996270938618,-6.070192624965061,-0.976868687157679,2.9069676737111756,False,False,-0.8934629124782477
continuation_ret_1.00_10.00_cl0.50_rv10_px10,10,long,21,-0.28866359123997326,-0.3413162184269709,0.19047619047619047,0.13477545252206818,-4.032437102063284,-0.7080497481684065,0.45296294115971025,86,-0.14875458013145196,-0.29735498185755355,0.3023255813953488,0.503816998689037,-2.3149261888457757,-0.931206963417299,2.728317757009346,132,-0.2931977072985478,-0.4799552876172217,0.15151515151515152,0.33821854009597946,-3.0606370291537472,-0.9964008939097734,11.235402980208946,False,False,-0.9062865604871367
continuation_ret_1.00_10.00_cl0.50_rv5_px10,10,long,21,-0.28866359123997326,-0.3413162184269709,0.19047619047619047,0.13477545252206818,-4.032437102063284,-0.7080497481684065,0.45296294115971025,87,-0.15696045981123585,-0.2989956780008214,0.2988505747126437,0.48750544634389603,-2.4508273747698865,-0.931206963417299,2.728317757009346,143,-0.3150743457825312,-0.4894117647058823,0.14685314685314685,0.30611692238151395,-3.5411704599654175,-0.9964008939097734,11.235402980208946,False,False,-0.9739081787779016
continuation_ret_1.00_10.00_cl0.50_rv2_px10,10,long,21,-0.28866359123997326,-0.3413162184269709,0.19047619047619047,0.13477545252206818,-4.032437102063284,-0.7080497481684065,0.45296294115971025,89,-0.16684598703828538,-0.2991304458397023,0.29213483146067415,0.46660128205404566,-2.6487843138566087,-0.931206963417299,2.728317757009346,146,-0.3189768452527209,-0.48573073332800504,0.14383561643835616,0.29913753494493667,-3.656494165002583,-0.9964008939097734,11.235402980208946,False,False,-0.9859709703144663
continuation_ret_1.00_10.00_cl0.75_rv10_px3,20,long,16,-0.2984779101815351,-0.347272451157978,0.125,0.1394827495485525,-3.332381535308022,-0.7719047619047619,0.7375961538461537,62,-0.20427211326495798,-0.3372158839730225,0.25806451612903225,0.4144111623870192,-2.799114358057752,-0.9418009841572434,1.9534502932130178,83,-0.3767287823522838,-0.5239931692180222,0.13253012048192772,0.21619971917530847,-4.476631852066313,-0.9965871828517705,5.680229713201503,False,False,-1.0673530132505404
continuation_ret_1.00_10.00_cl0.75_rv10_px1,20,long,16,-0.2984779101815351,-0.347272451157978,0.125,0.1394827495485525,-3.332381535308022,-0.7719047619047619,0.7375961538461537,64,-0.1889490512264267,-0.32806068947008754,0.28125,0.4408649622164632,-2.633813866473326,-0.9418009841572434,1.9534502932130178,84,-0.3780948861274847,-0.5188622562508022,0.13095238095238096,0.21356858458269523,-4.546712447894806,-0.9965871828517705,5.680229713201503,False,False,-1.0712234766958053
continuation_ret_1.00_10.00_cl0.75_rv10_px5,20,long,16,-0.2984779101815351,-0.347272451157978,0.125,0.1394827495485525,-3.332381535308022,-0.7719047619047619,0.7375961538461537,62,-0.20427211326495798,-0.3372158839730225,0.25806451612903225,0.4144111623870192,-2.799114358057752,-0.9418009841572434,1.9534502932130178,77,-0.3811845696747824,-0.5277777608235676,0.12987012987012986,0.22342209313434744,-4.224321454972587,-0.9965871828517705,5.680229713201503,False,False,-1.0799772093509201
continuation_ret_1.00_10.00_cl0.75_rv5_px3,20,long,16,-0.2984779101815351,-0.347272451157978,0.125,0.1394827495485525,-3.332381535308022,-0.7719047619047619,0.7375961538461537,64,-0.21129346159056656,-0.3372158839730225,0.25,0.3985997371338235,-2.9717181170918394,-0.9418009841572434,1.9534502932130178,89,-0.3864468050876317,-0.5456179588035356,0.1348314606741573,0.22333971541273645,-4.734889631920339,-0.9975204362187805,5.680229713201503,False,False,-1.0948862449421697
continuation_ret_1.00_10.00_cl0.75_rv2_px3,20,long,16,-0.2984779101815351,-0.347272451157978,0.125,0.1394827495485525,-3.332381535308022,-0.7719047619047619,0.7375961538461537,66,-0.22615348221272513,-0.3649555317388523,0.24242424242424243,0.37518402412103474,-3.24373028048199,-0.9418009841572434,1.9534502932130178,90,-0.3865443910413043,-0.5366978598135517,0.13333333333333333,0.22136407496692778,-4.789598576526476,-0.9975204362187805,5.680229713201503,False,False,-1.0951627267683073
continuation_ret_1.00_10.00_cl0.75_rv5_px1,20,long,16,-0.2984779101815351,-0.347272451157978,0.125,0.1394827495485525,-3.332381535308022,-0.7719047619047619,0.7375961538461537,66,-0.196221966634245,-0.32806068947008754,0.2727272727272727,0.4240442198486971,-2.804133391539952,-0.9418009841572434,1.9534502932130178,90,-0.3876138572474266,-0.5366978598135517,0.13333333333333333,0.22088821991654767,-4.8023515511140324,-0.9975204362187805,5.680229713201503,False,False,-1.0981927526945103
continuation_ret_1.00_10.00_cl0.75_rv2_px1,20,long,16,-0.2984779101815351,-0.347272451157978,0.125,0.1394827495485525,-3.332381535308022,-0.7719047619047619,0.7375961538461537,68,-0.21108820708976128,-0.3372158839730225,0.2647058823529412,0.3991337725209925,-3.07238911884735,-0.9418009841572434,1.9534502932130178,91,-0.387697546078973,-0.5277777608235676,0.13186813186813187,0.21895552513825642,-4.857056556550116,-0.9975204362187805,5.680229713201503,False,False,-1.0984298610087961
continuation_ret_1.00_10.00_cl0.75_rv5_px5,20,long,16,-0.2984779101815351,-0.347272451157978,0.125,0.1394827495485525,-3.332381535308022,-0.7719047619047619,0.7375961538461537,64,-0.21129346159056656,-0.3372158839730225,0.25,0.3985997371338235,-2.9717181170918394,-0.9418009841572434,1.9534502932130178,83,-0.3912829949700954,-0.5511764705882354,0.13253012048192772,0.23016544717647347,-4.493192509673891,-0.9975204362187805,5.680229713201503,False,False,-1.1085882026515557
continuation_ret_1.00_10.00_cl0.75_rv2_px5,20,long,16,-0.2984779101815351,-0.347272451157978,0.125,0.1394827495485525,-3.332381535308022,-0.7719047619047619,0.7375961538461537,66,-0.22615348221272513,-0.3649555317388523,0.24242424242424243,0.37518402412103474,-3.24373028048199,-0.9418009841572434,1.9534502932130178,84,-0.3913299776599532,-0.5483972146958855,0.13095238095238096,0.22802911864836536,-4.548202812487145,-0.9975204362187805,5.680229713201503,False,False,-1.1087213146354005
continuation_ret_1.00_10.00_cl0.75_rv10_px10,20,long,15,-0.3163083691722273,-0.3640320818031355,0.13333333333333333,0.1402667898899327,-3.3708362265267255,-0.7719047619047619,0.7375961538461537,54,-0.2570989279020703,-0.41877484663887854,0.24074074074074073,0.31100992557797597,-3.63423138542829,-0.9418009841572434,1.8279022646007153,67,-0.41631880456963266,-0.5534999942779542,0.08955223880597014,0.2096488064599849,-4.090703878895491,-0.9965871828517705,5.680229713201503,False,False,-1.154280822406111
continuation_ret_1.00_10.00_cl0.75_rv2_px10,20,long,15,-0.3163083691722273,-0.3640320818031355,0.13333333333333333,0.1402667898899327,-3.3708362265267255,-0.7719047619047619,0.7375961538461537,57,-0.28041767206292567,-0.4564533728092045,0.22807017543859648,0.2816506589814525,-4.106445369047653,-0.9418009841572434,1.8279022646007153,73,-0.44766208860213497,-0.5571698113207547,0.0821917808219178,0.1846134984094128,-4.742996520262347,-0.9975204362187805,5.680229713201503,False,False,-1.241182858232585
continuation_ret_1.00_10.00_cl0.75_rv5_px10,20,long,15,-0.3163083691722273,-0.3640320818031355,0.13333333333333333,0.1402667898899327,-3.3708362265267255,-0.7719047619047619,0.7375961538461537,55,-0.26509925496987563,-0.4537908496732026,0.23636363636363636,0.30061005198916113,-3.792287609868664,-0.9418009841572434,1.8279022646007153,72,-0.44839031843107907,-0.5717428084692548,0.08333333333333333,0.18645218289246598,-4.685321402449606,-0.9975204362187805,5.680229713201503,False,False,-1.2432019400435141
continuation_ret_1.00_10.00_cl0.50_rv10_px5,20,long,22,-0.2783773869722884,-0.32004543979227523,0.18181818181818182,0.14015016234221675,-3.8200217236601657,-0.7719047619047619,0.7375961538461537,100,-0.20028311217037165,-0.36066524112383713,0.24,0.3892255326733371,-3.680724331681611,-0.9418009841572434,2.1021494535924443,155,-0.4198448639556048,-0.5418627461165303,0.13548387096774195,0.15757355179896393,-8.334710548244855,-0.998692307472229,5.680229713201503,False,False,-1.3164211425203596
continuation_ret_1.00_10.00_cl0.50_rv10_px3,20,long,23,-0.27323949019588417,-0.30957805907172997,0.17391304347826086,0.13706713453321134,-3.9133672376574693,-0.7719047619047619,0.7375961538461537,101,-0.20438489095896453,-0.3751782623745241,0.2376237623762376,0.38206508555476043,-3.7829069164583484,-0.9418009841572434,2.1021494535924443,167,-0.4148287509291708,-0.5317391304347826,0.1377245508982036,0.15236608861579862,-8.78155324236716,-0.998692307472229,5.680229713201503,False,False,-1.3183481008289053
continuation_ret_1.00_10.00_cl0.50_rv10_px1,20,long,24,-0.27485621203524474,-0.3108094367061333,0.16666666666666666,0.1314355580911527,-4.11036137523499,-0.7719047619047619,0.7375961538461537,104,-0.1986958859899184,-0.36066524112383713,0.25,0.39222178965515936,-3.7387210263008304,-0.9418009841572434,2.1021494535924443,170,-0.4133232447224396,-0.5260160797578477,0.13529411764705881,0.15054517819784852,-8.895939522256967,-0.998692307472229,5.680229713201503,False,False,-1.3304362002931438
continuation_ret_1.00_10.00_cl0.50_rv5_px5,20,long,22,-0.2783773869722884,-0.32004543979227523,0.18181818181818182,0.14015016234221675,-3.8200217236601657,-0.7719047619047619,0.7375961538461537,102,-0.20476687976868652,-0.36066524112383713,0.23529411764705882,0.3793020586931717,-3.8227378026914387,-0.9418009841572434,2.1021494535924443,167,-0.4313622703993662,-0.5490225999944213,0.1317365269461078,0.15721212402813756,-8.882915083640853,-0.998692307472229,5.680229713201503,False,False,-1.3525339038072786
continuation_ret_1.00_10.00_cl0.50_rv5_px3,20,long,23,-0.27323949019588417,-0.30957805907172997,0.17391304347826086,0.13706713453321134,-3.9133672376574693,-0.7719047619047619,0.7375961538461537,103,-0.20874548064295415,-0.3751782623745241,0.23300970873786409,0.37249888368091794,-3.924384404471079,-0.9418009841572434,2.1021494535924443,179,-0.4259103164734465,-0.5455932262292438,0.1340782122905028,0.15249891701073906,-9.3097880261746,-0.998692307472229,5.680229713201503,False,False,-1.3535659126531425
continuation_ret_1.00_10.00_cl0.50_rv2_px5,20,long,22,-0.2783773869722884,-0.32004543979227523,0.18181818181818182,0.14015016234221675,-3.8200217236601657,-0.7719047619047619,0.7375961538461537,104,-0.2143227886600925,-0.3754067224333894,0.23076923076923078,0.36411665193959836,-4.046722055374806,-0.9418009841572434,2.1021494535924443,170,-0.43323512547513443,-0.5473202793989784,0.12941176470588237,0.15430126372327088,-9.063593654795762,-0.998692307472229,5.680229713201503,False,False,-1.3584062300646234
continuation_ret_1.00_10.00_cl0.50_rv2_px3,20,long,23,-0.27323949019588417,-0.30957805907172997,0.17391304347826086,0.13706713453321134,-3.9133672376574693,-0.7719047619047619,0.7375961538461537,105,-0.218134598004456,-0.3756351824922547,0.22857142857142856,0.3578427996206015,-4.147553168165541,-0.9418009841572434,2.1021494535924443,182,-0.4277495539715695,-0.543727986172887,0.13186813186813187,0.14981349687367468,-9.487757531632443,-0.998692307472229,5.680229713201503,False,False,-1.3594111084289717
continuation_ret_1.00_10.00_cl0.50_rv5_px1,20,long,24,-0.27485621203524474,-0.3108094367061333,0.16666666666666666,0.1314355580911527,-4.11036137523499,-0.7719047619047619,0.7375961538461537,106,-0.20304040247472058,-0.36066524112383713,0.24528301886792453,0.382568526559168,-3.878441756576262,-0.9418009841572434,2.1021494535924443,182,-0.42432141124390194,-0.5402066342281786,0.13186813186813187,0.15084128538896271,-9.419325506970468,-0.998692307472229,5.680229713201503,False,False,-1.3658379326269539
continuation_ret_1.00_10.00_cl0.50_rv2_px1,20,long,24,-0.27485621203524474,-0.3108094367061333,0.16666666666666666,0.1314355580911527,-4.11036137523499,-0.7719047619047619,0.7375961538461537,108,-0.21227436061633312,-0.3754067224333894,0.24074074074074073,0.3677626697672638,-4.098805246474985,-0.9418009841572434,2.1021494535924443,185,-0.4261565892998316,-0.5385505223398268,0.12972972972972974,0.14821342488248962,-9.596801457707123,-0.998692307472229,5.680229713201503,False,False,-1.3717451429055143
continuation_ret_1.00_10.00_cl0.50_rv10_px10,20,long,21,-0.2901562613366283,-0.3305128205128205,0.19047619047619047,0.14076323417567796,-3.8469458738525955,-0.7719047619047619,0.7375961538461537,86,-0.22912180810359714,-0.3881837696283642,0.2441860465116279,0.33815531022605283,-4.06437666779607,-0.9418009841572434,2.1021494535924443,132,-0.45105472659884244,-0.554623709033483,0.10606060606060606,0.14881861071973068,-7.887298676269372,-0.998692307472229,5.680229713201503,False,False,-1.3942293087049504
continuation_ret_1.00_10.00_cl0.50_rv5_px10,20,long,21,-0.2901562613366283,-0.3305128205128205,0.19047619047619047,0.14076323417567796,-3.8469458738525955,-0.7719047619047619,0.7375961538461537,87,-0.23450106222460593,-0.39260869565217393,0.2413793103448276,0.3304185131893166,-4.188978542444878,-0.9418009841572434,2.1021494535924443,143,-0.4738897584470996,-0.5686991869918699,0.0979020979020979,0.13315736674815548,-8.84802116183391,-0.998692307472229,5.680229713201503,False,False,-1.4648133615717025
continuation_ret_1.00_10.00_cl0.50_rv2_px10,20,long,21,-0.2901562613366283,-0.3305128205128205,0.19047619047619047,0.14076323417567796,-3.8469458738525955,-0.7719047619047619,0.7375961538461537,89,-0.24499933368296978,-0.399662027833002,0.23595505617977527,0.31587017271255274,-4.437189971711997,-0.9418009841572434,2.1021494535924443,146,-0.47519662761653386,-0.5640366530350283,0.0958904109589041,0.13046634245373773,-9.0400018198099,-0.998692307472229,5.680229713201503,False,False,-1.468852949655409
