symbol,name,exchange,is_etf,test_issue,yf_symbol,status
A,"Agilent Technologies, Inc. Common Stock",NYSE,N,N,A,Active
AA,Alcoa Corporation Common Stock ,NYSE,N,N,AA,Active
AACB,Artius II Acquisition Inc. - Class A Ordinary Shares,NASDAQ,N,N,AACB,Active
AACI,Armada Acquisition Corp. III - Class A Ordinary Share,NASDAQ,N,N,AACI,Active
AACO,Abony Acquisition Corp. I - Class A Ordinary Share,NASDAQ,N,N,AACO,Active
AACOW,Abony Acquisition Corp. I - Warrants,NASDAQ,N,N,AACOW,Active
AACP,Apogee Acquisition Corp - Class A Ordinary Shares,NASDAQ,N,N,AACP,Active
AADX,"Applied Aerospace & Defense, Inc. Common Stock",NYSE,N,N,AADX,Active
AAL,"American Airlines Group, Inc. - Common Stock",NASDAQ,N,N,AAL,Active
AAME,Atlantic American Corporation - Common Stock,NASDAQ,N,N,AAME,Active
AAMI,Acadian Asset Management Inc. Common Stock,NYSE,N,N,AAMI,Active
AAOI,"Applied Optoelectronics, Inc. - Common Stock",NASDAQ,N,N,AAOI,Active
AAON,"AAON, Inc. - Common Stock",NASDAQ,N,N,AAON,Active
AAP,Advance Auto Parts Inc.,NYSE,N,N,AAP,Active
AAPG,Ascentage Pharma Group International - American Depository Shares,NASDAQ,N,N,AAPG,Active
AAPL,Apple Inc. - Common Stock,NASDAQ,N,N,AAPL,Active
AARD,"Aardvark Therapeutics, Inc. - Common Stock",NASDAQ,N,N,AARD,Active
AAT,"American Assets Trust, Inc. Common Stock",NYSE,N,N,AAT,Active
AAUC,Allied Gold Corporation Common Shares,NYSE,N,N,AAUC,Active
ABAT,American Battery Technology Company - Common Stock,NASDAQ,N,N,ABAT,Active
ABBV,AbbVie Inc. Common Stock,NYSE,N,N,ABBV,Active
ABCB,Ameris Bancorp Common Stock,NYSE,N,N,ABCB,Active
ABCL,AbCellera Biologics Inc. - Common Shares,NASDAQ,N,N,ABCL,Active
ABEO,Abeona Therapeutics Inc. - Common Stock,NASDAQ,N,N,ABEO,Active
ABG,Asbury Automotive Group Inc Common Stock,NYSE,N,N,ABG,Active
ABLV,Able View Global Inc. - Class B Ordinary Shares,NASDAQ,N,N,ABLV,Active
ABM,ABM Industries Incorporated Common Stock,NYSE,N,N,ABM,Active
ABNB,"Airbnb, Inc. - Class A Common Stock",NASDAQ,N,N,ABNB,Active
ABOS,"Acumen Pharmaceuticals, Inc. - Common Stock",NASDAQ,N,N,ABOS,Active
ABR,Arbor Realty Trust Common Stock,NYSE,N,N,ABR,Active
ABSI,Absci Corporation - Common Stock,NASDAQ,N,N,ABSI,Active
ABT,Abbott Laboratories Common Stock,NYSE,N,N,ABT,Active
ABTC,American Bitcoin Corp. - Class A Common Stock,NASDAQ,N,N,ABTC,Active
ABTS,Abits Group Inc - Ordinary Shares,NASDAQ,N,N,ABTS,Active
ABUS,Arbutus Biopharma Corporation - Common Stock,NASDAQ,N,N,ABUS,Active
ABVC,"ABVC BioPharma, Inc. - Common Stock",NASDAQ,N,N,ABVC,Active
ABX,"Abacus Global Management, Inc. Class A Common Stock",NYSE,N,N,ABX,Active
ACA,"Arcosa, Inc. Common Stock ",NYSE,N,N,ACA,Active
ACAA,Averin Capital Acquisition Corp. - Class A Ordinary Shares,NASDAQ,N,N,ACAA,Active
ACAAW,Averin Capital Acquisition Corp. - Warrants,NASDAQ,N,N,ACAAW,Active
ACAD,ACADIA Pharmaceuticals Inc. - Common Stock,NASDAQ,N,N,ACAD,Active
ACB,Aurora Cannabis Inc. - Common Shares,NASDAQ,N,N,ACB,Active
ACCL,Acco Group Holdings Limited - Class A Ordinary Shares,NASDAQ,N,N,ACCL,Active
ACCO,Acco Brands Corporation Common Stock,NYSE,N,N,ACCO,Active
ACCS,ACCESS Newswire Inc. Common Stock,NYSE American,N,N,ACCS,Active
ACDC,ProFrac Holding Corp. - Class A Common Stock,NASDAQ,N,N,ACDC,Active
ACEL,"Accel Entertainment, Inc. ",NYSE,N,N,ACEL,Active
ACET,"Adicet Bio, Inc. - Common Stock",NASDAQ,N,N,ACET,Active
ACFN,"Acorn Energy, Inc. - Common Stock",NASDAQ,N,N,ACFN,Active
ACGC,ACP Holdings Acquisition Corp. - Class A Ordinary Shares,NASDAQ,N,N,ACGC,Active
ACGCW,ACP Holdings Acquisition Corp. - Warrants,NASDAQ,N,N,ACGCW,Active
ACGL,Arch Capital Group Ltd. - Common Stock,NASDAQ,N,N,ACGL,Active
ACH,"Accendra Health, Inc. Common Stock",NYSE,N,N,ACH,Active
ACHC,"Acadia Healthcare Company, Inc. - Common Stock",NASDAQ,N,N,ACHC,Active
ACHR,Archer Aviation Inc. Class A Common Stock,NYSE,N,N,ACHR,Active
ACHV,"Achieve Life Sciences, Inc.  - Common Shares",NASDAQ,N,N,ACHV,Active
ACI,"Albertsons Companies, Inc. Class A Common Stock",NYSE,N,N,ACI,Active
ACIC,American Coastal Insurance Corporation - Common Stock,NASDAQ,N,N,ACIC,Active
ACIU,AC Immune SA - Common Stock,NASDAQ,N,N,ACIU,Active
ACIW,"ACI Worldwide, Inc. - Common Stock",NASDAQ,N,N,ACIW,Active
ACLS,"Axcelis Technologies, Inc. - Common Stock",NASDAQ,N,N,ACLS,Active
ACM,AECOM Common Stock,NYSE,N,N,ACM,Active
ACMR,"ACM Research, Inc. - Class A Common Stock",NASDAQ,N,N,ACMR,Active
ACN,Accenture plc Class A Ordinary Shares (Ireland),NYSE,N,N,ACN,Active
ACNB,ACNB Corporation - Common Stock,NASDAQ,N,N,ACNB,Active
ACNT,Ascent Industries Co. - Common Stock,NASDAQ,N,N,ACNT,Active
ACOG,Alpha Cognition Inc. - Common Stock,NASDAQ,N,N,ACOG,Active
ACON,"Aclarion, Inc. - Common Stock",NASDAQ,N,N,ACON,Active
ACR,ACRES Commercial Realty Corp. Common Stock,NYSE,N,N,ACR,Active
ACRE,Ares Commercial Real Estate Corporation Common Stock,NYSE,N,N,ACRE,Active
ACRS,"Aclaris Therapeutics, Inc. - Common Stock",NASDAQ,N,N,ACRS,Active
ACRV,"Acrivon Therapeutics, Inc. - Common Stock",NASDAQ,N,N,ACRV,Active
ACT,"Enact Holdings, Inc. - Common Stock",NASDAQ,N,N,ACT,Active
ACTG,Acacia Research Corporation - Common Stock,NASDAQ,N,N,ACTG,Active
ACTU,"Actuate Therapeutics, Inc. - Common stock",NASDAQ,N,N,ACTU,Active
ACU,Acme United Corporation. Common Stock,NYSE American,N,N,ACU,Active
ACVA,ACV Auctions Inc. Class A Common Stock,NYSE,N,N,ACVA,Active
ACXP,"Acurx Pharmaceuticals, Inc. - Common Stock",NASDAQ,N,N,ACXP,Active
AD,"Array Digital Infrastructure, Inc. Common Shares",NYSE,N,N,AD,Active
ADAC,American Drive Acquisition Company - Class A Ordinary Shares,NASDAQ,N,N,ADAC,Active
ADAG,"Adagene Inc. - ADS, each representing 1.25 ordinary shares",NASDAQ,N,N,ADAG,Active
ADAM,"Adamas Trust, Inc. - Common Stock",NASDAQ,N,N,ADAM,Active
ADBE,Adobe Inc. - Common Stock,NASDAQ,N,N,ADBE,Active
ADC,Agree Realty Corporation Common Stock,NYSE,N,N,ADC,Active
ADCT,ADC Therapeutics SA Common Shares,NYSE,N,N,ADCT,Active
ADEA,Adeia Inc.  - Common Stock,NASDAQ,N,N,ADEA,Active
ADGM,"Adagio Medical Holdings, Inc - Common Stock",NASDAQ,N,N,ADGM,Active
ADI,"Analog Devices, Inc. - Common Stock",NASDAQ,N,N,ADI,Active
ADIL,"Adial Pharmaceuticals, Inc - Common Stock",NASDAQ,N,N,ADIL,Active
ADM,Archer-Daniels-Midland Company Common Stock,NYSE,N,N,ADM,Active
ADMA,ADMA Biologics Inc - Common Stock,NASDAQ,N,N,ADMA,Active
ADNT,Adient plc Ordinary Shares ,NYSE,N,N,ADNT,Active
ADP,"Automatic Data Processing, Inc. - Common Stock",NASDAQ,N,N,ADP,Active
ADPT,Adaptive Biotechnologies Corporation - Common Stock,NASDAQ,N,N,ADPT,Active
ADSE,ADS-TEC ENERGY PLC - Ordinary Shares,NASDAQ,N,N,ADSE,Active
ADSK,"Autodesk, Inc. - Common Stock",NASDAQ,N,N,ADSK,Active
ADT,ADT Inc. Common Stock,NYSE,N,N,ADT,Active
ADTN,"ADTRAN Holdings, Inc. - Common Stock",NASDAQ,N,N,ADTN,Active
ADUR,Aduro Clean Technologies Inc. - Common Stock,NASDAQ,N,N,ADUR,Active
ADUS,Addus HomeCare Corporation - Common Stock,NASDAQ,N,N,ADUS,Active
ADV,Advantage Solutions Inc.  - Class A Common Stock,NASDAQ,N,N,ADV,Active
ADVB,Advanced Biomed Inc. - Common Stock,NASDAQ,N,N,ADVB,Active
AEAQ,Activate Energy Acquisition Corp. - Class A Ordinary Share,NASDAQ,N,N,AEAQ,Active
AEBI,Aebi Schmidt Holding AG - Common Stock,NASDAQ,N,N,AEBI,Active
AEC,Anfield Energy Inc. - Common Shares,NASDAQ,N,N,AEC,Active
AEE,Ameren Corporation Common Stock,NYSE,N,N,AEE,Active
AEG,Aegon Ltd. New York Registry Shares,NYSE,N,N,AEG,Active
AEHL,Antelope Enterprise Holdings Limited - Class A Ordinary Shares,NASDAQ,N,N,AEHL,Active
AEHR,Aehr Test Systems - Common Stock,NASDAQ,N,N,AEHR,Active
AEI,Alset Inc. - Common Stock,NASDAQ,N,N,AEI,Active
AEIS,"Advanced Energy Industries, Inc. - Common Stock",NASDAQ,N,N,AEIS,Active
AEM,Agnico Eagle Mines Limited Common Stock,NYSE,N,N,AEM,Active
AEMD,"Aethlon Medical, Inc. - Common Stock",NASDAQ,N,N,AEMD,Active
AENT,Alliance Entertainment Holding Corporation - common stock,NASDAQ,N,N,AENT,Active
AENTW,Alliance Entertainment Holding Corporation - Warrants,NASDAQ,N,N,AENTW,Active
AEO,"American Eagle Outfitters, Inc. Common Stock",NYSE,N,N,AEO,Active
AEON,"AEON Biopharma, Inc. Class A Common Stock",NYSE American,N,N,AEON,Active
AEP,"American Electric Power Company, Inc. - Common Stock",NASDAQ,N,N,AEP,Active
AER,AerCap Holdings N.V. Ordinary Shares,NYSE,N,N,AER,Active
AERT,"Aeries Technology, Inc. - Class A Ordinary Share",NASDAQ,N,N,AERT,Active
AES,The AES Corporation Common Stock,NYSE,N,N,AES,Active
AESI,Atlas Energy Solutions Inc. Common Stock,NYSE,N,N,AESI,Active
AESP,Aeon Acquisition I Corp. - Class A Ordinary Shares,NASDAQ,N,N,AESP,Active
AESPW,Aeon Acquisition I Corp. - Warrants,NASDAQ,N,N,AESPW,Active
AEVA,"Aeva Technologies, Inc. - Common Stock",NASDAQ,N,N,AEVA,Active
AEXA,American Exceptionalism Acquisition Corp. A Class A Ordinary Shares,NYSE,N,N,AEXA,Active
AEYE,"AudioEye, Inc. - Common Stock",NASDAQ,N,N,AEYE,Active
AFBI,"Affinity Bancshares, Inc. - Common Stock",NASDAQ,N,N,AFBI,Active
AFCG,Advanced Flower Capital Inc. - Common Stock,NASDAQ,N,N,AFCG,Active
AFG,"American Financial Group, Inc. Common Stock",NYSE,N,N,AFG,Active
AFGB,"American Financial Group, Inc. 5.875% Subordinated Debentures due 2059",NYSE,N,N,AFGB,Active
AFGC,"American Financial Group, Inc. 5.125% Subordinated Debentures due 2059",NYSE,N,N,AFGC,Active
AFGD,"American Financial Group, Inc. 5.625% Subordinated Debentures due 2060",NYSE,N,N,AFGD,Active
AFGE,"American Financial Group, Inc. 4.500% Subordinated Debentures due 2060",NYSE,N,N,AFGE,Active
AFJK,"Aimei Health Technology Co., Ltd - Ordinary Share",NASDAQ,N,N,AFJK,Active
AFL,AFLAC Incorporated Common Stock,NYSE,N,N,AFL,Active
AFRI,Forafric Global PLC - Ordinary Shares,NASDAQ,N,N,AFRI,Active
AFRIW,Forafric Global PLC - Warrants,NASDAQ,N,N,AFRIW,Active
AFRM,"Affirm Holdings, Inc. - Class A Common Stock",NASDAQ,N,N,AFRM,Active
AFYA,Afya Limited - Class A Common Shares,NASDAQ,N,N,AFYA,Active
AG,First Majestic Silver Corp. Ordinary Shares (Canada),NYSE,N,N,AG,Active
AGBK,AGI Inc Class A Common Shares,NYSE,N,N,AGBK,Active
AGCC,Agencia Comercial Spirits Ltd - Class A Ordinary Share,NASDAQ,N,N,AGCC,Active
AGCO,AGCO Corporation Common Stock,NYSE,N,N,AGCO,Active
AGEN,Agenus Inc. - Common Stock,NASDAQ,N,N,AGEN,Active
AGI,Alamos Gold Inc. Class A Common Shares,NYSE,N,N,AGI,Active
AGIG,Abundia Global Impact Group Inc. Common stock,NYSE American,N,N,AGIG,Active
AGIO,"Agios Pharmaceuticals, Inc. - Common Stock",NASDAQ,N,N,AGIO,Active
AGL,"agilon health, inc. Common Stock",NYSE,N,N,AGL,Active
AGM,Federal Agricultural Mortgage Corporation Common Stock,NYSE,N,N,AGM,Active
AGMB,AgomAb Therapeutics NV - ADRs representing one common share.,NASDAQ,N,N,AGMB,Active
AGMH,AGM Group Holdings Inc. - Class A Ordinary Shares,NASDAQ,N,N,AGMH,Active
AGNC,AGNC Investment Corp. - Common Stock,NASDAQ,N,N,AGNC,Active
AGNT,"AGNT, Inc. - Common Stock",NASDAQ,N,N,AGNT,Active
AGO,Assured Guaranty Ltd. Common Stock,NYSE,N,N,AGO,Active
AGPU,Axe Compute Inc. - Common Stock,NASDAQ,N,N,AGPU,Active
AGRO,Adecoagro S.A. Common Shares,NYSE,N,N,AGRO,Active
AGRZ,Agroz Inc. - Class A Ordinary Shares,NASDAQ,N,N,AGRZ,Active
AGX,"Argan, Inc. Common Stock",NYSE,N,N,AGX,Active
AGYS,"Agilysys, Inc. - Common Stock",NASDAQ,N,N,AGYS,Active
AHCO,AdaptHealth Corp.  - Common Stock,NASDAQ,N,N,AHCO,Active
AHMA,Ambitions Enterprise Management Co. L.L.C - Class A Ordinary Shares,NASDAQ,N,N,AHMA,Active
AHR,"American Healthcare REIT, Inc. Common Stock",NYSE,N,N,AHR,Active
AHRT,"AH Realty Trust, Inc. Common Stock",NYSE,N,N,AHRT,Active
AHT,Ashford Hospitality Trust Inc Common Stock,NYSE,N,N,AHT,Active
AI,"C3.ai, Inc. Class A Common Stock",NYSE,N,N,AI,Active
AIAI,AIAI Holdings Corporation - Class A common stock,NASDAQ,N,N,AIAI,Active
AIB,AIB Data Centers Inc. Common Stock,NYSE American,N,N,AIB,Active
AIBZ,Bitzero Holdings Inc. - Common Shares,NASDAQ,N,N,AIBZ,Active
AIDX,"20/20 Biolabs, Inc. - Common Stock",NASDAQ,N,N,AIDX,Active
AIFA,"All In FutureTech Alliance, Inc. - Common Stock",NASDAQ,N,N,AIFA,Active
AIFC,AI Financial Corporation - Common Stock,NASDAQ,N,N,AIFC,Active
AIFF,"Firefly Neuroscience, Inc.  - Common Stock",NASDAQ,N,N,AIFF,Active
AIFU,AIFU Inc. - Class A Ordinary Share,NASDAQ,N,N,AIFU,Active
AIG,"American International Group, Inc. New Common Stock",NYSE,N,N,AIG,Active
AIHS,Senmiao Technology Limited - Common Stock,NASDAQ,N,N,AIHS,Active
AII,"American Integrity Insurance Group, Inc. Common Stock",NYSE,N,N,AII,Active
AIIA,AI Infrastructure Acquisition Corp. Class A Ordinary Shares,NYSE,N,N,AIIA,Active
AIIO,Robo.ai Inc. - Class B Ordinary Shares,NASDAQ,N,N,AIIO,Active
AIIR,Air Global PLC - Ordinary shares,NASDAQ,N,N,AIIR,Active
AIM,AIM ImmunoTech Inc. Common Stock,NYSE American,N,N,AIM,Active
AIMD,"Ainos, Inc. - Common Stock",NASDAQ,N,N,AIMD,Active
AIMDW,"Ainos, Inc. - warrants",NASDAQ,N,N,AIMDW,Active
AIN,Albany International Corporation Common Stock,NYSE,N,N,AIN,Active
AIOS,AIOS Tech Inc. - Class A Common Shares,NASDAQ,N,N,AIOS,Active
AIOT,"PowerFleet, Inc. - Common Stock",NASDAQ,N,N,AIOT,Active
AIP,"Arteris, Inc.  - Common Stock",NASDAQ,N,N,AIP,Active
AIR,AAR Corp. Common Stock,NYSE,N,N,AIR,Active
AIRE,reAlpha Tech Corp. - Common Stock,NASDAQ,N,N,AIRE,Active
AIRG,"Airgain, Inc. - Common Stock",NASDAQ,N,N,AIRG,Active
AIRI,Air Industries Group Common Stock,NYSE American,N,N,AIRI,Active
AIRJ,AirJoule Technologies Corporation - Class A Common Stock,NASDAQ,N,N,AIRJ,Active
AIRO,"AIRO Group Holdings, Inc. - Common Stock",NASDAQ,N,N,AIRO,Active
AIRS,"AirSculpt Technologies, Inc. - Common Stock",NASDAQ,N,N,AIRS,Active
AIRT,"Air T, Inc. - Common Stock",NASDAQ,N,N,AIRT,Active
AISP,"Airship AI Holdings, Inc - Class A Common Stock",NASDAQ,N,N,AISP,Active
AISPW,"Airship AI Holdings, Inc - Warrants",NASDAQ,N,N,AISPW,Active
AIT,"Applied Industrial Technologies, Inc. Common Stock",NYSE,N,N,AIT,Active
AIV,Apartment Investment and Management Company Common Stock,NYSE,N,N,AIV,Active
AIXC,"AIxCrypto Holdings, Inc. - Common Stock",NASDAQ,N,N,AIXC,Active
AIZ,"Assurant, Inc. Common Stock",NYSE,N,N,AIZ,Active
AJG,Arthur J. Gallagher & Co. Common Stock,NYSE,N,N,AJG,Active
AKA,a.k.a. Brands Holding Corp. Common Stock,NYSE,N,N,AKA,Active
AKAM,"Akamai Technologies, Inc. - Common Stock",NASDAQ,N,N,AKAM,Active
AKAN,Akanda Corp. - Common Shares,NASDAQ,N,N,AKAN,Active
AKBA,"Akebia Therapeutics, Inc. - Common Stock",NASDAQ,N,N,AKBA,Active
AKR,Acadia Realty Trust Common Stock,NYSE,N,N,AKR,Active
AKTS,"Aktis Oncology, Inc. - Common stock",NASDAQ,N,N,AKTS,Active
ALAB,"Astera Labs, Inc. - Common Stock",NASDAQ,N,N,ALAB,Active
ALB,Albemarle Corporation Common Stock,NYSE,N,N,ALB,Active
ALC,Alcon Inc. Ordinary Shares,NYSE,N,N,ALC,Active
ALCO,"Alico, Inc. - Common Stock",NASDAQ,N,N,ALCO,Active
ALDF,Aldel Financial II Inc. - Class A Ordinary Shares,NASDAQ,N,N,ALDF,Active
ALDFW,Aldel Financial II Inc. - Warrants,NASDAQ,N,N,ALDFW,Active
ALDX,"Aldeyra Therapeutics, Inc. - Common Stock",NASDAQ,N,N,ALDX,Active
ALEC,"Alector, Inc. - Common Stock",NASDAQ,N,N,ALEC,Active
ALF,Centurion Acquisition Corp. - Class A Ordinary Shares,NASDAQ,N,N,ALF,Active
ALG,"Alamo Group, Inc. Common Stock",NYSE,N,N,ALG,Active
ALGM,"Allegro MicroSystems, Inc. - Common Stock",NASDAQ,N,N,ALGM,Active
ALGN,"Align Technology, Inc. - Common Stock",NASDAQ,N,N,ALGN,Active
ALGS,"Aligos Therapeutics, Inc. - Common stock",NASDAQ,N,N,ALGS,Active
ALGT,Allegiant Travel Company - Common Stock,NASDAQ,N,N,ALGT,Active
ALH,Alliance Laundry Holdings Inc. Common Stock,NYSE,N,N,ALH,Active
ALHC,"Alignment Healthcare, Inc. - Common Stock",NASDAQ,N,N,ALHC,Active
ALIS,Calisa Acquisition Corp - Ordinary shares,NASDAQ,N,N,ALIS,Active
ALIT,"Alight, Inc. Class A Common Stock",NYSE,N,N,ALIT,Active
ALK,"Alaska Air Group, Inc. Common Stock",NYSE,N,N,ALK,Active
ALKS,Alkermes plc - Ordinary Shares,NASDAQ,N,N,ALKS,Active
ALKT,"Alkami Technology, Inc. - Common Stock",NASDAQ,N,N,ALKT,Active
ALL,Allstate Corporation (The) Common Stock,NYSE,N,N,ALL,Active
ALLE,Allegion plc Ordinary Shares,NYSE,N,N,ALLE,Active
ALLO,"Allogene Therapeutics, Inc. - Common Stock",NASDAQ,N,N,ALLO,Active
ALLR,"Allarity Therapeutics, Inc. - Common stock",NASDAQ,N,N,ALLR,Active
ALLT,Allot Ltd. - Ordinary Shares,NASDAQ,N,N,ALLT,Active
ALLY,Ally Financial Inc. Common Stock,NYSE,N,N,ALLY,Active
ALM,Almonty Industries Inc. - Common Shares,NASDAQ,N,N,ALM,Active
ALMR,"Alamar Biosciences, Inc. - Class A common stock",NASDAQ,N,N,ALMR,Active
ALMS,Alumis Inc. - Common Stock,NASDAQ,N,N,ALMS,Active
ALMU,"Aeluma, Inc. - Common Stock",NASDAQ,N,N,ALMU,Active
ALNT,Allient Inc. - Common Stock,NASDAQ,N,N,ALNT,Active
ALNY,"Alnylam Pharmaceuticals, Inc. - Common Stock",NASDAQ,N,N,ALNY,Active
ALOT,"AstroNova, Inc. - Common Stock",NASDAQ,N,N,ALOT,Active
ALOV,"Aldabra 4 Liquidity Opportunity Vehicle, Inc. - Class A Ordinary Shares",NASDAQ,N,N,ALOV,Active
ALOVW,"Aldabra 4 Liquidity Opportunity Vehicle, Inc. - Warrants",NASDAQ,N,N,ALOVW,Active
ALOY,REalloys Inc. - Common Stock,NASDAQ,N,N,ALOY,Active
ALP,Alpha Compute Corp  - Common Stock,NASDAQ,N,N,ALP,Active
ALPS,ALPS Group Inc - Ordinary Share,NASDAQ,N,N,ALPS,Active
ALPX,Alpex Acquisition Corporation - Class A Ordinary Shares,NASDAQ,N,N,ALPX,Active
ALPXW,Alpex Acquisition Corporation - Warrants,NASDAQ,N,N,ALPXW,Active
ALRM,"Alarm.com Holdings, Inc. - Common Stock",NASDAQ,N,N,ALRM,Active
ALRS,Alerus Financial Corporation - Common Stock,NASDAQ,N,N,ALRS,Active
ALSN,"Allison Transmission Holdings, Inc. Common Stock",NYSE,N,N,ALSN,Active
ALT,"Altimmune, Inc. - Common Stock",NASDAQ,N,N,ALT,Active
ALTG,Alta Equipment Group Inc. Class A Common Stock,NYSE,N,N,ALTG,Active
ALTI,"AlTi Global, Inc. - Class A Common Stock",NASDAQ,N,N,ALTI,Active
ALTO,"Alto Ingredients, Inc. - Common Stock",NASDAQ,N,N,ALTO,Active
ALUB,Alussa Energy Acquisition Corp. II Class A Ordinary Shares,NYSE,N,N,ALUB,Active
ALV,"Autoliv, Inc. Common Stock",NYSE,N,N,ALV,Active
ALVO,Alvotech - Ordinary Shares,NASDAQ,N,N,ALVO,Active
ALX,"Alexander's, Inc. Common Stock",NYSE,N,N,ALX,Active
ALXO,ALX Oncology Holdings Inc. - Common Stock,NASDAQ,N,N,ALXO,Active
ALZN,"Alzamend Neuro, Inc. - Common Stock",NASDAQ,N,N,ALZN,Active
AM,Antero Midstream Corporation Common Stock,NYSE,N,N,AM,Active
AMAL,Amalgamated Financial Corp. - Common Stock,NASDAQ,N,N,AMAL,Active
AMAN,Amanat Acquisition Corp - Class A Ordinary Shares,NASDAQ,N,N,AMAN,Active
AMAT,"Applied Materials, Inc. - Common Stock",NASDAQ,N,N,AMAT,Active
AMBA,"Ambarella, Inc. - Ordinary Shares",NASDAQ,N,N,AMBA,Active
AMBO,Ambow Education Holding Ltd. American Depository Shares (each representing twenty (20) Class A Ordinary Shares),NYSE American,N,N,AMBO,Active
AMBP,Ardagh Metal Packaging S.A. Ordinary Shares,NYSE,N,N,AMBP,Active
AMBQ,"Ambiq Micro, Inc. Common Stock",NYSE,N,N,AMBQ,Active
AMC,"AMC Entertainment Holdings, Inc. Class A Common Stock",NYSE,N,N,AMC,Active
AMCI,AMC Robotics Corporation - Common Stock,NASDAQ,N,N,AMCI,Active
AMCR,Amcor plc Ordinary Shares,NYSE,N,N,AMCR,Active
AMCX,AMC Global Media Inc. - Class A Common Stock,NASDAQ,N,N,AMCX,Active
AMD,"Advanced Micro Devices, Inc. - Common Stock",NASDAQ,N,N,AMD,Active
AME,"AMETEK, Inc.",NYSE,N,N,AME,Active
AMG,"Affiliated Managers Group, Inc. Common Stock",NYSE,N,N,AMG,Active
AMGN,Amgen Inc. - Common Stock,NASDAQ,N,N,AMGN,Active
AMIX,"Autonomix Medical, Inc. - Common Stock",NASDAQ,N,N,AMIX,Active
AMKR,"Amkor Technology, Inc. - Common Stock",NASDAQ,N,N,AMKR,Active
AMLX,"Amylyx Pharmaceuticals, Inc. - Common Stock",NASDAQ,N,N,AMLX,Active
AMN,AMN Healthcare Services Inc,NYSE,N,N,AMN,Active
AMOD,"Alpha Modus Holdings, Inc. - Class A Common Stock",NASDAQ,N,N,AMOD,Active
AMP,"Ameriprise Financial, Inc. Common Stock",NYSE,N,N,AMP,Active
AMPG,"Amplitech Group, Inc. - Common Stock",NASDAQ,N,N,AMPG,Active
AMPH,"Amphastar Pharmaceuticals, Inc. - Common Stock",NASDAQ,N,N,AMPH,Active
AMPL,"Amplitude, Inc. - Class A Common Stock",NASDAQ,N,N,AMPL,Active
AMPX,"Amprius Technologies, Inc. Common Stock",NYSE,N,N,AMPX,Active
AMPY,Amplify Energy Corp. Common Stock,NYSE,N,N,AMPY,Active
AMR,"Alpha Metallurgical Resources, Inc. Common Stock",NYSE,N,N,AMR,Active
AMRC,"Ameresco, Inc. Class A Common Stock",NYSE,N,N,AMRC,Active
AMRX,"Amneal Pharmaceuticals, Inc. - Class A Common Stock",NASDAQ,N,N,AMRX,Active
AMRZ,Amrize Ltd Ordinary Shares,NYSE,N,N,AMRZ,Active
AMS,American Shared Hospital Services Common Stock,NYSE American,N,N,AMS,Active
AMSC,American Superconductor Corporation - Common Stock,NASDAQ,N,N,AMSC,Active
AMSF,"AMERISAFE, Inc. - Common Stock",NASDAQ,N,N,AMSF,Active
AMSS,AMASS Brands Inc. - Common Stock,NASDAQ,N,N,AMSS,Active
AMST,Amesite Inc. - Common Stock,NASDAQ,N,N,AMST,Active
AMT,American Tower Corporation (REIT) Common Stock,NYSE,N,N,AMT,Active
AMTB,Amerant Bancorp Inc. Class A Common Stock,NYSE,N,N,AMTB,Active
AMTM,"Amentum Holdings, Inc. Common Stock",NYSE,N,N,AMTM,Active
AMTX,"Aemetis, Inc - Common Stock",NASDAQ,N,N,AMTX,Active
AMWL,American Well Corporation Class A Common Stock,NYSE,N,N,AMWL,Active
AMZE,"Amaze Holdings, Inc. Common Stock",NYSE American,N,N,AMZE,Active
AMZN,"Amazon.com, Inc. - Common Stock",NASDAQ,N,N,AMZN,Active
AN,"AutoNation, Inc. Common Stock",NYSE,N,N,AN,Active
ANAB,"AnaptysBio, Inc. - Common Stock",NASDAQ,N,N,ANAB,Active
ANDE,"The Andersons, Inc. - Common Stock",NASDAQ,N,N,ANDE,Active
ANDG,Andersen Group Inc. Class A Common Stock,NYSE,N,N,ANDG,Active
ANET,"Arista Networks, Inc. Common Stock",NYSE,N,N,ANET,Active
ANF,Abercrombie & Fitch Company Common Stock,NYSE,N,N,ANF,Active
ANGH,Anghami Inc. - Ordinary Shares,NASDAQ,N,N,ANGH,Active
ANGHW,Anghami Inc. - Warrants,NASDAQ,N,N,ANGHW,Active
ANGI,Angi Inc. - Class A Common Stock,NASDAQ,N,N,ANGI,Active
ANGO,"AngioDynamics, Inc. - Common Stock",NASDAQ,N,N,ANGO,Active
ANGX,"Angel Studios, Inc. Class A Common Stock",NYSE,N,N,ANGX,Active
ANIK,Anika Therapeutics Inc. - Common Stock,NASDAQ,N,N,ANIK,Active
ANIP,"ANI Pharmaceuticals, Inc. - Common Stock",NASDAQ,N,N,ANIP,Active
ANIX,"Anixa Biosciences, Inc. - Common Stock",NASDAQ,N,N,ANIX,Active
ANNA,"AleAnna, Inc. - Class A Common Stock",NASDAQ,N,N,ANNA,Active
ANNX,"Annexon, Inc. - common stock",NASDAQ,N,N,ANNX,Active
ANPA,Rich Sparkle Holdings Limited - Ordinary Shares,NASDAQ,N,N,ANPA,Active
ANRO,"Alto Neuroscience, Inc. Common Stock",NYSE,N,N,ANRO,Active
ANSC,Agriculture & Natural Solutions Acquisition Corporation - Class A Ordinary Shares,NASDAQ,N,N,ANSC,Active
ANTA,Antalpha Platform Holding Company - Class A Ordinary Shares,NASDAQ,N,N,ANTA,Active
ANTX,"AN2 Therapeutics, Inc. - Common Stock",NASDAQ,N,N,ANTX,Active
ANVS,"Annovis Bio, Inc. Common Stock",NYSE,N,N,ANVS,Active
ANY,Sphere 3D Corp. - Common Shares,NASDAQ,N,N,ANY,Active
AOMR,"Angel Oak Mortgage REIT, Inc. Common Stock",NYSE,N,N,AOMR,Active
AON,Aon plc Class A Ordinary Shares (Ireland),NYSE,N,N,AON,Active
AORT,"Artivion, Inc. Common Stock",NYSE,N,N,AORT,Active
AOS,A.O. Smith Corporation Common Stock,NYSE,N,N,AOS,Active
AOSL,Alpha and Omega Semiconductor Limited - Common Shares,NASDAQ,N,N,AOSL,Active
AOUT,"American Outdoor Brands, Inc. - Common Stock",NASDAQ,N,N,AOUT,Active
AP,Ampco-Pittsburgh Corporation Common Stock,NYSE,N,N,AP,Active
APA,APA Corporation - Common Stock,NASDAQ,N,N,APA,Active
APAC,StoneBridge Acquisition II Corporation - Class A Ordinary Shares,NASDAQ,N,N,APAC,Active
APAM,Artisan Partners Asset Management Inc. Class A Common Stock,NYSE,N,N,APAM,Active
APC,ARKO Petroleum Corp. - Class A Common Stock,NASDAQ,N,N,APC,Active
APD,"Air Products and Chemicals, Inc. Common Stock",NYSE,N,N,APD,Active
APEI,"American Public Education, Inc. - Common Stock",NASDAQ,N,N,APEI,Active
APG,APi Group Corporation Common Stock,NYSE,N,N,APG,Active
APGE,"Apogee Therapeutics, Inc. - Common Stock",NASDAQ,N,N,APGE,Active
APH,Amphenol Corporation Common Stock,NYSE,N,N,APH,Active
API,"Agora, Inc. - ADS",NASDAQ,N,N,API,Active
APLD,Applied Digital Corporation - Common Stock,NASDAQ,N,N,APLD,Active
APLE,"Apple Hospitality REIT, Inc. Common Shares",NYSE,N,N,APLE,Active
APLM,Apollomics Inc. - Class A Ordinary Shares,NASDAQ,N,N,APLM,Active
APMC,AmperCap Acquisition Company - Ordinary Shares,NASDAQ,N,N,APMC,Active
APO,"Apollo Global Management, Inc. (New) Common Stock",NYSE,N,N,APO,Active
APOG,"Apogee Enterprises, Inc. - Common Stock",NASDAQ,N,N,APOG,Active
APP,Applovin Corporation - Class A Common Stock,NASDAQ,N,N,APP,Active
APPF,"AppFolio, Inc. - Class A Common Stock",NASDAQ,N,N,APPF,Active
APPN,Appian Corporation - Class A Common Stock,NASDAQ,N,N,APPN,Active
APPS,"Digital Turbine, Inc. - Common Stock",NASDAQ,N,N,APPS,Active
APRE,"Aprea Therapeutics, Inc. - Common Stock",NASDAQ,N,N,APRE,Active
APT,"Alpha Pro Tech, Ltd. Common Stock",NYSE American,N,N,APT,Active
APTV,Aptiv PLC Ordinary Shares,NYSE,N,N,APTV,Active
APUR,Aperture AC - Class A Ordinary Shares,NASDAQ,N,N,APUR,Active
APUS,"Apimeds Pharmaceuticals US, Inc. Common Stock",NYSE American,N,N,APUS,Active
APVO,Aptevo Therapeutics Inc. - Common Stock,NASDAQ,N,N,APVO,Active
APWC,"Asia Pacific Wire & Cable Corporation Limited  - Common shares, Par value .01 per share",NASDAQ,N,N,APWC,Active
APXT,Apex Treasury Corporation - Class A Ordinary Share,NASDAQ,N,N,APXT,Active
APXTW,Apex Treasury Corporation - Warrants,NASDAQ,N,N,APXTW,Active
APYX,Apyx Medical Corporation - Common Stock,NASDAQ,N,N,APYX,Active
AQB,"AquaBounty Technologies, Inc. - Common Stock",NASDAQ,N,N,AQB,Active
AQMS,"Aqua Metals, Inc. - Common Stock",NASDAQ,N,N,AQMS,Active
AQN,Algonquin Power & Utilities Corp. Common Shares,NYSE,N,N,AQN,Active
AQST,"Aquestive Therapeutics, Inc. - Common Stock",NASDAQ,N,N,AQST,Active
AR,Antero Resources Corporation Common Stock,NYSE,N,N,AR,Active
ARAI,Arrive AI Inc. - Common Stock,NASDAQ,N,N,ARAI,Active
ARAY,Accuray Incorporated - Common Stock,NASDAQ,N,N,ARAY,Active
ARBB,ARB IOT Group Limited - Ordinary Shares,NASDAQ,N,N,ARBB,Active
ARBE,Arbe Robotics Ltd. - Ordinary Shares,NASDAQ,N,N,ARBE,Active
ARCB,ArcBest Corporation - Common Stock,NASDAQ,N,N,ARCB,Active
ARCI,Archimedes Tech SPAC Partners III Co. - Ordinary Share,NASDAQ,N,N,ARCI,Active
ARCL,ARC Group Acquisition I Corp - Class A Ordinary Shares,NASDAQ,N,N,ARCL,Active
ARCLW,ARC Group Acquisition I Corp - Warrants,NASDAQ,N,N,ARCLW,Active
ARCO,Arcos Dorados Holdings Inc. Class A Shares,NYSE,N,N,ARCO,Active
ARCT,Arcturus Therapeutics Holdings Inc. - Common Stock,NASDAQ,N,N,ARCT,Active
ARDT,"Ardent Health, Inc. Common Stock",NYSE,N,N,ARDT,Active
ARDX,"Ardelyx, Inc. - Common Stock",NASDAQ,N,N,ARDX,Active
ARE,"Alexandria Real Estate Equities, Inc. Common Stock",NYSE,N,N,ARE,Active
AREC,American Resources Corporation - Class A Common Stock,NASDAQ,N,N,AREC,Active
AREN,"The Arena Group Holdings, Inc. Common Stock",NYSE American,N,N,AREN,Active
ARES,Ares Management Corporation Class A Common Stock,NYSE,N,N,ARES,Active
ARHS,"Arhaus, Inc. - Class A Common Stock",NASDAQ,N,N,ARHS,Active
ARI,"Apollo Commercial Real Estate Finance, Inc",NYSE,N,N,ARI,Active
ARIS,Aris Mining Corporation Common Shares,NYSE,N,N,ARIS,Active
ARKO,ARKO Corp. - Common Stock,NASDAQ,N,N,ARKO,Active
ARKR,Ark Restaurants Corp. - Common Stock,NASDAQ,N,N,ARKR,Active
ARL,"American Realty Investors, Inc. Common Stock",NYSE,N,N,ARL,Active
ARLO,"Arlo Technologies, Inc. Common Stock",NYSE,N,N,ARLO,Active
ARMK,Aramark Common Stock,NYSE,N,N,ARMK,Active
ARMP,"Armata Pharmaceuticals, Inc. Common Stock",NYSE American,N,N,ARMP,Active
AROC,"Archrock, Inc. Common Stock",NYSE,N,N,AROC,Active
AROW,Arrow Financial Corporation - Common Stock,NASDAQ,N,N,AROW,Active
ARQ,"Arq, Inc. - Common Stock",NASDAQ,N,N,ARQ,Active
ARQQ,Arqit Quantum Inc. - Ordinary Shares,NASDAQ,N,N,ARQQ,Active
ARQQW,Arqit Quantum Inc. - Warrants,NASDAQ,N,N,ARQQW,Active
ARQT,"Arcutis Biotherapeutics, Inc. - Common stock",NASDAQ,N,N,ARQT,Active
ARR,"ARMOUR Residential REIT, Inc.",NYSE,N,N,ARR,Active
ARRY,"Array Technologies, Inc. - Common Stock",NASDAQ,N,N,ARRY,Active
ARTC,Art Technology Acquisition Corp. - Class A Ordinary Shares,NASDAQ,N,N,ARTC,Active
ARTCW,Art Technology Acquisition Corp. - Warrants,NASDAQ,N,N,ARTCW,Active
ARTL,"Artelo Biosciences, Inc. - Common Stock",NASDAQ,N,N,ARTL,Active
ARTNA,Artesian Resources Corporation - Class A Non-Voting Common Stock,NASDAQ,N,N,ARTNA,Active
ARTV,"Artiva Biotherapeutics, Inc. - Common Stock",NASDAQ,N,N,ARTV,Active
ARTW,"Art's-Way Manufacturing Co., Inc. - Common Stock",NASDAQ,N,N,ARTW,Active
ARVN,"Arvinas, Inc. - Common Stock",NASDAQ,N,N,ARVN,Active
ARW,"Arrow Electronics, Inc. Common Stock",NYSE,N,N,ARW,Active
ARWR,"Arrowhead Pharmaceuticals, Inc. - Common Stock",NASDAQ,N,N,ARWR,Active
ARX,Accelerant Holdings Class A Common Shares,NYSE,N,N,ARX,Active
ARXS,"Arxis, Inc. - Class A Common Stock",NASDAQ,N,N,ARXS,Active
AS,"Amer Sports, Inc. Ordinary Shares",NYSE,N,N,AS,Active
ASA,ASA  Gold and Precious Metals Limited,NYSE,N,N,ASA,Active
ASAN,"Asana, Inc. Class A Common Stock",NYSE,N,N,ASAN,Active
ASB,Associated Banc-Corp Common Stock,NYSE,N,N,ASB,Active
ASBP,"Aspire Biopharma Holdings, Inc.  - Common Stock",NASDAQ,N,N,ASBP,Active
ASC,Ardmore Shipping Corporation Common Stock,NYSE,N,N,ASC,Active
ASH,Ashland Inc. Common Stock,NYSE,N,N,ASH,Active
ASIC,Ategrity Specialty Insurance Company Holdings Common Stock,NYSE,N,N,ASIC,Active
ASIX,AdvanSix Inc. Common Stock ,NYSE,N,N,ASIX,Active
ASLE,AerSale Corporation - Common Stock,NASDAQ,N,N,ASLE,Active
ASM,Avino Silver & Gold Mines Ltd. Common Shares (Canada),NYSE American,N,N,ASM,Active
ASMB,"Assembly Biosciences, Inc. - Common Stock",NASDAQ,N,N,ASMB,Active
ASML,ASML Holding N.V. - New York Registry Shares,NASDAQ,N,N,ASML,Active
ASND,Ascendis Pharma A/S - Ordinary Share,NASDAQ,N,N,ASND,Active
ASO,"Academy Sports and Outdoors, Inc. - Common Stock",NASDAQ,N,N,ASO,Active
ASPC,A SPAC III Acquisition Corp. - Class A Ordinary Shares,NASDAQ,N,N,ASPC,Active
ASPI,ASP Isotopes Inc. - Common Stock,NASDAQ,N,N,ASPI,Active
ASPN,"Aspen Aerogels, Inc. Common Stock",NYSE,N,N,ASPN,Active
ASPS,Altisource Portfolio Solutions S.A. - Common Stock,NASDAQ,N,N,ASPS,Active
ASPSW,Altisource Portfolio Solutions S.A. - Net Settle Stakeholder Warrants,NASDAQ,N,N,ASPSW,Active
ASPSZ,Altisource Portfolio Solutions S.A. - Cash Exercise Stakeholder Warrants,NASDAQ,N,N,ASPSZ,Active
ASR,"Grupo Aeroportuario del Sureste, S.A. de C.V. Common Stock",NYSE,N,N,ASR,Active
ASRV,AmeriServ Financial Inc. - Common Stock,NASDAQ,N,N,ASRV,Active
ASST,"Strive, Inc. - Class A Common Stock",NASDAQ,N,N,ASST,Active
ASTC,Astrotech Corporation - Common Stock,NASDAQ,N,N,ASTC,Active
ASTE,"Astec Industries, Inc. - Common Stock",NASDAQ,N,N,ASTE,Active
ASTH,Astrana Health Inc. - Common Stock,NASDAQ,N,N,ASTH,Active
ASTI,"Ascent Solar Technologies, Inc - Common Stock",NASDAQ,N,N,ASTI,Active
ASTL,Algoma Steel Group Inc. - Common Shares,NASDAQ,N,N,ASTL,Active
ASTS,"AST SpaceMobile, Inc. - Class A Common Stock",NASDAQ,N,N,ASTS,Active
ASUR,Asure Software Inc - Common Stock,NASDAQ,N,N,ASUR,Active
ASYS,"Amtech Systems, Inc. - Common Stock",NASDAQ,N,N,ASYS,Active
ATAI,AtaiBeckley Inc. - Common Stock,NASDAQ,N,N,ATAI,Active
ATCH,"AtlasClear Holdings, Inc. Common Stock",NYSE American,N,N,ATCH,Active
ATCX,Atlas Critical Minerals Corporation - Common Stock,NASDAQ,N,N,ATCX,Active
ATEC,"Alphatec Holdings, Inc. - Common Stock",NASDAQ,N,N,ATEC,Active
ATEN,"A10 Networks, Inc. Common Stock",NYSE,N,N,ATEN,Active
ATER,"Aterian, Inc. - Common Stock",NASDAQ,N,N,ATER,Active
ATEX,Anterix Inc. - Common Stock,NASDAQ,N,N,ATEX,Active
ATGL,Alpha Technology Group Limited - Class A Ordinary Shares,NASDAQ,N,N,ATGL,Active
ATHR,"Aether Holdings, Inc. - Common Stock",NASDAQ,N,N,ATHR,Active
ATHS,Athene Holding Ltd. 7.250% Fixed-Rate Reset Junior Subordinated Debentures due 2064,NYSE,N,N,ATHS,Active
ATI,ATI Inc. Common Stock,NYSE,N,N,ATI,Active
ATII,Archimedes Tech SPAC Partners II Co. - Ordinary Shares,NASDAQ,N,N,ATII,Active
ATKR,Atkore Inc. Common Stock,NYSE,N,N,ATKR,Active
ATLC,Atlanticus Holdings Corporation - Common Stock,NASDAQ,N,N,ATLC,Active
ATLO,Ames National Corporation - Common Stock,NASDAQ,N,N,ATLO,Active
ATLX,Atlas Lithium Corporation - Common Stock,NASDAQ,N,N,ATLX,Active
ATMU,Atmus Filtration Technologies Inc. Common Stock,NYSE,N,N,ATMU,Active
ATNI,"ATN International, Inc. - Common Stock",NASDAQ,N,N,ATNI,Active
ATNM,"Actinium Pharmaceuticals, Inc. (Delaware) Common Stock",NYSE American,N,N,ATNM,Active
ATO,Atmos Energy Corporation Common Stock,NYSE,N,N,ATO,Active
ATOM,Atomera Incorporated - Common Stock,NASDAQ,N,N,ATOM,Active
ATOS,"Atossa Therapeutics, Inc. - Common Stock",NASDAQ,N,N,ATOS,Active
ATPC,Agape ATP Corporation - Common Stock,NASDAQ,N,N,ATPC,Active
ATR,"AptarGroup, Inc. Common Stock",NYSE,N,N,ATR,Active
ATRA,"Atara Biotherapeutics, Inc. - Common Stock",NASDAQ,N,N,ATRA,Active
ATRC,"AtriCure, Inc. - Common Stock",NASDAQ,N,N,ATRC,Active
ATRO,Astronics Corporation - Common Stock,NASDAQ,N,N,ATRO,Active
ATS,ATS Corporation Common Shares,NYSE,N,N,ATS,Active
ATXG,Addentax Group Corp. - Common Stock,NASDAQ,N,N,ATXG,Active
ATYR,"aTyr Pharma, Inc. - Common Stock",NASDAQ,N,N,ATYR,Active
AU,AngloGold Ashanti PLC Ordinary Shares,NYSE,N,N,AU,Active
AUB,Atlantic Union Bankshares Corporation Common Stock,NYSE,N,N,AUB,Active
AUBN,"Auburn National Bancorporation, Inc. - Common Stock",NASDAQ,N,N,AUBN,Active
AUC,ATIF Holdings Limited - Ordinary Shares,NASDAQ,N,N,AUC,Active
AUDC,AudioCodes Ltd. - Ordinary Shares,NASDAQ,N,N,AUDC,Active
AUGO,Aura Minerals Inc. - Common Shares,NASDAQ,N,N,AUGO,Active
AUID,authID Inc. - Common Stock,NASDAQ,N,N,AUID,Active
AUNA,Auna SA Class A Ordinary Shares,NYSE,N,N,AUNA,Active
AUPH,Aurinia Pharmaceuticals Inc - Common Shares,NASDAQ,N,N,AUPH,Active
AUR,"Aurora Innovation, Inc.  - Class A Common Stock",NASDAQ,N,N,AUR,Active
AURA,"Aura Biosciences, Inc. - Common Stock",NASDAQ,N,N,AURA,Active
AURE,Aurelion Inc.  - Class A Ordinary Shares,NASDAQ,N,N,AURE,Active
AUST,Austin Gold Corp. Common Shares,NYSE American,N,N,AUST,Active
AUUD,Auddia Inc. - Common Stock,NASDAQ,N,N,AUUD,Active
AVA,Avista Corporation Common Stock,NYSE,N,N,AVA,Active
AVAH,Aveanna Healthcare Holdings Inc. - Common Stock,NASDAQ,N,N,AVAH,Active
AVAT,Avalanche Treasury Corporation - Class A Common Stock,NASDAQ,N,N,AVAT,Active
AVAV,"AeroVironment, Inc. - Common Stock",NASDAQ,N,N,AVAV,Active
AVB,"AvalonBay Communities, Inc. Common Stock",NYSE,N,N,AVB,Active
AVBC,"Avidia Bancorp, Inc. Common Stock",NYSE,N,N,AVBC,Active
AVBH,"Avidbank Holdings, Inc. - Common Stock",NASDAQ,N,N,AVBH,Active
AVBP,"ArriVent BioPharma, Inc. - Common Stock",NASDAQ,N,N,AVBP,Active
AVD,American Vanguard Corporation Common Stock ($0.10 Par Value),NYSE,N,N,AVD,Active
AVEX,AEVEX Corp. Class A Common Stock,NYSE,N,N,AVEX,Active
AVGO,Broadcom Inc. - Common Stock,NASDAQ,N,N,AVGO,Active
AVIR,"Atea Pharmaceuticals, Inc. - common stock",NASDAQ,N,N,AVIR,Active
AVLN,Avalyn Pharma Inc. - common stock,NASDAQ,N,N,AVLN,Active
AVNS,"Avanos Medical, Inc. Common Stock",NYSE,N,N,AVNS,Active
AVNT,Avient Corporation Common Stock,NYSE,N,N,AVNT,Active
AVNW,"Aviat Networks, Inc. - Common Stock",NASDAQ,N,N,AVNW,Active
AVO,"Mission Produce, Inc. - Common Stock",NASDAQ,N,N,AVO,Active
AVPT,"AvePoint, Inc. - Class A Common Stock",NASDAQ,N,N,AVPT,Active
AVR,Anteris Technologies Global Corp. - Common Stock,NASDAQ,N,N,AVR,Active
AVT,"Avnet, Inc. - Common Stock",NASDAQ,N,N,AVT,Active
AVTR,"Avantor, Inc. Common Stock",NYSE,N,N,AVTR,Active
AVTX,"Avalo Therapeutics, Inc. - Common Stock",NASDAQ,N,N,AVTX,Active
AVX,Avax One Technology Ltd. - Common Shares,NASDAQ,N,N,AVX,Active
AVXL,Anavex Life Sciences Corp. - Common Stock,NASDAQ,N,N,AVXL,Active
AVY,Avery Dennison Corporation Common Stock,NYSE,N,N,AVY,Active
AWI,Armstrong World Industries Inc Common Stock,NYSE,N,N,AWI,Active
AWK,"American Water Works Company, Inc. Common Stock",NYSE,N,N,AWK,Active
AWR,American States Water Company Common Stock,NYSE,N,N,AWR,Active
AWRE,"Aware, Inc. - Common Stock",NASDAQ,N,N,AWRE,Active
AWX,Avalon Holdings Corporation Common Stock,NYSE American,N,N,AWX,Active
AX,"Axos Financial, Inc. Common Stock",NYSE,N,N,AX,Active
AXG,Solowin Holdings - Class A Ordinary Share,NASDAQ,N,N,AXG,Active
AXGN,"Axogen, Inc. - Common Stock",NASDAQ,N,N,AXGN,Active
AXIL,"AXIL Brands, Inc. Common Stock",NYSE American,N,N,AXIL,Active
AXIN,Axiom Intelligence Acquisition Corp 1 - Class A Ordinary Shares,NASDAQ,N,N,AXIN,Active
AXON,"Axon Enterprise, Inc. - Common Stock",NASDAQ,N,N,AXON,Active
AXP,American Express Company Common Stock,NYSE,N,N,AXP,Active
AXR,AMREP Corporation Common Stock,NYSE,N,N,AXR,Active
AXS,Axis Capital Holdings Limited Common Stock,NYSE,N,N,AXS,Active
AXSM,"Axsome Therapeutics, Inc. - Common Stock",NASDAQ,N,N,AXSM,Active
AXTA,Axalta Coating Systems Ltd. Common Shares,NYSE,N,N,AXTA,Active
AXTI,AXT Inc - Common Stock,NASDAQ,N,N,AXTI,Active
AYA,Aya Gold & Silver Inc. - Common Shares,NASDAQ,N,N,AYA,Active
AYI,Acuity Inc. Common Stock,NYSE,N,N,AYI,Active
AYTU,"Aytu BioPharma, Inc.  - Common Stock",NASDAQ,N,N,AYTU,Active
AZ,A2Z Cust2Mate Solutions Corp. - Common Shares,NASDAQ,N,N,AZ,Active
AZI,Autozi Internet Technology (Global) Ltd. - Class A Ordinary Shares,NASDAQ,N,N,AZI,Active
AZIO,"Azio AI Holdings, Inc. - Common stock",NASDAQ,N,N,AZIO,Active
AZN,AstraZeneca PLC Ordinary Shares,NYSE,N,N,AZN,Active
AZO,"AutoZone, Inc. Common Stock",NYSE,N,N,AZO,Active
AZTA,"Azenta, Inc. - Common Stock",NASDAQ,N,N,AZTA,Active
AZTR,Azitra Inc Common Stock,NYSE American,N,N,AZTR,Active
AZZ,AZZ Inc.,NYSE,N,N,AZZ,Active
B,Barrick Mining Corporation Common Shares,NYSE,N,N,B,Active
BA,Boeing Company (The) Common Stock,NYSE,N,N,BA,Active
BAC,Bank of America Corporation Common Stock,NYSE,N,N,BAC,Active
BACC,Blue Acquisition Corp. - Class A Ordinary Shares,NASDAQ,N,N,BACC,Active
BAER,"Bridger Aerospace Group Holdings, Inc. - Common Stock",NASDAQ,N,N,BAER,Active
BAFN,BayFirst Financial Corp. - Common Stock,NASDAQ,N,N,BAFN,Active
BAH,Booz Allen Hamilton Holding Corporation Common Stock,NYSE,N,N,BAH,Active
BAK,Braskem SA ADR,NYSE,N,N,BAK,Active
BALL,Ball Corporation Common Stock,NYSE,N,N,BALL,Active
BALY,Bally's Corporation Common Stock,NYSE,N,N,BALY,Active
BAM,Brookfield Asset Management Inc Class A Limited Voting Shares,NYSE,N,N,BAM,Active
BANC,"Banc of California, Inc. Common Stock",NYSE,N,N,BANC,Active
BAND,Bandwidth Inc. - Class A Common Stock,NASDAQ,N,N,BAND,Active
BANF,BancFirst Corporation - Common Stock,NASDAQ,N,N,BANF,Active
BANL,CBL International Limited - Class B Ordinary Shares,NASDAQ,N,N,BANL,Active
BANR,Banner Corporation - Common Stock,NASDAQ,N,N,BANR,Active
BAOS,Baosheng Media Group Holdings Limited - Ordinary shares,NASDAQ,N,N,BAOS,Active
BAP,Credicorp Ltd. Common Stock,NYSE,N,N,BAP,Active
BARK,"BARK, Inc. Class A Common Stock",NYSE,N,N,BARK,Active
BATL,Battalion Oil Corporation Common Stock,NYSE American,N,N,BATL,Active
BATRA,"Atlanta Braves Holdings, Inc. - Series A Common Stock",NASDAQ,N,N,BATRA,Active
BATRK,"Atlanta Braves Holdings, Inc. - Series C Common Stock",NASDAQ,N,N,BATRK,Active
BAX,Baxter International Inc. Common Stock,NYSE,N,N,BAX,Active
BB,BlackBerry Limited Common Stock,NYSE,N,N,BB,Active
BBAI,"BigBear.ai, Inc. Common Stock",NYSE,N,N,BBAI,Active
BBAR,Banco BBVA Argentina S.A. ADS,NYSE,N,N,BBAR,Active
BBBY,"Bed Bath & Beyond, Inc. Common Stock",NYSE,N,N,BBBY,Active
BBCP,"Concrete Pumping Holdings, Inc.  - Common Stock",NASDAQ,N,N,BBCP,Active
BBCQ,Bleichroeder Acquisition Corp. II - Class A Ordinary Shares,NASDAQ,N,N,BBCQ,Active
BBCQW,Bleichroeder Acquisition Corp. II - Warrants,NASDAQ,N,N,BBCQW,Active
BBDC,"Barings BDC, Inc. Common Stock",NYSE,N,N,BBDC,Active
BBGI,"Beasley Broadcast Group, Inc. - Class A Common Stock",NASDAQ,N,N,BBGI,Active
BBIO,"BridgeBio Pharma, Inc. - Common Stock",NASDAQ,N,N,BBIO,Active
BBLG,Bone Biologics Corp - Common Stock,NASDAQ,N,N,BBLG,Active
BBLGW,Bone Biologics Corp - warrants,NASDAQ,N,N,BBLGW,Active
BBNX,"Beta Bionics, Inc. - Common Stock",NASDAQ,N,N,BBNX,Active
BBOT,"BridgeBio Oncology Therapeutics, Inc. - Common Stock",NASDAQ,N,N,BBOT,Active
BBSI,"Barrett Business Services, Inc. - Common Stock",NASDAQ,N,N,BBSI,Active
BBT,Beacon Financial Corporation Common stock,NYSE,N,N,BBT,Active
BBUC,Brookfield Business Corporation Class A Subordinate Voting Shares,NYSE,N,N,BBUC,Active
BBVA,Banco Bilbao Vizcaya Argentaria S.A. Common Stock,NYSE,N,N,BBVA,Active
BBW,"Build-A-Bear Workshop, Inc. Common Stock",NYSE,N,N,BBW,Active
BBWI,"Bath & Body Works, Inc.",NYSE,N,N,BBWI,Active
BBY,"Best Buy Co., Inc. Common Stock",NYSE,N,N,BBY,Active
BC,Brunswick Corporation Common Stock,NYSE,N,N,BC,Active
BCAB,"BioAtla, Inc. - Common Stock",NASDAQ,N,N,BCAB,Active
BCAL,California BanCorp - Common Stock,NASDAQ,N,N,BCAL,Active
BCAR,D. Boral ARC Acquisition I Corp. - Class A Ordinary Shares,NASDAQ,N,N,BCAR,Active
BCAX,Bicara Therapeutics Inc. - Common Stock,NASDAQ,N,N,BCAX,Active
BCBP,"BCB Bancorp, Inc. (NJ) - Common Stock",NASDAQ,N,N,BCBP,Active
BCC,"Boise Cascade, L.L.C. Common Stock",NYSE,N,N,BCC,Active
BCDA,"BioCardia, Inc. - Common Stock",NASDAQ,N,N,BCDA,Active
BCE,"BCE, Inc. Common Stock",NYSE,N,N,BCE,Active
BCG,"Binah Capital Group, Inc. - Common Stock",NASDAQ,N,N,BCG,Active
BCGWW,"Binah Capital Group, Inc. - Warrants",NASDAQ,N,N,BCGWW,Active
BCH,Banco De Chile ADS,NYSE,N,N,BCH,Active
BCHT,Birchtech Corp. Common Stock,NYSE American,N,N,BCHT,Active
BCML,BayCom Corp - Common Stock,NASDAQ,N,N,BCML,Active
BCO,Brinks Company (The) Common Stock,NYSE,N,N,BCO,Active
BCPC,Balchem Corporation - Common Stock,NASDAQ,N,N,BCPC,Active
BCRX,"BioCryst Pharmaceuticals, Inc. - Common Stock",NASDAQ,N,N,BCRX,Active
BCS,Barclays PLC Common Stock,NYSE,N,N,BCS,Active
BCSF,"Bain Capital Specialty Finance, Inc. Common Stock",NYSE,N,N,BCSF,Active
BCSS,Bain Capital GSS Investment Corp. Class A Ordinary Shares,NYSE,N,N,BCSS,Active
BCTX,BriaCell Therapeutics Corp. - Common Shares,NASDAQ,N,N,BCTX,Active
BCTXL,BriaCell Therapeutics Corp. - Warrants,NASDAQ,N,N,BCTXL,Active
BDC,Belden Inc Common Stock,NYSE,N,N,BDC,Active
BDCI,BTC Development Corp. - Class A Ordinary Shares,NASDAQ,N,N,BDCI,Active
BDJ,Blackrock Enhanced Equity Dividend Trust,NYSE,N,N,BDJ,Active
BDL,"Flanigan's Enterprises, Inc. Common Stock",NYSE American,N,N,BDL,Active
BDMD,Baird Medical Investment Holdings Ltd - Ordinary Share,NASDAQ,N,N,BDMD,Active
BDN,Brandywine Realty Trust Common Stock,NYSE,N,N,BDN,Active
BDSX,"Biodesix, Inc. - Common Stock",NASDAQ,N,N,BDSX,Active
BDTX,"Black Diamond Therapeutics, Inc. - Common Stock",NASDAQ,N,N,BDTX,Active
BDX,"Becton, Dickinson and Company Common Stock",NYSE,N,N,BDX,Active
BE,Bloom Energy Corporation Class A Common Stock,NYSE,N,N,BE,Active
BEAG,Bold Eagle Acquisition Corp. - Class A Ordinary Shares,NASDAQ,N,N,BEAG,Active
BEAM,Beam Therapeutics Inc. - Common Stock,NASDAQ,N,N,BEAM,Active
BEAT,"Heartbeam, Inc. - Common Stock",NASDAQ,N,N,BEAT,Active
BEBE,TGE Value Creative Solutions Corp Class A Ordinary Shares,NYSE,N,N,BEBE,Active
BEEM,Beam Global - Common Stock,NASDAQ,N,N,BEEM,Active
BEEP,Mobile Infrastructure Corporation - Common Stock,NASDAQ,N,N,BEEP,Active
BELFA,Bel Fuse Inc. - Class A Common Stock,NASDAQ,N,N,BELFA,Active
BELFB,Bel Fuse Inc. - Class B Common Stock,NASDAQ,N,N,BELFB,Active
BEN,"Franklin Resources, Inc. Common Stock",NYSE,N,N,BEN,Active
BENF,Beneficient - Class A Common Stock,NASDAQ,N,N,BENF,Active
BEPC,Brookfield Renewable Corporation Brookfield Renewable Corporation Class A Subordinate Voting Shares,NYSE,N,N,BEPC,Active
BESS,Bimergen Energy Corporation Common Stock,NYSE American,N,N,BESS,Active
BETA,"Beta Technologies, Inc. Class A Common Stock",NYSE,N,N,BETA,Active
BETR,Better Home & Finance Holding Company - Class A Common Stock,NASDAQ,N,N,BETR,Active
BFAM,Bright Horizons Family Solutions Inc. Common Stock,NYSE,N,N,BFAM,Active
BFC,Bank First Corporation - Common Stock,NASDAQ,N,N,BFC,Active
BFH,"Bread Financial Holdings, Inc. Common Stock",NYSE,N,N,BFH,Active
BFLY,"Butterfly Network, Inc. Class A Common Stock",NYSE,N,N,BFLY,Active
BFRG,"Bullfrog AI Holdings, Inc. - Common Stock",NASDAQ,N,N,BFRG,Active
BFRGW,"Bullfrog AI Holdings, Inc. - Warrants",NASDAQ,N,N,BFRGW,Active
BFRI,Biofrontera Inc. - Common Stock,NASDAQ,N,N,BFRI,Active
BFRIW,Biofrontera Inc. - Warrants,NASDAQ,N,N,BFRIW,Active
BFS,"Saul Centers, Inc. Common Stock",NYSE,N,N,BFS,Active
BFST,"Business First Bancshares, Inc. - Common Stock",NASDAQ,N,N,BFST,Active
BG,Bunge Limited Common Shares,NYSE,N,N,BG,Active
BGC,"BGC Group, Inc. - Class A Common Stock",NASDAQ,N,N,BGC,Active
BGDE,"Big Digital Energy, Inc. - Common Stock",NASDAQ,N,N,BGDE,Active
BGI,Birks Group Inc. Common Stock,NYSE American,N,N,BGI,Active
BGIN,Bgin Blockchain Limited - Class A Ordinary Shares,NASDAQ,N,N,BGIN,Active
BGL,Blue Gold Limited - Class A ordinary shares,NASDAQ,N,N,BGL,Active
BGLC,BioNexus Gene Lab Corp - Common stock,NASDAQ,N,N,BGLC,Active
BGM,BGM Group Ltd. - Class A Ordinary Shares,NASDAQ,N,N,BGM,Active
BGMS,"Bio Green Med Solution, Inc. - Common Stock",NASDAQ,N,N,BGMS,Active
BGR,BlackRock Energy and Resources Trust,NYSE,N,N,BGR,Active
BGS,"B&G Foods, Inc. Common Stock",NYSE,N,N,BGS,Active
BGSF,"BGSF, Inc. Common Stock",NYSE,N,N,BGSF,Active
BGSI,Boyd Group Services Inc. Common Shares,NYSE,N,N,BGSI,Active
BGT,BlackRock Floating Rate Income Trust,NYSE,N,N,BGT,Active
BGY,Blackrock Enhanced International Dividend Trust,NYSE,N,N,BGY,Active
BH,Biglari Holdings Inc. Class B Common Stock,NYSE,N,N,BH,Active
BHAV,BHAV Acquisition Corp - Class A Ordinary Shares,NASDAQ,N,N,BHAV,Active
BHB,"Bar Harbor Bankshares, Inc. Common Stock",NYSE American,N,N,BHB,Active
BHC,Bausch Health Companies Inc. Common Stock,NYSE,N,N,BHC,Active
BHE,"Benchmark Electronics, Inc. Common Stock",NYSE,N,N,BHE,Active
BHF,"Brighthouse Financial, Inc. - Common Stock",NASDAQ,N,N,BHF,Active
BHFAL,"Brighthouse Financial, Inc. - Junior Subordinated Debentures due 2058",NASDAQ,N,N,BHFAL,Active
BHM,"Bluerock Homes Trust, Inc. Class A Common Stock",NYSE American,N,N,BHM,Active
BHR,Braemar Hotels & Resorts Inc. Common Stock,NYSE,N,N,BHR,Active
BHRB,Burke & Herbert Financial Services Corp. - Common Stock,NASDAQ,N,N,BHRB,Active
BHST,BioHarvest Sciences Inc. - Common Stock,NASDAQ,N,N,BHST,Active
BHVN,Biohaven Ltd. Common Shares ,NYSE,N,N,BHVN,Active
BIAF,"bioAffinity Technologies, Inc. - Common Stock",NASDAQ,N,N,BIAF,Active
BID,Tribeca Strategic Acquisition Corp. - Class A Ordinary Shares,NASDAQ,N,N,BID,Active
BIIB,Biogen Inc. - Common Stock,NASDAQ,N,N,BIIB,Active
BIII,Black Spade Acquisition III Co Class A Ordinary Shares,NYSE,N,N,BIII,Active
BILL,"BILL Holdings, Inc. Common Stock",NYSE,N,N,BILL,Active
BIO,"Bio-Rad Laboratories, Inc. Class A Common Stock",NYSE,N,N,BIO,Active
BIOA,"BioAge Labs, Inc. - Common Stock",NASDAQ,N,N,BIOA,Active
BIOT,Instinct Bio Technical Company Holdings Inc. - Common stock,NASDAQ,N,N,BIOT,Active
BIOTW,Instinct Bio Technical Company Holdings Inc. - Warrants,NASDAQ,N,N,BIOTW,Active
BIOX,Bioceres Crop Solutions Corp. - Ordinary Shares,NASDAQ,N,N,BIOX,Active
BIPC,Brookfield Infrastructure Corporation Brookfield Infrastructure Corporation,NYSE,N,N,BIPC,Active
BIRD,"Smartbird, Inc. - Class A Common Stock",NASDAQ,N,N,BIRD,Active
BIRK,Birkenstock Holding plc Ordinary Shares,NYSE,N,N,BIRK,Active
BIVI,BioVie Inc. - Common stock,NASDAQ,N,N,BIVI,Active
BIXI,Bitcoin Infrastructure Acquisition Corp Ltd. - Class A Ordinary Shares,NASDAQ,N,N,BIXI,Active
BIXIW,Bitcoin Infrastructure Acquisition Corp Ltd. - Warrants,NASDAQ,N,N,BIXIW,Active
BIYA,Baiya International Group Inc.  - Ordinary Shares,NASDAQ,N,N,BIYA,Active
BJ,"BJ's Wholesale Club Holdings, Inc. Common Stock",NYSE,N,N,BJ,Active
BJDX,"Bluejay Diagnostics, Inc. - Common Stock",NASDAQ,N,N,BJDX,Active
BJRI,"BJ's Restaurants, Inc. - Common Stock",NASDAQ,N,N,BJRI,Active
BKD,Brookdale Senior Living Inc. Common Stock,NYSE,N,N,BKD,Active
BKE,"Buckle, Inc. (The) Common Stock",NYSE,N,N,BKE,Active
BKH,Black Hills Corporation Common Stock,NYSE,N,N,BKH,Active
BKHA,Black Hawk Acquisition Corporation - Class A Ordinary Shares,NASDAQ,N,N,BKHA,Active
BKKT,"Bakkt, Inc. Class A Common Stock",NYSE,N,N,BKKT,Active
BKNG,Booking Holdings Inc. - Common Stock,NASDAQ,N,N,BKNG,Active
BKR,Baker Hughes Company - Common Stock,NASDAQ,N,N,BKR,Active
BKSY,BlackSky Technology Inc. Class A Common Stock,NYSE,N,N,BKSY,Active
BKT,BlackRock Income Trust Inc. (The),NYSE,N,N,BKT,Active
BKTI,BK Technologies Corporation Common Stock,NYSE American,N,N,BKTI,Active
BKU,"BankUnited, Inc. Common Stock",NYSE,N,N,BKU,Active
BKV,BKV Corporation Common Stock,NYSE,N,N,BKV,Active
BKYI,"BIO-key International, Inc. - Common Stock",NASDAQ,N,N,BKYI,Active
BL,"BlackLine, Inc. - Common Stock",NASDAQ,N,N,BL,Active
BLBD,Blue Bird Corporation - Common Stock,NASDAQ,N,N,BLBD,Active
BLCO,Bausch + Lomb Corporation Common Shares,NYSE,N,N,BLCO,Active
BLDP,"Ballard Power Systems, Inc. - Common Shares",NASDAQ,N,N,BLDP,Active
BLDR,"Builders FirstSource, Inc. Common Stock",NYSE,N,N,BLDR,Active
BLFS,"BioLife Solutions, Inc. - Common Stock",NASDAQ,N,N,BLFS,Active
BLIN,"Bridgeline Digital, Inc. - Common Stock",NASDAQ,N,N,BLIN,Active
BLIV,BeLive Holdings - ordinary shares,NASDAQ,N,N,BLIV,Active
BLK,"BlackRock, Inc. Common Stock",NYSE,N,N,BLK,Active
BLKB,"Blackbaud, Inc. - Common Stock",NASDAQ,N,N,BLKB,Active
BLLN,"BillionToOne, Inc. - Class A common stock",NASDAQ,N,N,BLLN,Active
BLMN,"Bloomin' Brands, Inc. - Common Stock",NASDAQ,N,N,BLMN,Active
BLND,"Blend Labs, Inc. Class A Common Stock",NYSE,N,N,BLND,Active
BLNE,"Beeline Holdings, Inc. - Common Stock",NASDAQ,N,N,BLNE,Active
BLNK,Blink Charging Co. - Common Stock,NASDAQ,N,N,BLNK,Active
BLRK,Bluerock Acquisition Corp. - Class A Ordinary Shares,NASDAQ,N,N,BLRK,Active
BLRKW,Bluerock Acquisition Corp. - Warrants,NASDAQ,N,N,BLRKW,Active
BLSH,Bullish Ordinary Shares,NYSE,N,N,BLSH,Active
BLUW,Blue Water Acquisition Corp. III - Class A Ordinary Shares,NASDAQ,N,N,BLUW,Active
BLW,Blackrock Limited Duration Income Trust,NYSE,N,N,BLW,Active
BLX,"Bladex, Inc. Class E Common Stock",NYSE,N,N,BLX,Active
BLZE,"Backblaze, Inc. - Common Stock",NASDAQ,N,N,BLZE,Active
BLZR,Trailblazer Acquisition Corp. - Class A Ordinary Shares,NASDAQ,N,N,BLZR,Active
BMA,Banco Macro S.A.  ADR (representing Ten Class B Common Shares),NYSE,N,N,BMA,Active
BMBL,Bumble Inc. - common stock,NASDAQ,N,N,BMBL,Active
BME,Blackrock Health Sciences Trust,NYSE,N,N,BME,Active
BMEA,"Biomea Fusion, Inc. - Common Stock",NASDAQ,N,N,BMEA,Active
BMGL,Basel Medical Group Ltd - ordinary shares,NASDAQ,N,N,BMGL,Active
BMHL,Bluemount Holdings Limited - Class B Ordinary Shares,NASDAQ,N,N,BMHL,Active
BMI,"Badger Meter, Inc. Common Stock",NYSE,N,N,BMI,Active
BMM,Blue Moon Metals Inc. - Common Shares,NASDAQ,N,N,BMM,Active
BMNR,"BitMine Immersion Technologies, Inc. Common Stock",NYSE,N,N,BMNR,Active
BMO,Bank Of Montreal Common Stock,NYSE,N,N,BMO,Active
BMR,Beamr Imaging Ltd. - Ordinary Share,NASDAQ,N,N,BMR,Active
BMRA,"Biomerica, Inc. - Common Stock",NASDAQ,N,N,BMRA,Active
BMRC,Bank of Marin Bancorp - Common Stock,NASDAQ,N,N,BMRC,Active
BMRN,BioMarin Pharmaceutical Inc. - Common Stock,NASDAQ,N,N,BMRN,Active
BMY,Bristol-Myers Squibb Company Common Stock,NYSE,N,N,BMY,Active
BN,Brookfield Corporation Class A Limited Voting Shares,NYSE,N,N,BN,Active
BNAI,Brand Engagement Network Inc. - Common Stock,NASDAQ,N,N,BNAI,Active
BNC,CEA Industries Inc. - Common Stock,NASDAQ,N,N,BNC,Active
BNCWZ,CEA Industries Inc. - Warrants,NASDAQ,N,N,BNCWZ,Active
BNED,"Barnes & Noble Education, Inc Common Stock",NYSE,N,N,BNED,Active
BNGO,"Bionano Genomics, Inc. - Common Stock",NASDAQ,N,N,BNGO,Active
BNKK,"Bonk, Inc. - Common Stock",NASDAQ,N,N,BNKK,Active
BNL,"Broadstone Net Lease, Inc. Common Stock",NYSE,N,N,BNL,Active
BNRG,Brenmiller Energy Ltd - Ordinary Shares,NASDAQ,N,N,BNRG,Active
BNS,Bank Nova Scotia Halifax Pfd 3 Ordinary Shares,NYSE,N,N,BNS,Active
BNT,Brookfield Wealth Solutions Ltd. Class A Exchangeable Limited Voting Shares,NYSE,N,N,BNT,Active
BNTC,Benitec Biopharma Inc. - Common Stock,NASDAQ,N,N,BNTC,Active
BNY,The Bank of New York Mellon Corporation Common Stock,NYSE,N,N,BNY,Active
BNZI,"Banzai International, Inc. - Class A Common Stock",NASDAQ,N,N,BNZI,Active
BOBS,"Bob's Discount Furniture, Inc. Common Stock",NYSE,N,N,BOBS,Active
BOC,Boston Omaha Corporation Class A Common Stock,NYSE,N,N,BOC,Active
BODI,"The Beachbody Company, Inc. - Class A Common Stock",NASDAQ,N,N,BODI,Active
BOF,BranchOut Food Inc. - Common Stock,NASDAQ,N,N,BOF,Active
BOH,Bank of Hawaii Corporation Common Stock,NYSE,N,N,BOH,Active
BOKF,BOK Financial Corporation - Common Stock,NASDAQ,N,N,BOKF,Active
BOLD,"Boundless Bio, Inc. - Common Stock",NASDAQ,N,N,BOLD,Active
BOLT,"Bolt Biotherapeutics, Inc. - Common Stock",NASDAQ,N,N,BOLT,Active
BON,Bon Natural Life Limited - Class A Ordinary Shares,NASDAQ,N,N,BON,Active
BOOM,DMC Global Inc. - Common Stock,NASDAQ,N,N,BOOM,Active
BOOT,"Boot Barn Holdings, Inc. Common Stock",NYSE,N,N,BOOT,Active
BORR,Borr Drilling Limited Common Shares,NYSE,N,N,BORR,Active
BOSC,B.O.S. Better Online Solutions - Ordinary Shares,NASDAQ,N,N,BOSC,Active
BOT,"RoboStrategy, Inc. - Common Stock",NASDAQ,N,N,BOT,Active
BOTJ,"Bank of the James Financial Group, Inc. - Common Stock",NASDAQ,N,N,BOTJ,Active
BOW,Bowhead Specialty Holdings Inc. Common Stock,NYSE,N,N,BOW,Active
BOX,"Box, Inc. Class A Common Stock",NYSE,N,N,BOX,Active
BOXL,Boxlight Corporation - Class A Common Stock,NASDAQ,N,N,BOXL,Active
BP,BP p.l.c. Common Stock,NYSE,N,N,BP,Active
BPAC,Blueport Acquisition Ltd - Class A Ordinary Shares,NASDAQ,N,N,BPAC,Active
BPOP,"Popular, Inc. - Common Stock",NASDAQ,N,N,BPOP,Active
BPRN,"Princeton Bancorp, Inc. - Common Stock",NASDAQ,N,N,BPRN,Active
BQ,Boqii Holding Limited Class A Ordinary Shares,NYSE American,N,N,BQ,Active
BR,"Broadridge Financial Solutions, Inc. Common Stock",NYSE,N,N,BR,Active
BRAG,Bragg Gaming Group Inc. - Common Shares,NASDAQ,N,N,BRAG,Active
BRAI,Braiin Limited - Common Stock,NASDAQ,N,N,BRAI,Active
BRBI,BRBI BR Partners S.A. - ADSs,NASDAQ,N,N,BRBI,Active
BRBR,"BellRing Brands, Inc. Common Stock ",NYSE,N,N,BRBR,Active
BRBS,"Blue Ridge Bankshares, Inc. Common Stock",NYSE American,N,N,BRBS,Active
BRC,Brady Corporation Common Stock,NYSE,N,N,BRC,Active
BRCB,"Black Rock Coffee Bar, Inc. - Class A Common Stock",NASDAQ,N,N,BRCB,Active
BRCC,BRC Inc. Class A Common Stock,NYSE,N,N,BRCC,Active
BREZ,Breeze Acquisition Corp. II - Ordinary Shares,NASDAQ,N,N,BREZ,Active
BRFH,Barfresh Food Group Inc. - Common Stock,NASDAQ,N,N,BRFH,Active
BRIA,BrilliA Inc Class A Ordinary Shares,NYSE American,N,N,BRIA,Active
BRID,Bridgford Foods Corporation - Common Stock,NASDAQ,N,N,BRID,Active
BRKH,Burtech Acquisition Corp II - Class A Ordinary Shares,NASDAQ,N,N,BRKH,Active
BRKHW,Burtech Acquisition Corp II - Warrants,NASDAQ,N,N,BRKHW,Active
BRKR,Bruker Corporation - Common Stock,NASDAQ,N,N,BRKR,Active
BRLS,Borealis Foods Inc. - Class A Common Shares,NASDAQ,N,N,BRLS,Active
BRLT,"Brilliant Earth Group, Inc. - Class A Common Stock",NASDAQ,N,N,BRLT,Active
BRN,"Barnwell Industries, Inc. Common Stock",NYSE American,N,N,BRN,Active
BRO,"Brown & Brown, Inc. Common Stock",NYSE,N,N,BRO,Active
BROS,Dutch Bros Inc. Class A Common Stock,NYSE,N,N,BROS,Active
BRR,"ProCap Financial, Inc. - Common Stock",NASDAQ,N,N,BRR,Active
BRSL,"Brightstar Lottery PLC Trading under the Legal Name to begin at the market open on July 21, 2025. Ordinary Shares",NYSE,N,N,BRSL,Active
BRSP,"BrightSpire Capital, Inc. Class A Common Stock",NYSE,N,N,BRSP,Active
BRT,BRT Apartments Corp. (MD) Common Stock,NYSE,N,N,BRT,Active
BRTX,"BioRestorative Therapies, Inc. - Common Stock",NASDAQ,N,N,BRTX,Active
BRUN,Boost Run Inc. - Class A Common Stock,NASDAQ,N,N,BRUN,Active
BRX,Brixmor Property Group Inc. Common Stock,NYSE,N,N,BRX,Active
BRZE,"Braze, Inc. - Class A Common Stock",NASDAQ,N,N,BRZE,Active
BSAA,BEST SPAC I Acquisition Corp. - Class A Ordinary Shares,NASDAQ,N,N,BSAA,Active
BSAC,Banco Santander - Chile ADS,NYSE,N,N,BSAC,Active
BSBK,Bogota Financial Corp. - Common Stock,NASDAQ,N,N,BSBK,Active
BSET,"Bassett Furniture Industries, Incorporated - Common Stock",NASDAQ,N,N,BSET,Active
BSIN,Big Sky Industrial Inc. - Common Stock,NASDAQ,N,N,BSIN,Active
BSP,Bending Spoons S.p.A. - Ordinary Shares,NASDAQ,N,N,BSP,Active
BSRR,Sierra Bancorp - Common Stock,NASDAQ,N,N,BSRR,Active
BSVN,Bank7 Corp. - Common stock,NASDAQ,N,N,BSVN,Active
BSX,Boston Scientific Corporation Common Stock,NYSE,N,N,BSX,Active
BSY,"Bentley Systems, Incorporated - Class B Common Stock",NASDAQ,N,N,BSY,Active
BTAI,"BioXcel Therapeutics, Inc. - Common Stock",NASDAQ,N,N,BTAI,Active
BTBD,"BT Brands, Inc. - Common Stock",NASDAQ,N,N,BTBD,Active
BTBT,"Bit Digital, Inc. - Ordinary Share",NASDAQ,N,N,BTBT,Active
BTCS,BTCS Inc. - Common Stock,NASDAQ,N,N,BTCS,Active
BTCT,BTC Digital Ltd. - Ordinary Shares,NASDAQ,N,N,BTCT,Active
BTDR,Bitdeer Technologies Group - Ordinary Shares,NASDAQ,N,N,BTDR,Active
BTE,Baytex Energy Corp Common Shares,NYSE,N,N,BTE,Active
BTG,B2Gold Corp Common shares (Canada),NYSE American,N,N,BTG,Active
BTGO,"BitGo Holdings, Inc. Class A Common Stock",NYSE,N,N,BTGO,Active
BTI,"British American Tobacco  Industries, p.l.c. Common Stock ADR",NYSE,N,N,BTI,Active
BTMD,Biote Corp. - Class A common stock,NASDAQ,N,N,BTMD,Active
BTOC,Armlogi Holding Corp. - common stock,NASDAQ,N,N,BTOC,Active
BTOG,Bit Origin Limited - Class A Ordinary Shares,NASDAQ,N,N,BTOG,Active
BTQ,BTQ Technologies Corp. - Common Stock,NASDAQ,N,N,BTQ,Active
BTSG,"BrightSpring Health Services, Inc. - Common Stock",NASDAQ,N,N,BTSG,Active
BTT,BlackRock Municipal 2030 Target Term Trust,NYSE,N,N,BTT,Active
BTTC,Black Titan Corp - Ordinary Shares,NASDAQ,N,N,BTTC,Active
BTU,Peabody Energy Corporation Common Stock ,NYSE,N,N,BTU,Active
BTZ,BlackRock Credit Allocation Income Trust,NYSE,N,N,BTZ,Active
BUD,Anheuser-Busch Inbev SA Sponsored ADR (Belgium),NYSE,N,N,BUD,Active
BUDA,"Buda Juice, Inc. Common Stock",NYSE American,N,N,BUDA,Active
BUI,"BlackRock Utility, Infrastructure & Power Opportunities Trust",NYSE,N,N,BUI,Active
BULL,Webull Corporation - Class A Ordinary Shares,NASDAQ,N,N,BULL,Active
BULLW,Webull Corporation - Warrants,NASDAQ,N,N,BULLW,Active
BUR,Burford Capital Limited Ordinary Shares,NYSE,N,N,BUR,Active
BURL,"Burlington Stores, Inc. Common Stock",NYSE,N,N,BURL,Active
BUSE,First Busey Corporation - Common Stock,NASDAQ,N,N,BUSE,Active
BUUU,BUUU Group Limited - Class A Ordinary Share,NASDAQ,N,N,BUUU,Active
BV,"BrightView Holdings, Inc. Common Stock",NYSE,N,N,BV,Active
BVC,BitVentures Limited - Ordinary Share,NASDAQ,N,N,BVC,Active
BVFL,"BV Financial, Inc. - Common Stock",NASDAQ,N,N,BVFL,Active
BVN,Buenaventura Mining Company Inc.,NYSE,N,N,BVN,Active
BVS,Bioventus Inc. - Class A Common Stock,NASDAQ,N,N,BVS,Active
BW,"Babcock & Wilcox Enterprises, Inc. Common Stock",NYSE,N,N,BW,Active
BWA,BorgWarner Inc. Common Stock,NYSE,N,N,BWA,Active
BWB,"Bridgewater Bancshares, Inc. - Common Stock",NASDAQ,N,N,BWB,Active
BWEN,"Broadwind, Inc. - Common Stock",NASDAQ,N,N,BWEN,Active
BWFG,"Bankwell Financial Group, Inc. - Common Stock",NASDAQ,N,N,BWFG,Active
BWIN,"The Baldwin Insurance Group, Inc. - Class A Common Stock",NASDAQ,N,N,BWIN,Active
BWIV,Blue Water Acquisition Corp. IV Class A Ordinary Shares,NYSE,N,N,BWIV,Active
BWLP,BW LPG Limited Common Shares,NYSE,N,N,BWLP,Active
BWMN,Bowman Consulting Group Ltd. - Common Stock,NASDAQ,N,N,BWMN,Active
BWMX,"Betterware de Mexico, S.A.P.I. de C.V. Ordinary Shares",NYSE,N,N,BWMX,Active
BWXT,"BWX Technologies, Inc. Common Stock",NYSE,N,N,BWXT,Active
BX,Blackstone Inc. Common Stock,NYSE,N,N,BX,Active
BXBL,"BOXABL, Inc.  - Common stock",NASDAQ,N,N,BXBL,Active
BXC,Bluelinx Holdings Inc. Common Stock,NYSE,N,N,BXC,Active
BXDC,Blackstone Digital Infrastructure Trust Inc. Common Stock,NYSE,N,N,BXDC,Active
BXMT,"Blackstone Mortgage Trust, Inc. Common Stock",NYSE,N,N,BXMT,Active
BXP,"BXP, Inc. Common Stock",NYSE,N,N,BXP,Active
BY,"Byline Bancorp, Inc. Common Stock",NYSE,N,N,BY,Active
BYAH,"Park Ha Biological Technology Co., Ltd. - Class A Ordinary Shares",NASDAQ,N,N,BYAH,Active
BYD,Boyd Gaming Corporation Common Stock,NYSE,N,N,BYD,Active
BYFC,Broadway Financial Corporation - Class A Common Stock,NASDAQ,N,N,BYFC,Active
BYND,"Beyond Meat, Inc. - Common stock",NASDAQ,N,N,BYND,Active
BYRN,"Byrna Technologies, Inc. - Common Stock",NASDAQ,N,N,BYRN,Active
BYSI,"BeyondSpring, Inc. - Ordinary Shares",NASDAQ,N,N,BYSI,Active
BZ,KANZHUN LIMITED - American Depository Shares,NASDAQ,N,N,BZ,Active
BZAI,"Blaize Holdings, Inc. - Common Stock",NASDAQ,N,N,BZAI,Active
BZFD,"BuzzFeed, Inc. - Class A Common Stock",NASDAQ,N,N,BZFD,Active
BZH,"Beazer Homes USA, Inc. Common Stock",NYSE,N,N,BZH,Active
C,"Citigroup, Inc. Common Stock",NYSE,N,N,C,Active
CAAP,Corporacion America Airports SA Common Shares,NYSE,N,N,CAAP,Active
CAAS,"China Automotive Systems, Inc. - Ordinary Share",NASDAQ,N,N,CAAS,Active
CABA,"Cabaletta Bio, Inc. - Common Stock",NASDAQ,N,N,CABA,Active
CABO,"Cable One, Inc. Common Stock",NYSE,N,N,CABO,Active
CABR,"Caring Brands, Inc. - Common Stock",NASDAQ,N,N,CABR,Active
CAC,Camden National Corporation - Common Stock,NASDAQ,N,N,CAC,Active
CACC,Credit Acceptance Corporation - Common Stock,NASDAQ,N,N,CACC,Active
CACI,"CACI International, Inc. Class A Common Stock",NYSE,N,N,CACI,Active
CADL,"Candel Therapeutics, Inc. - Common Stock",NASDAQ,N,N,CADL,Active
CAE,CAE Inc - Common Shares,NASDAQ,N,N,CAE,Active
CAES,"Cantor Equity Partners VII, Inc. - Class A Ordinary Shares",NASDAQ,N,N,CAES,Active
CAG,"ConAgra Brands, Inc. Common Stock",NYSE,N,N,CAG,Active
CAH,"Cardinal Health, Inc. Common Stock",NYSE,N,N,CAH,Active
CAI,"Caris Life Sciences, Inc. - Common Stock",NASDAQ,N,N,CAI,Active
CAII,Collective Acquisition Corp. II - Class A Ordinary Shares,NASDAQ,N,N,CAII,Active
CAIIW,Collective Acquisition Corp. II - Warrants,NASDAQ,N,N,CAIIW,Active
CAKE,The Cheesecake Factory Incorporated - Common Stock,NASDAQ,N,N,CAKE,Active
CAL,"Caleres, Inc. Common Stock",NYSE,N,N,CAL,Active
CALC,"CalciMedica, Inc. - Common Stock",NASDAQ,N,N,CALC,Active
CALM,"Cal-Maine Foods, Inc. - Common Stock",NASDAQ,N,N,CALM,Active
CALX,"Calix, Inc Common Stock",NYSE,N,N,CALX,Active
CALY,Callaway Golf Company Common Stock,NYSE,N,N,CALY,Active
CAMP,CAMP4 Therapeutics Corporation - Common Stock,NASDAQ,N,N,CAMP,Active
CAMT,Camtek Ltd. - Ordinary Shares,NASDAQ,N,N,CAMT,Active
CANG,Cango Inc. Class A Ordinary Shares,NYSE,N,N,CANG,Active
CAPN,Cayson Acquisition Corp - Ordinary Shares,NASDAQ,N,N,CAPN,Active
CAPR,"Capricor Therapeutics, Inc. - Common Stock",NASDAQ,N,N,CAPR,Active
CAPS,Capstone Holding Corp. - Common Stock,NASDAQ,N,N,CAPS,Active
CAQ,Cambridge Acquisition Corp. - Class A Ordinary Shares,NASDAQ,N,N,CAQ,Active
CAQUW,Cambridge Acquisition Corp. - Warrants,NASDAQ,N,N,CAQUW,Active
CAR,"Avis Budget Group, Inc. - Common Stock",NASDAQ,N,N,CAR,Active
CARE,"Carter Bankshares, Inc. - Common Stock",NASDAQ,N,N,CARE,Active
CARG,"CarGurus, Inc. - Class A Common Stock",NASDAQ,N,N,CARG,Active
CARL,"Carlsmed, Inc. - Common Stock",NASDAQ,N,N,CARL,Active
CARR,Carrier Global Corporation Common Stock ,NYSE,N,N,CARR,Active
CARS,Cars.com Inc. Common Stock ,NYSE,N,N,CARS,Active
CART,Maplebear Inc. - Common Stock,NASDAQ,N,N,CART,Active
CASH,"Pathward Financial, Inc. - Common Stock",NASDAQ,N,N,CASH,Active
CASS,"Cass Information Systems, Inc - Common Stock",NASDAQ,N,N,CASS,Active
CAST,"FreeCast, Inc. - Class A common stock",NASDAQ,N,N,CAST,Active
CASY,"Caseys General Stores, Inc. - Common Stock",NASDAQ,N,N,CASY,Active
CAT,"Caterpillar, Inc. Common Stock",NYSE,N,N,CAT,Active
CATO,Cato Corporation (The) Class A Common Stock,NYSE,N,N,CATO,Active
CATX,"Perspective Therapeutics, Inc. Common Stock",NYSE American,N,N,CATX,Active
CATY,Cathay General Bancorp - Common Stock,NASDAQ,N,N,CATY,Active
CAVA,"CAVA Group, Inc. Common Stock",NYSE,N,N,CAVA,Active
CB,Chubb Limited  Common Stock,NYSE,N,N,CB,Active
CBAN,"Colony Bankcorp, Inc. Common Stock",NYSE,N,N,CBAN,Active
CBAT,CBAK Energy Technology Limited - Ordinary Shares,NASDAQ,N,N,CBAT,Active
CBC,"Central Bancompany, Inc. - Class A Common Stock",NASDAQ,N,N,CBC,Active
CBFV,"CB Financial Services, Inc. - Common Stock",NASDAQ,N,N,CBFV,Active
CBIO,"Crescent Biopharma, Inc. - Common Stock",NASDAQ,N,N,CBIO,Active
CBK,"Commercial Bancgroup, Inc. - Common Stock",NASDAQ,N,N,CBK,Active
CBL,"CBL & Associates Properties, Inc. Common Stock",NYSE,N,N,CBL,Active
CBLL,"CeriBell, Inc. - Common Stock",NASDAQ,N,N,CBLL,Active
CBNA,"Chain Bridge Bancorp, Inc. Class A Common Stock",NYSE,N,N,CBNA,Active
CBNK,"Capital Bancorp, Inc. - Common Stock",NASDAQ,N,N,CBNK,Active
CBOE,"Cboe Global Markets, Inc. Common Stock",Cboe,N,N,CBOE,Active
CBRE,CBRE Group Inc Common Stock Class A,NYSE,N,N,CBRE,Active
CBRL,"Cracker Barrel Old Country Store, Inc. - Common Stock",NASDAQ,N,N,CBRL,Active
CBRS,Cerebras Systems Inc. - Class A Common Stock,NASDAQ,N,N,CBRS,Active
CBSH,"Commerce Bancshares, Inc. - Common Stock",NASDAQ,N,N,CBSH,Active
CBT,Cabot Corporation Common Stock,NYSE,N,N,CBT,Active
CBU,"Community Financial System, Inc. Common Stock",NYSE,N,N,CBU,Active
CBUS,"Cibus, Inc. - Class A Common Stock",NASDAQ,N,N,CBUS,Active
CBZ,"CBIZ, Inc. Common Stock",NYSE,N,N,CBZ,Active
CC,Chemours Company (The) Common Stock,NYSE,N,N,CC,Active
CCAP,"Crescent Capital BDC, Inc. - Common Stock",NASDAQ,N,N,CCAP,Active
CCAQ,Collective Acquisition Corp. - Class A ordinary shares,NASDAQ,N,N,CCAQ,Active
CCAQW,Collective Acquisition Corp. - Warrants,NASDAQ,N,N,CCAQW,Active
CCB,Coastal Financial Corporation - Common Stock,NASDAQ,N,N,CCB,Active
CCBG,Capital City Bank Group - Common Stock,NASDAQ,N,N,CCBG,Active
CCC,CCC Intelligent Solutions Holdings Inc. - Common Stock,NASDAQ,N,N,CCC,Active
CCCC,"C4 Therapeutics, Inc. - Common Stock",NASDAQ,N,N,CCCC,Active
CCEC,Capital Clean Energy Carriers Corp. - Common Share,NASDAQ,N,N,CCEC,Active
CCEL,"Cryo-Cell International, Inc. Common Stock",NYSE American,N,N,CCEL,Active
CCEP,Coca-Cola Europacific Partners plc - Ordinary Shares,NASDAQ,N,N,CCEP,Active
CCG,Cheche Group Inc. - Class A Ordinary Shares,NASDAQ,N,N,CCG,Active
CCHH,CCH Holdings Ltd - Class A Ordinary Shares,NASDAQ,N,N,CCHH,Active
CCI,Crown Castle Inc. Common Stock,NYSE,N,N,CCI,Active
CCII,Cohen Circle Acquisition Corp. II - Class A Ordinary Shares,NASDAQ,N,N,CCII,Active
CCIX,Churchill Capital Corp IX - Ordinary Shares,NASDAQ,N,N,CCIX,Active
CCJ,Cameco Corporation Common Stock,NYSE,N,N,CCJ,Active
CCK,"Crown Holdings, Inc.",NYSE,N,N,CCK,Active
CCL,Carnival Corporation Ltd. Common Shares,NYSE,N,N,CCL,Active
CCLD,"CareCloud, Inc. - Common Stock",NASDAQ,N,N,CCLD,Active
CCNE,CNB Financial Corporation - Common Stock,NASDAQ,N,N,CCNE,Active
CCO,"Clear Channel Outdoor Holdings, Inc. Common Stock",NYSE,N,N,CCO,Active
CCOI,"Cogent Communications Holdings, Inc. - Common Stock",NASDAQ,N,N,CCOI,Active
CCS,"Century Communities, Inc. Common Stock",NYSE,N,N,CCS,Active
CCSI,"Consensus Cloud Solutions, Inc. - Common Stock",NASDAQ,N,N,CCSI,Active
CCTG,CCSC Technology International Holdings Limited - Class A Ordinary Shares,NASDAQ,N,N,CCTG,Active
CCU,"Compania Cervecerias Unidas, S.A. Common Stock",NYSE,N,N,CCU,Active
CCXI,Churchill Capital Corp XI - Class A Ordinary Shares,NASDAQ,N,N,CCXI,Active
CCXIW,Churchill Capital Corp XI - Warrants,NASDAQ,N,N,CCXIW,Active
CCZ,Comcast Holdings ZONES,NYSE,N,N,CCZ,Active
CD,Chaince Digital Holdings Inc. - American Ordinary Shares,NASDAQ,N,N,CD,Active
CDE,"Coeur Mining, Inc. Common Stock",NYSE,N,N,CDE,Active
CDIO,Cardio Diagnostics Holdings Inc. - Common stock,NASDAQ,N,N,CDIO,Active
CDLX,"Cardlytics, Inc. - Common Stock",NASDAQ,N,N,CDLX,Active
CDNA,"CareDx, Inc. - Common Stock",NASDAQ,N,N,CDNA,Active
CDNL,Cardinal Infrastructure Group Inc. - Class A Common Stock,NASDAQ,N,N,CDNL,Active
CDNS,"Cadence Design Systems, Inc. - Common Stock",NASDAQ,N,N,CDNS,Active
CDRE,"Cadre Holdings, Inc. Common Stock",NYSE,N,N,CDRE,Active
CDRO,"Codere Online Luxembourg, S.A. - Ordinary Shares",NASDAQ,N,N,CDRO,Active
CDROW,"Codere Online Luxembourg, S.A. - Warrants",NASDAQ,N,N,CDROW,Active
CDT,CDT Equity Inc. - Common Stock,NASDAQ,N,N,CDT,Active
CDTG,CDT Environmental Technology Investment Holdings Limited - ordinary shares,NASDAQ,N,N,CDTG,Active
CDW,CDW Corporation - Common Stock,NASDAQ,N,N,CDW,Active
CDXS,"Codexis, Inc. - Common Stock",NASDAQ,N,N,CDXS,Active
CDZI,"Cadiz, Inc. - Common Stock",NASDAQ,N,N,CDZI,Active
CE,Celanese Corporation Common Stock,NYSE,N,N,CE,Active
CECO,CECO Environmental Corp. - Common Stock,NASDAQ,N,N,CECO,Active
CEG,Constellation Energy Corporation - Common Stock When-Issued,NASDAQ,N,N,CEG,Active
CELC,Celcuity Inc. - Common Stock,NASDAQ,N,N,CELC,Active
CELH,"Celsius Holdings, Inc. - Common Stock",NASDAQ,N,N,CELH,Active
CELU,Celularity Inc. - Class A Common Stock,NASDAQ,N,N,CELU,Active
CELZ,"Creative Medical Technology Holdings, Inc. - Common Stock",NASDAQ,N,N,CELZ,Active
CENN,Cenntro Inc. - Common Stock,NASDAQ,N,N,CENN,Active
CENT,Central Garden & Pet Company - Common Stock,NASDAQ,N,N,CENT,Active
CENTA,Central Garden & Pet Company - Class A Common Stock Nonvoting,NASDAQ,N,N,CENTA,Active
CENX,Century Aluminum Company - Common Stock,NASDAQ,N,N,CENX,Active
CEPF,"Cantor Equity Partners IV, Inc. - Class A Ordinary Shares",NASDAQ,N,N,CEPF,Active
CEPL,"Capstone Energy Plus, Inc. - Common Stock",NASDAQ,N,N,CEPL,Active
CEPO,"Cantor Equity Partners I, Inc. - Class A Ordinary Shares",NASDAQ,N,N,CEPO,Active
CEPS,"Cantor Equity Partners VI, Inc. - Class A Ordinary Shares",NASDAQ,N,N,CEPS,Active
CEPV,"Cantor Equity Partners V, Inc. - Class A Ordinary Shares",NASDAQ,N,N,CEPV,Active
CERS,Cerus Corporation - Common Stock,NASDAQ,N,N,CERS,Active
CERT,"Certara, Inc. - Common Stock",NASDAQ,N,N,CERT,Active
CET,Central Securities Corporation Common Stock,NYSE American,N,N,CET,Active
CETX,Cemtrex Inc. - Common Stock,NASDAQ,N,N,CETX,Active
CETY,"Clean Energy Technologies, Inc. - Common Stock",NASDAQ,N,N,CETY,Active
CEVA,"CEVA, Inc. - Common Stock",NASDAQ,N,N,CEVA,Active
CF,"CF Industries Holdings, Inc. Common Stock",NYSE,N,N,CF,Active
CFBK,CF Bankshares Inc. - Common Stock,NASDAQ,N,N,CFBK,Active
CFFI,C&F Financial Corporation - Common Stock,NASDAQ,N,N,CFFI,Active
CFFN,"Capitol Federal Financial, Inc. - Common Stock",NASDAQ,N,N,CFFN,Active
CFG,"Citizens Financial Group, Inc. Common Stock",NYSE,N,N,CFG,Active
CFR,"Cullen/Frost Bankers, Inc. Common Stock",NYSE,N,N,CFR,Active
CG,The Carlyle Group Inc. - Common Stock,NASDAQ,N,N,CG,Active
CGAU,Centerra Gold Inc. Common Shares,NYSE,N,N,CGAU,Active
CGC,Canopy Growth Corporation - Common Shares,NASDAQ,N,N,CGC,Active
CGEM,"Cullinan Therapeutics, Inc. - Common Stock",NASDAQ,N,N,CGEM,Active
CGEN,Compugen Ltd. - Ordinary Shares,NASDAQ,N,N,CGEN,Active
CGNT,Cognyte Software Ltd. - Ordinary Shares,NASDAQ,N,N,CGNT,Active
CGNX,Cognex Corporation - Common Stock,NASDAQ,N,N,CGNX,Active
CGON,"CG Oncology, Inc. - Common stock",NASDAQ,N,N,CGON,Active
CGTL,Creative Global Technology Holdings Limited - Class A Ordinary Shares,NASDAQ,N,N,CGTL,Active
CGTX,"Cognition Therapeutics, Inc. - Common Stock",NASDAQ,N,N,CGTX,Active
CHAI,"Core AI Holdings, Inc. - Common Shares",NASDAQ,N,N,CHAI,Active
CHAR,Charlton Aria Acquisition Corporation - Class A Ordinary Shares,NASDAQ,N,N,CHAR,Active
CHCI,"Comstock Holding Companies, Inc. - Class A Common Stock",NASDAQ,N,N,CHCI,Active
CHCO,City Holding Company - Common Stock,NASDAQ,N,N,CHCO,Active
CHCT,Community Healthcare Trust Incorporated Common Stock,NYSE,N,N,CHCT,Active
CHD,"Church & Dwight Company, Inc. Common Stock",NYSE,N,N,CHD,Active
CHDN,"Churchill Downs, Incorporated - Common Stock",NASDAQ,N,N,CHDN,Active
CHE,Chemed Corp,NYSE,N,N,CHE,Active
CHEC,Chenghe Acquisition III Co. - Class A Ordinary Shares,NASDAQ,N,N,CHEC,Active
CHECW,Chenghe Acquisition III Co. - Warrants,NASDAQ,N,N,CHECW,Active
CHEF,"The Chefs' Warehouse, Inc. - Common Stock",NASDAQ,N,N,CHEF,Active
CHGA,Change Agents Corporation  - Common Stock,NASDAQ,N,N,CHGA,Active
CHGG,"Chegg, Inc. Common Stock",NYSE,N,N,CHGG,Active
CHH,"Choice Hotels International, Inc. Common Stock",NYSE,N,N,CHH,Active
CHKP,Check Point Software Technologies Ltd. - Ordinary Shares,NASDAQ,N,N,CHKP,Active
CHMG,Chemung Financial Corp  - Common Stock,NASDAQ,N,N,CHMG,Active
CHMI,Cherry Hill Mortgage Investment Corporation Common Stock,NYSE,N,N,CHMI,Active
CHNR,"China Natural Resources, Inc. - Common Shares",NASDAQ,N,N,CHNR,Active
CHOW,ChowChow Cloud International Holdings Limited Ordinary Shares,NYSE American,N,N,CHOW,Active
CHPG,ChampionsGate Acquisition Corporation - Class A Ordinary Share,NASDAQ,N,N,CHPG,Active
CHPT,"ChargePoint Holdings, Inc. Common Stock",NYSE,N,N,CHPT,Active
CHR,"Cheer Holding, Inc.  - Class A Ordinary Share",NASDAQ,N,N,CHR,Active
CHRD,Chord Energy Corporation - Common Stock,NASDAQ,N,N,CHRD,Active
CHRN,ChronoScale Holdings Corporation - Common Stock,NASDAQ,N,N,CHRN,Active
CHRS,"Coherus Oncology, Inc. - Common Stock",NASDAQ,N,N,CHRS,Active
CHRW,"C.H. Robinson Worldwide, Inc. - Common Stock",NASDAQ,N,N,CHRW,Active
CHSN,Chanson International Holding - Class A Ordinary Shares,NASDAQ,N,N,CHSN,Active
CHT,"Chunghwa Telecom Co., Ltd.",NYSE,N,N,CHT,Active
CHTR,"Charter Communications, Inc. - Class A Common Stock",NASDAQ,N,N,CHTR,Active
CHWY,"Chewy, Inc. Class A Common Stock",NYSE,N,N,CHWY,Active
CHYM,"Chime Financial, Inc. - Class A Common Stock",NASDAQ,N,N,CHYM,Active
CI,The Cigna Group Common Stock,NYSE,N,N,CI,Active
CIA,"Citizens, Inc. Class A Common Stock ($1.00 Par)",NYSE,N,N,CIA,Active
CIEN,Ciena Corporation Common Stock,NYSE,N,N,CIEN,Active
CIFR,Cipher Digital Inc. - Common Stock,NASDAQ,N,N,CIFR,Active
CIGI,Colliers International Group Inc.  - Subordinate Voting Shares,NASDAQ,N,N,CIGI,Active
CIGL,Concorde International Group Ltd - Class A Ordinary Shares,NASDAQ,N,N,CIGL,Active
CIIT,"Tianci International, Inc. - Common Stock",NASDAQ,N,N,CIIT,Active
CIM,Chimera Investment Corporation Common Stock,NYSE,N,N,CIM,Active
CINF,Cincinnati Financial Corporation - Common Stock,NASDAQ,N,N,CINF,Active
CING,Cingulate Inc. - Common Stock,NASDAQ,N,N,CING,Active
CINGW,Cingulate Inc. - Warrants,NASDAQ,N,N,CINGW,Active
CINT,CI&T Inc Class A Common Shares,NYSE,N,N,CINT,Active
CION,CION Investment Corporation Common Stock,NYSE,N,N,CION,Active
CIRC,"Circle8 Group, Inc. - Common Stock",NASDAQ,N,N,CIRC,Active
CISO,"CISO Global, Inc. - Common Stock",NASDAQ,N,N,CISO,Active
CISS,C3is Inc. - Common Stock,NASDAQ,N,N,CISS,Active
CITR,CitroTech Inc. Common Stock,NYSE American,N,N,CITR,Active
CIVB,"Civista Bancshares, Inc.  - Common Stock",NASDAQ,N,N,CIVB,Active
CIX,CompX International Inc. Common Stock,NYSE American,N,N,CIX,Active
CJMB,Callan JMB Inc. - Common Stock,NASDAQ,N,N,CJMB,Active
CKX,"CKX Lands, Inc. Common Stock",NYSE American,N,N,CKX,Active
CL,Colgate-Palmolive Company Common Stock,NYSE,N,N,CL,Active
CLAR,Clarus Corporation - Common Stock,NASDAQ,N,N,CLAR,Active
CLB,Core Laboratories Inc. Common Stock,NYSE,N,N,CLB,Active
CLBK,"Columbia Financial, Inc. - Common Stock",NASDAQ,N,N,CLBK,Active
CLBR,Colombier Acquisition Corp. III Class A Ordinary Shares,NYSE,N,N,CLBR,Active
CLBT,Cellebrite DI Ltd. - Ordinary Shares,NASDAQ,N,N,CLBT,Active
CLDI,"Calidi Biotherapeutics, Inc. Common Stock",NYSE American,N,N,CLDI,Active
CLDX,"Celldex Therapeutics, Inc. - Common Stock",NASDAQ,N,N,CLDX,Active
CLF,Cleveland-Cliffs Inc. Common Stock,NYSE,N,N,CLF,Active
CLFD,"Clearfield, Inc. - Common Stock",NASDAQ,N,N,CLFD,Active
CLGN,CollPlant Biotechnologies Ltd. - Ordinary Shares,NASDAQ,N,N,CLGN,Active
CLH,"Clean Harbors, Inc. Common Stock",NYSE,N,N,CLH,Active
CLIK,Click Holdings Limited - Ordinary Share,NASDAQ,N,N,CLIK,Active
CLIR,ClearSign Technologies Corporation - Common Stock,NASDAQ,N,N,CLIR,Active
CLMB,"Climb Global Solutions, Inc. - Common Stock",NASDAQ,N,N,CLMB,Active
CLMT,"Calumet, Inc - Common Stock",NASDAQ,N,N,CLMT,Active
CLNE,Clean Energy Fuels Corp. - Common Stock,NASDAQ,N,N,CLNE,Active
CLNN,Clene Inc. - Common Stock,NASDAQ,N,N,CLNN,Active
CLOV,"Clover Health Investments, Corp.  - Class A Common stock",NASDAQ,N,N,CLOV,Active
CLPR,Clipper Realty Inc. Common Stock,NYSE,N,N,CLPR,Active
CLPS,CLPS Incorporation - Common Stock,NASDAQ,N,N,CLPS,Active
CLPT,ClearPoint Neuro Inc. - Common Stock,NASDAQ,N,N,CLPT,Active
CLRB,"Cellectar Biosciences, Inc. - Common Stock",NASDAQ,N,N,CLRB,Active
CLRO,"ClearOne, Inc. - Common Stock",NASDAQ,N,N,CLRO,Active
CLS,"Celestica, Inc. Common Stock",NYSE,N,N,CLS,Active
CLSK,"CleanSpark, Inc. - Common Stock",NASDAQ,N,N,CLSK,Active
CLST,"Catalyst Bancorp, Inc. - common stock",NASDAQ,N,N,CLST,Active
CLVT,Clarivate Plc Ordinary Shares,NYSE,N,N,CLVT,Active
CLW,Clearwater Paper Corporation Common Stock,NYSE,N,N,CLW,Active
CLWT,Euro Tech Holdings Company Limited - Ordinary Shares,NASDAQ,N,N,CLWT,Active
CLX,Clorox Company (The) Common Stock,NYSE,N,N,CLX,Active
CLYM,"Climb Bio, Inc. - Common Stock",NASDAQ,N,N,CLYM,Active
CM,Canadian Imperial Bank of Commerce Common Stock,NYSE,N,N,CM,Active
CMBT,CMB.TECH NV Ordinary Shares,NYSE,N,N,CMBT,Active
CMC,Commercial Metals Company Common Stock,NYSE,N,N,CMC,Active
CMCL,Caledonia Mining Corporation Plc Common Shares,NYSE American,N,N,CMCL,Active
CMCO,Columbus McKinnon Corporation - Common Stock,NASDAQ,N,N,CMCO,Active
CMCSA,Comcast Corporation - Class A Common Stock,NASDAQ,N,N,CMCSA,Active
CMCT,Creative Media  - Common Stock,NASDAQ,N,N,CMCT,Active
CMDB,Costamare Bulkers Holdings Limited Common Stock,NYSE,N,N,CMDB,Active
CME,CME Group Inc. - Class A Common Stock,NASDAQ,N,N,CME,Active
CMG,"Chipotle Mexican Grill, Inc. Common Stock",NYSE,N,N,CMG,Active
CMI,Cummins Inc. Common Stock,NYSE,N,N,CMI,Active
CMII,Columbus Circle Capital Corp II - Class A Ordinary Shares,NASDAQ,N,N,CMII,Active
CMND,Clearmind Medicine Inc. - Common Shares,NASDAQ,N,N,CMND,Active
CMP,Compass Minerals Intl Inc Common Stock,NYSE,N,N,CMP,Active
CMPR,Cimpress plc - Ordinary Shares,NASDAQ,N,N,CMPR,Active
CMPS,COMPASS Pathways Plc - American Depository Shares,NASDAQ,N,N,CMPS,Active
CMPX,"Compass Therapeutics, Inc. - Common Stock",NASDAQ,N,N,CMPX,Active
CMRC,"Commerce.com, Inc. - Series 1 Common Stock",NASDAQ,N,N,CMRC,Active
CMRE,Costamare Inc. Common Stock $0.0001 par value,NYSE,N,N,CMRE,Active
CMS,CMS Energy Corporation Common Stock,NYSE,N,N,CMS,Active
CMT,Core Molding Technologies Inc Common Stock,NYSE American,N,N,CMT,Active
CMTG,"Claros Mortgage Trust, Inc. Common Stock",NYSE,N,N,CMTG,Active
CMTL,Comtech Telecommunications Corp. - Common Stock,NASDAQ,N,N,CMTL,Active
CMTV,Community Bancorp.  - Common stock,NASDAQ,N,N,CMTV,Active
CNA,CNA Financial Corporation Common Stock,NYSE,N,N,CNA,Active
CNC,Centene Corporation Common Stock,NYSE,N,N,CNC,Active
CNCK,Coincheck Group N.V. - Ordinary Shares,NASDAQ,N,N,CNCK,Active
CNCKW,Coincheck Group N.V. - Warrants,NASDAQ,N,N,CNCKW,Active
CNDT,Conduent Incorporated - Common Stock,NASDAQ,N,N,CNDT,Active
CNET,ZW Data Action Technologies Inc. - Common Stock,NASDAQ,N,N,CNET,Active
CNEY,CN Energy Group Inc. - Class A Ordinary Shares,NASDAQ,N,N,CNEY,Active
CNH,CNH Industrial N.V. Common Shares,NYSE,N,N,CNH,Active
CNI,Canadian National Railway Company Common Stock,NYSE,N,N,CNI,Active
CNK,"Cinemark Holdings Inc Cinemark Holdings, Inc. Common Stock",NYSE,N,N,CNK,Active
CNL,Collective Mining Ltd. Common Shares,NYSE American,N,N,CNL,Active
CNM,"Core & Main, Inc. Class A Common Stock",NYSE,N,N,CNM,Active
CNMD,CONMED Corporation Common Stock,NYSE,N,N,CNMD,Active
CNNE,"Cannae Holdings, Inc. Common Stock",NYSE,N,N,CNNE,Active
CNO,"CNO Financial Group, Inc. Common Stock",NYSE,N,N,CNO,Active
CNOB,"ConnectOne Bancorp, Inc. - Common Stock",NASDAQ,N,N,CNOB,Active
CNP,"CenterPoint Energy, Inc (Holding Co) Common Stock",NYSE,N,N,CNP,Active
CNQ,Canadian Natural Resources Limited Common Stock,NYSE,N,N,CNQ,Active
CNR,"Core Natural Resources, Inc. Common Stock",NYSE,N,N,CNR,Active
CNS,Cohen & Steers Inc Common Stock,NYSE,N,N,CNS,Active
CNSP,"CNS Pharmaceuticals, Inc. - Common Stock",NASDAQ,N,N,CNSP,Active
CNTB,Connect Biopharma Holdings Limited - Ordinary Shares,NASDAQ,N,N,CNTB,Active
CNTN,"Canton Strategic Holdings, Inc. - Common Stock",NASDAQ,N,N,CNTN,Active
CNTX,Context Therapeutics Inc. - Common Stock,NASDAQ,N,N,CNTX,Active
CNTY,"Century Casinos, Inc. - Common Stock",NASDAQ,N,N,CNTY,Active
CNVS,Cineverse Corp. - Class A Common Stock,NASDAQ,N,N,CNVS,Active
CNX,CNX Resources Corporation Common Stock,NYSE,N,N,CNX,Active
CNXC,Concentrix Corporation - Common Stock,NASDAQ,N,N,CNXC,Active
CNXN,"PC Connection, Inc. - Common Stock",NASDAQ,N,N,CNXN,Active
CNXU,Conexeu Sciences Inc. - Common Stock,NASDAQ,N,N,CNXU,Active
COAG,"Hemab Therapeutics Holdings, Inc. - Common Stock",NASDAQ,N,N,COAG,Active
COCH,"Envoy Medical, Inc. - Class A Common Stock",NASDAQ,N,N,COCH,Active
COCO,"The Vita Coco Company, Inc. - Common Stock",NASDAQ,N,N,COCO,Active
COCP,"Cocrystal Pharma, Inc. - Common Stock",NASDAQ,N,N,COCP,Active
CODA,"Coda Octopus Group, Inc. - Common stock",NASDAQ,N,N,CODA,Active
CODX,"Co-Diagnostics, Inc. - Common Stock",NASDAQ,N,N,CODX,Active
COF,Capital One Financial Corporation Common Stock,NYSE,N,N,COF,Active
COFS,"ChoiceOne Financial Services, Inc. - Common Stock",NASDAQ,N,N,COFS,Active
COGT,"Cogent Biosciences, Inc. - Common Stock",NASDAQ,N,N,COGT,Active
COHN,Cohen & Company Inc.,NYSE American,N,N,COHN,Active
COHR,Coherent Corp. Common Stock,NYSE,N,N,COHR,Active
COHU,"Cohu, Inc. - Common Stock",NASDAQ,N,N,COHU,Active
COIN,"Coinbase Global, Inc. - Class A Common Stock",NASDAQ,N,N,COIN,Active
COKE,"Coca-Cola Consolidated, Inc. - Common Stock",NASDAQ,N,N,COKE,Active
COLA,Columbus Acquisition Corp - Ordinary Shares,NASDAQ,N,N,COLA,Active
COLB,"Columbia Banking System, Inc. - Common Stock",NASDAQ,N,N,COLB,Active
COLD,"Americold Realty Trust, Inc. Common Stock",NYSE,N,N,COLD,Active
COLL,"Collegium Pharmaceutical, Inc. - Common Stock",NASDAQ,N,N,COLL,Active
COLM,Columbia Sportswear Company - Common Stock,NASDAQ,N,N,COLM,Active
COMP,"Compass, Inc. Class A Common Stock",NYSE,N,N,COMP,Active
CON,"Concentra Group Holdings Parent, Inc. Common Stock",NYSE,N,N,CON,Active
COO,"The Cooper Companies, Inc.  - Common Stock",NASDAQ,N,N,COO,Active
COOK,"Traeger, Inc. Common Stock",NYSE,N,N,COOK,Active
COOT,Australian Oilseeds Holdings Limited - Ordinary Shares,NASDAQ,N,N,COOT,Active
COP,ConocoPhillips Common Stock,NYSE,N,N,COP,Active
COPL,Copley Acquisition Corp Ordinary Shares,NYSE,N,N,COPL,Active
COPR,Idaho Copper Corporation Common Stock,NYSE American,N,N,COPR,Active
COR,"Cencora, Inc. Common Stock",NYSE,N,N,COR,Active
CORT,Corcept Therapeutics Incorporated - Common Stock,NASDAQ,N,N,CORT,Active
CORZ,"Core Scientific, Inc. - Common Stock",NASDAQ,N,N,CORZ,Active
CORZW,"Core Scientific, Inc. - Tranche 1 Warrants",NASDAQ,N,N,CORZW,Active
CORZZ,"Core Scientific, Inc. - Tranche 2 Warrants",NASDAQ,N,N,CORZZ,Active
COSM,Cosmos Health Inc. - Common Stock,NASDAQ,N,N,COSM,Active
COSO,"CoastalSouth Bancshares, Inc. Common Stock",NYSE,N,N,COSO,Active
COST,Costco Wholesale Corporation - Common Stock,NASDAQ,N,N,COST,Active
COTY,Coty Inc. Class A Common Stock,NYSE,N,N,COTY,Active
COUR,"Coursera, Inc. Common Stock",NYSE,N,N,COUR,Active
COYA,"Coya Therapeutics, Inc. - Common Stock",NASDAQ,N,N,COYA,Active
CP,Canadian Pacific Kansas City Limited Common Shares,NYSE,N,N,CP,Active
CPA,"Copa Holdings, S.A. Class A Common Stock",NYSE,N,N,CPA,Active
CPAY,"Corpay, Inc. Common Stock",NYSE,N,N,CPAY,Active
CPB,The Campbell's Company - Common Stock,NASDAQ,N,N,CPB,Active
CPBI,"Central Plains Bancshares, Inc. - Common Stock",NASDAQ,N,N,CPBI,Active
CPF,Central Pacific Financial Corp New,NYSE,N,N,CPF,Active
CPHC,Canterbury Park Holding Corporation - Common Stock,NASDAQ,N,N,CPHC,Active
CPHI,"China Pharma Holdings, Inc. Common Stock",NYSE American,N,N,CPHI,Active
CPIX,Cumberland Pharmaceuticals Inc. - Common Stock,NASDAQ,N,N,CPIX,Active
CPK,Chesapeake Utilities Corporation Common Stock,NYSE,N,N,CPK,Active
CPNG,"Coupang, Inc. Class A Common Stock",NYSE,N,N,CPNG,Active
CPOP,"Pop Culture Group Co., Ltd - Class A Ordinary Shares",NASDAQ,N,N,CPOP,Active
CPRI,Capri Holdings Limited Ordinary Shares,NYSE,N,N,CPRI,Active
CPRT,"Copart, Inc. - Common Stock",NASDAQ,N,N,CPRT,Active
CPS,Cooper-Standard Holdings Inc. Common Stock,NYSE,N,N,CPS,Active
CPSH,CPS Technologies Corp. - Common Stock,NASDAQ,N,N,CPSH,Active
CPSS,"Consumer Portfolio Services, Inc. - Common Stock",NASDAQ,N,N,CPSS,Active
CPT,Camden Property Trust Common Stock,NYSE,N,N,CPT,Active
CR,Crane Company Common Stock,NYSE,N,N,CR,Active
CRAC,Crown Reserve Acquisition Corp. I - Class A Ordinary Shares,NASDAQ,N,N,CRAC,Active
CRAI,"CRA International,Inc. - Common Stock",NASDAQ,N,N,CRAI,Active
CRAN,Crane Harbor Acquisition Corp. II - Class A Ordinary Shares,NASDAQ,N,N,CRAN,Active
CRAQ,Cal Redwood Acquisition Corp. - Class A Ordinary Shares,NASDAQ,N,N,CRAQ,Active
CRBG,Corebridge Financial Inc. Common Stock,NYSE,N,N,CRBG,Active
CRBP,"Corbus Pharmaceuticals Holdings, Inc. - Common Stock",NASDAQ,N,N,CRBP,Active
CRBU,"Caribou Biosciences, Inc. - Common Stock",NASDAQ,N,N,CRBU,Active
CRC,California Resources Corporation Common Stock,NYSE,N,N,CRC,Active
CRCL,"Circle Internet Group, Inc. Class A Common Stock",NYSE,N,N,CRCL,Active
CRCT,"Cricut, Inc. - Class A common stock",NASDAQ,N,N,CRCT,Active
CRDF,"Cardiff Oncology, Inc. - Common Stock",NASDAQ,N,N,CRDF,Active
CRDL,Cardiol Therapeutics Inc. - Class A Common Shares,NASDAQ,N,N,CRDL,Active
CRDO,Credo Technology Group Holding Ltd - Ordinary Shares,NASDAQ,N,N,CRDO,Active
CRE,Cre8 Enterprise Limited - Class A Ordinary Shares,NASDAQ,N,N,CRE,Active
CREX,"Creative Realities, Inc. - Common Stock",NASDAQ,N,N,CREX,Active
CRGO,Freightos Limited - Ordinary shares,NASDAQ,N,N,CRGO,Active
CRGOW,Freightos Limited - Warrants,NASDAQ,N,N,CRGOW,Active
CRGY,Crescent Energy Company Class A Common Stock,NYSE,N,N,CRGY,Active
CRH,CRH PLC Ordinary Shares,NYSE,N,N,CRH,Active
CRI,"Carter's, Inc. Common Stock",NYSE,N,N,CRI,Active
CRIS,"Curis, Inc. - Common Stock",NASDAQ,N,N,CRIS,Active
CRK,"Comstock Resources, Inc. Common Stock",NYSE,N,N,CRK,Active
CRL,"Charles River Laboratories International, Inc. Common Stock",NYSE,N,N,CRL,Active
CRM,"Salesforce, Inc. Common Stock",NYSE,N,N,CRM,Active
CRMD,CorMedix Inc. - Common Stock,NASDAQ,N,N,CRMD,Active
CRML,Critical Metals Corp. - Ordinary Shares,NASDAQ,N,N,CRML,Active
CRMLW,Critical Metals Corp. - Warrants,NASDAQ,N,N,CRMLW,Active
CRMT,"America's Car-Mart, Inc. - Common Stock",NASDAQ,N,N,CRMT,Active
CRNC,Cerence Inc. - Common Stock,NASDAQ,N,N,CRNC,Active
CRNT,Ceragon Networks Ltd. - Ordinary Shares,NASDAQ,N,N,CRNT,Active
CRNX,"Crinetics Pharmaceuticals, Inc. - Common Stock",NASDAQ,N,N,CRNX,Active
CRON,Cronos Group Inc. - Common Share,NASDAQ,N,N,CRON,Active
CROX,"Crocs, Inc. - Common Stock",NASDAQ,N,N,CROX,Active
CRS,Carpenter Technology Corporation Common Stock,NYSE,N,N,CRS,Active
CRSP,CRISPR Therapeutics AG - Common Shares,NASDAQ,N,N,CRSP,Active
CRSR,"Corsair Gaming, Inc. - Common Stock",NASDAQ,N,N,CRSR,Active
CRT,Cross Timbers Royalty Trust Common Stock,NYSE,N,N,CRT,Active
CRUS,"Cirrus Logic, Inc. - Common Stock",NASDAQ,N,N,CRUS,Active
CRVL,CorVel Corp. - Common Stock,NASDAQ,N,N,CRVL,Active
CRVO,CervoMed Inc. - Common Stock,NASDAQ,N,N,CRVO,Active
CRVS,"Corvus Pharmaceuticals, Inc. - Common Stock",NASDAQ,N,N,CRVS,Active
CRWD,"CrowdStrike Holdings, Inc. - Class A Common Stock",NASDAQ,N,N,CRWD,Active
CRWS,"Crown Crafts, Inc. - Common Stock",NASDAQ,N,N,CRWS,Active
CRWV,"CoreWeave, Inc. - Class A Common Stock",NASDAQ,N,N,CRWV,Active
CSAI,"Cloudastructure, Inc. - Class A Common Stock",NASDAQ,N,N,CSAI,Active
CSAN,Cosan S.A. ADS,NYSE,N,N,CSAN,Active
CSBR,"Champions Oncology, Inc. - Common Stock",NASDAQ,N,N,CSBR,Active
CSCO,"Cisco Systems, Inc. - Common Stock",NASDAQ,N,N,CSCO,Active
CSGP,"CoStar Group, Inc. - Common Stock",NASDAQ,N,N,CSGP,Active
CSHR,CoinShares PLC - Ordinary Shares,NASDAQ,N,N,CSHR,Active
CSHRW,CoinShares PLC - Warrants,NASDAQ,N,N,CSHRW,Active
CSIQ,Canadian Solar Inc. - Common Shares,NASDAQ,N,N,CSIQ,Active
CSL,Carlisle Companies Incorporated Common Stock,NYSE,N,N,CSL,Active
CSPI,CSP Inc. - Common Stock,NASDAQ,N,N,CSPI,Active
CSQR,"Csquare, Inc. Common Stock",NYSE,N,N,CSQR,Active
CSR,D/B/A Centerspace Common Stock,NYSE,N,N,CSR,Active
CSTE,Caesarstone Ltd. - Ordinary Shares,NASDAQ,N,N,CSTE,Active
CSTL,"Castle Biosciences, Inc. - Common stock",NASDAQ,N,N,CSTL,Active
CSTM,Constellium SE Ordinary Shares (France),NYSE,N,N,CSTM,Active
CSV,"Carriage Services, Inc. Common Stock",NYSE,N,N,CSV,Active
CSW,"CSW Industrials, Inc. Common Stock",NYSE,N,N,CSW,Active
CSWC,Capital Southwest Corporation - Common Stock,NASDAQ,N,N,CSWC,Active
CSX,CSX Corporation - Common Stock,NASDAQ,N,N,CSX,Active
CTAA,ClearThink 1 Acquisition Corp. - Class A Ordinary Shares,NASDAQ,N,N,CTAA,Active
CTAS,Cintas Corporation - Common Stock,NASDAQ,N,N,CTAS,Active
CTBI,"Community Trust Bancorp, Inc. - Common Stock",NASDAQ,N,N,CTBI,Active
CTEV,Claritev Corporation Class A Common Stock,NYSE,N,N,CTEV,Active
CTGO,Contango Silver & Gold Inc. Common Stock,NYSE American,N,N,CTGO,Active
CTKB,"Cytek Biosciences, Inc. - Common Stock",NASDAQ,N,N,CTKB,Active
CTM,"Castellum, Inc. Common Stock",NYSE American,N,N,CTM,Active
CTMX,"CytomX Therapeutics, Inc. - Common Stock",NASDAQ,N,N,CTMX,Active
CTNM,"Contineum Therapeutics, Inc. - Common stock",NASDAQ,N,N,CTNM,Active
CTNT,Cheetah Net Supply Chain Service Inc. - Class A Common Stock,NASDAQ,N,N,CTNT,Active
CTO,"CTO Realty Growth, Inc. Common Stock",NYSE,N,N,CTO,Active
CTOR,"Citius Oncology, Inc.  - Common Stock",NASDAQ,N,N,CTOR,Active
CTOS,"Custom Truck One Source, Inc. Common Stock",NYSE,N,N,CTOS,Active
CTRE,"CareTrust REIT, Inc. Common Stock",NYSE,N,N,CTRE,Active
CTRI,"Centuri Holdings, Inc. Common Stock",NYSE,N,N,CTRI,Active
CTRM,Castor Maritime Inc. - Common Shares,NASDAQ,N,N,CTRM,Active
CTRN,"Citi Trends, Inc. - Common Stock",NASDAQ,N,N,CTRN,Active
CTS,CTS Corporation Common Stock,NYSE,N,N,CTS,Active
CTSH,Cognizant Technology Solutions Corporation - Class A Common Stock,NASDAQ,N,N,CTSH,Active
CTSO,Cytosorbents Corporation - Common Stock,NASDAQ,N,N,CTSO,Active
CTVA,"Corteva, Inc. Common Stock ",NYSE,N,N,CTVA,Active
CTW,CTW - Class A Ordinary Shares,NASDAQ,N,N,CTW,Active
CTXR,"Citius Pharmaceuticals, Inc. - Common Stock",NASDAQ,N,N,CTXR,Active
CUB,Lionheart Holdings - Class A Ordinary Shares,NASDAQ,N,N,CUB,Active
CUBE,CubeSmart Common Shares,NYSE,N,N,CUBE,Active
CUBI,"Customers Bancorp, Inc Common Stock",NYSE,N,N,CUBI,Active
CUE,"Cue Biopharma, Inc. - Common Stock",NASDAQ,N,N,CUE,Active
CULP,"Culp, Inc. - Common Shares",NASDAQ,N,N,CULP,Active
CUPR,Cuprina Holdings (Cayman) Limited - Class A Ordinary shares,NASDAQ,N,N,CUPR,Active
CURB,Curbline Properties Corp. Common Stock,NYSE,N,N,CURB,Active
CURI,CuriosityStream Inc.  - Class A Common Stock,NASDAQ,N,N,CURI,Active
CURR,Currenc Group Inc. - Ordinary Shares,NASDAQ,N,N,CURR,Active
CURV,Torrid Holdings Inc. Common Stock,NYSE,N,N,CURV,Active
CURX,Curanex Pharmaceuticals Inc - Common Stock,NASDAQ,N,N,CURX,Active
CUZ,Cousins Properties Incorporated Common Stock,NYSE,N,N,CUZ,Active
CV,"CapsoVision, Inc. - Common Stock",NASDAQ,N,N,CV,Active
CVBF,CVB Financial Corporation - Common Stock,NASDAQ,N,N,CVBF,Active
CVCO,"Cavco Industries, Inc. - Common Stock",NASDAQ,N,N,CVCO,Active
CVE,Cenovus Energy Inc Common Stock,NYSE,N,N,CVE,Active
CVEO,Civeo Corporation (Canada) Common Shares,NYSE,N,N,CVEO,Active
CVGI,"Commercial Vehicle Group, Inc. - Common Stock",NASDAQ,N,N,CVGI,Active
CVI,CVR Energy Inc. Common Stock,NYSE,N,N,CVI,Active
CVKD,"Cadrenal Therapeutics, Inc. - Common Stock",NASDAQ,N,N,CVKD,Active
CVLG,"Covenant Logistics Group, Inc. Class A Common Stock",NYSE,N,N,CVLG,Active
CVLT,"Commvault Systems, Inc. - Common Stock",NASDAQ,N,N,CVLT,Active
CVM,Cel-Sci Corporation Common Stock,NYSE American,N,N,CVM,Active
CVNA,Carvana Co. Class A Common Stock,NYSE,N,N,CVNA,Active
CVR,Chicago Rivet & Machine Co. Common Stock,NYSE American,N,N,CVR,Active
CVRX,"CVRx, Inc. - Common Stock",NASDAQ,N,N,CVRX,Active
CVS,CVS Health Corporation Common Stock,NYSE,N,N,CVS,Active
CVSA,Covista Inc. Common Shares,NYSE,N,N,CVSA,Active
CVU,"CPI Aerostructures, Inc. Common Stock",NYSE American,N,N,CVU,Active
CVV,CVD Equipment Corporation - Common Stock,NASDAQ,N,N,CVV,Active
CVX,Chevron Corporation Common Stock,NYSE,N,N,CVX,Active
CW,Curtiss-Wright Corporation Common Stock,NYSE,N,N,CW,Active
CWBC,Community West Bancshares - Common Stock,NASDAQ,N,N,CWBC,Active
CWCO,Consolidated Water Co. Ltd. - Ordinary Shares,NASDAQ,N,N,CWCO,Active
CWD,CaliberCos Inc. - Class A Common Stock,NASDAQ,N,N,CWD,Active
CWEN,"Clearway Energy, Inc. Class C Common Stock",NYSE,N,N,CWEN,Active
CWH,"Camping World Holdings, Inc. Class A Common Stock",NYSE,N,N,CWH,Active
CWK,Cushman & Wakefield Ltd. Common Shares,NYSE,N,N,CWK,Active
CWST,"Casella Waste Systems, Inc. - Class A Common Stock",NASDAQ,N,N,CWST,Active
CWT,California Water Service Group Common Stock,NYSE,N,N,CWT,Active
CX,"Cemex, S.A.B. de C.V. Sponsored ADR",NYSE,N,N,CX,Active
CXAI,CXApp Inc. - Class A Common Stock,NASDAQ,N,N,CXAI,Active
CXDO,"Crexendo, Inc. - Common Stock",NASDAQ,N,N,CXDO,Active
CXII,Churchill Capital Corp XII - Class A Ordinary Shares,NASDAQ,N,N,CXII,Active
CXIIW,Churchill Capital Corp XII - Warrants,NASDAQ,N,N,CXIIW,Active
CXM,"Sprinklr, Inc. Class A Common Stock",NYSE,N,N,CXM,Active
CXT,"Crane NXT, Co. Common Stock",NYSE,N,N,CXT,Active
CXW,"CoreCivic, Inc. Common Stock",NYSE,N,N,CXW,Active
CYAB,"Cyabra, Inc. - Common Stock",NASDAQ,N,N,CYAB,Active
CYCN,"Cyclerion Therapeutics, Inc. - Common Stock",NASDAQ,N,N,CYCN,Active
CYCU,"Cycurion, Inc. - Common Stock",NASDAQ,N,N,CYCU,Active
CYCUW,"Cycurion, Inc. - Warrants",NASDAQ,N,N,CYCUW,Active
CYD,China Yuchai International Limited Common Stock,NYSE,N,N,CYD,Active
CYH,"Community Health Systems, Inc. Common Stock",NYSE,N,N,CYH,Active
CYN,Cyngn Inc. - Common stock,NASDAQ,N,N,CYN,Active
CYPH,Cypherpunk Technologies Inc. - Common Stock,NASDAQ,N,N,CYPH,Active
CYRX,"CryoPort, Inc. - Common Stock",NASDAQ,N,N,CYRX,Active
CYTK,"Cytokinetics, Incorporated - Common Stock",NASDAQ,N,N,CYTK,Active
CZFS,"Citizens Financial Services, Inc. - Common Stock",NASDAQ,N,N,CZFS,Active
CZNC,Citizens & Northern Corp - Common Stock,NASDAQ,N,N,CZNC,Active
CZR,"Caesars Entertainment, Inc. - Common Stock",NASDAQ,N,N,CZR,Active
CZWI,"Citizens Community Bancorp, Inc. - Common Stock",NASDAQ,N,N,CZWI,Active
D,"Dominion Energy, Inc. Common Stock",NYSE,N,N,D,Active
DAAQ,Digital Asset Acquisition Corp. - Class A Ordinary shares,NASDAQ,N,N,DAAQ,Active
DAC,Danaos Corporation Common Stock,NYSE,N,N,DAC,Active
DAIC,"CID HoldCo, Inc. - Common Stock",NASDAQ,N,N,DAIC,Active
DAICW,"CID HoldCo, Inc. - Warrants",NASDAQ,N,N,DAICW,Active
DAIO,Data I/O Corporation - Common Stock,NASDAQ,N,N,DAIO,Active
DAKT,"Daktronics, Inc. - Common Stock",NASDAQ,N,N,DAKT,Active
DAL,"Delta Air Lines, Inc. Common Stock",NYSE,N,N,DAL,Active
DAN,Dana Incorporated Common Stock ,NYSE,N,N,DAN,Active
DAR,Darling Ingredients Inc. Common Stock,NYSE,N,N,DAR,Active
DARE,"Dare Bioscience, Inc. - Common Stock",NASDAQ,N,N,DARE,Active
DASH,"DoorDash, Inc. - Common Stock",NASDAQ,N,N,DASH,Active
DAVE,Dave Inc.  - Class A Common Stock,NASDAQ,N,N,DAVE,Active
DAVEW,Dave Inc.  - Warrants,NASDAQ,N,N,DAVEW,Active
DB,Deutsche Bank AG Common Stock,NYSE,N,N,DB,Active
DBCA,D. Boral Acquisition I Corp. - Class A Ordinary Shares,NASDAQ,N,N,DBCA,Active
DBCAW,D. Boral Acquisition I Corp. - Warrants,NASDAQ,N,N,DBCAW,Active
DBD,Diebold Nixdorf Incorporated Common stock,NYSE,N,N,DBD,Active
DBGI,"Digital Brands Group, Inc. - Common Stock",NASDAQ,N,N,DBGI,Active
DBI,Designer Brands Inc. Class A Common Stock,NYSE,N,N,DBI,Active
DBRG,"DigitalBridge Group, Inc.",NYSE,N,N,DBRG,Active
DBX,"Dropbox, Inc. - Class A Common Stock",NASDAQ,N,N,DBX,Active
DC,Dakota Gold Corp. Common Stock,NYSE American,N,N,DC,Active
DCBO,Docebo Inc. - Common Shares,NASDAQ,N,N,DCBO,Active
DCGO,DocGo Inc. - Common Stock,NASDAQ,N,N,DCGO,Active
DCH,Dauch Corporation Common Stock,NYSE,N,N,DCH,Active
DCI,"Donaldson Company, Inc. Common Stock",NYSE,N,N,DCI,Active
DCO,Ducommun Incorporated Common Stock,NYSE,N,N,DCO,Active
DCOM,"Dime Commercial Bancshares, Inc. Common Stock",NYSE,N,N,DCOM,Active
DCOY,Decoy Therapeutics Inc. - Common Stock,NASDAQ,N,N,DCOY,Active
DCTH,"Delcath Systems, Inc. - Common Stock",NASDAQ,N,N,DCTH,Active
DCX,Digital Currency X Technology Inc. - Class A Ordinary Shares,NASDAQ,N,N,DCX,Active
DD,"DuPont de Nemours, Inc. Common Stock",NYSE,N,N,DD,Active
DDC,DDC Enterprise Limited Class A Ordinary Shares,NYSE American,N,N,DDC,Active
DDD,3D Systems Corporation Common Stock,NYSE,N,N,DDD,Active
DDI,"DoubleDown Interactive Co., Ltd. - American Depository Shares",NASDAQ,N,N,DDI,Active
DDOG,"Datadog, Inc. - Class A Common Stock",NASDAQ,N,N,DDOG,Active
DDS,"Dillard's, Inc. Common Stock",NYSE,N,N,DDS,Active
DDT,Dillard's Capital Trust I,NYSE,N,N,DDT,Active
DE,Deere & Company Common Stock,NYSE,N,N,DE,Active
DEA,"Easterly Government Properties, Inc. Common Stock",NYSE,N,N,DEA,Active
DEC,Diversified Energy Company Common Stock,NYSE,N,N,DEC,Active
DECK,Deckers Outdoor Corporation Common Stock,NYSE,N,N,DECK,Active
DEFT,"Defi Technologies, Inc. - Common Stock",NASDAQ,N,N,DEFT,Active
DEI,"Douglas Emmett, Inc. Common Stock",NYSE,N,N,DEI,Active
DELL,Dell Technologies Inc. Class C Common Stock ,NYSE,N,N,DELL,Active
DEO,Diageo plc Common Stock,NYSE,N,N,DEO,Active
DERM,Journey Medical Corporation - Common Stock,NASDAQ,N,N,DERM,Active
DETX,"Liberty Defense Holdings, Ltd. - Common Shares",NASDAQ,N,N,DETX,Active
DFDV,DeFi Development Corp. - Common Stock,NASDAQ,N,N,DFDV,Active
DFH,"Dream Finders Homes, Inc. Class A Common Stock",NYSE,N,N,DFH,Active
DFIN,"Donnelley Financial Solutions, Inc. Common Stock ",NYSE,N,N,DFIN,Active
DFLI,Dragonfly Energy Holdings Corp - Common Stock,NASDAQ,N,N,DFLI,Active
DFNS,T3 Defense Inc. - Common Stock,NASDAQ,N,N,DFNS,Active
DFNSW,T3 Defense Inc. - Warrants,NASDAQ,N,N,DFNSW,Active
DFSC,"DEFSEC Technologies Inc. - common stock, no R/S concurrent with offering",NASDAQ,N,N,DFSC,Active
DFTX,"Definium Therapeutics, Inc.  - Common Shares",NASDAQ,N,N,DFTX,Active
DG,Dollar General Corporation Common Stock,NYSE,N,N,DG,Active
DGAC,Disciplined Growth Acquisition Corporation Class A Ordinary Shares,NYSE,N,N,DGAC,Active
DGICA,"Donegal Group, Inc. - Class A Common Stock",NASDAQ,N,N,DGICA,Active
DGICB,"Donegal Group, Inc. - Class B Common Stock",NASDAQ,N,N,DGICB,Active
DGII,Digi International Inc. - Common Stock,NASDAQ,N,N,DGII,Active
DGNX,Diginex Limited - Ordinary Shares,NASDAQ,N,N,DGNX,Active
DGX,Quest Diagnostics Incorporated Common Stock,NYSE,N,N,DGX,Active
DGXX,Digi Power X Inc. - Common Subordinate Voting Shares,NASDAQ,N,N,DGXX,Active
DH,Definitive Healthcare Corp. - Class A Common Stock,NASDAQ,N,N,DH,Active
DHI,"D.R. Horton, Inc. Common Stock",NYSE,N,N,DHI,Active
DHR,Danaher Corporation Common Stock,NYSE,N,N,DHR,Active
DHT,"DHT Holdings, Inc.",NYSE,N,N,DHT,Active
DHX,"DHI Group, Inc. Common Stock",NYSE,N,N,DHX,Active
DIBS,"1stdibs.com, Inc. - Common Stock",NASDAQ,N,N,DIBS,Active
DIN,"Dine Brands Global, Inc. Common Stock",NYSE,N,N,DIN,Active
DINO,HF Sinclair Corporation Common Stock,NYSE,N,N,DINO,Active
DIOD,Diodes Incorporated - Common Stock,NASDAQ,N,N,DIOD,Active
DIS,Walt Disney Company (The) Common Stock,NYSE,N,N,DIS,Active
DIT,AMCON Distributing Company Common Stock,NYSE American,N,N,DIT,Active
DJCO,Daily Journal Corp. (S.C.) - Common Stock,NASDAQ,N,N,DJCO,Active
DJT,Trump Media & Technology Group Corp. - Common Stock,NASDAQ,N,N,DJT,Active
DJTWW,Trump Media & Technology Group Corp. - Warrants,NASDAQ,N,N,DJTWW,Active
DK,"Delek US Holdings, Inc. Common Stock",NYSE,N,N,DK,Active
DKI,DarkIris Inc. - Class A Ordinary Shares,NASDAQ,N,N,DKI,Active
DKNG,DraftKings Inc. - Class A Common Stock,NASDAQ,N,N,DKNG,Active
DKS,Dick's Sporting Goods Inc Common Stock,NYSE,N,N,DKS,Active
DLB,Dolby Laboratories Common Stock,NYSE,N,N,DLB,Active
DLHC,DLH Holdings Corp. - Common Stock,NASDAQ,N,N,DLHC,Active
DLO,DLocal Limited - Class A Common Shares,NASDAQ,N,N,DLO,Active
DLPN,"Dolphin Entertainment, Inc. - Common Stock",NASDAQ,N,N,DLPN,Active
DLR,"Digital Realty Trust, Inc. Common Stock",NYSE,N,N,DLR,Active
DLTH,Duluth Holdings Inc. - Class B Common Stock,NASDAQ,N,N,DLTH,Active
DLTR,"Dollar Tree, Inc. - Common Stock",NASDAQ,N,N,DLTR,Active
DLX,Deluxe Corporation Common Stock,NYSE,N,N,DLX,Active
DLXY,Delixy Holdings Limited - Class A Ordinary Shares,NASDAQ,N,N,DLXY,Active
DMAA,Drugs Made In America Acquisition Corp. - Ordinary Shares,NASDAQ,N,N,DMAA,Active
DMAC,DiaMedica Therapeutics Inc. - Common Stock,NASDAQ,N,N,DMAC,Active
DMC,Del Monte Corporation Ordinary Shares,NYSE,N,N,DMC,Active
DMII,Drugs Made In America Acquisition II Corp. - Ordinary Shares,NASDAQ,N,N,DMII,Active
DMRA,"Damora Therapeutics, Inc. - Ordinary Shares",NASDAQ,N,N,DMRA,Active
DMRC,Digimarc Corporation - Common Stock,NASDAQ,N,N,DMRC,Active
DNA,"Ginkgo Bioworks Holdings, Inc. Class A Common Stock",NYSE,N,N,DNA,Active
DNLI,Denali Therapeutics Inc. - Common Stock,NASDAQ,N,N,DNLI,Active
DNMX,Dynamix Corporation III - Class A Ordinary Shares,NASDAQ,N,N,DNMX,Active
DNMXW,Dynamix Corporation III - Warrants,NASDAQ,N,N,DNMXW,Active
DNN,Denison Mines Corp Ordinary Shares (Canada),NYSE American,N,N,DNN,Active
DNOW,DNOW Inc. Common Stock,NYSE,N,N,DNOW,Active
DNTH,"Dianthus Therapeutics, Inc. - Common Stock",NASDAQ,N,N,DNTH,Active
DNUT,"Krispy Kreme, Inc. - Common Stock",NASDAQ,N,N,DNUT,Active
DOC,"Healthpeak Properties, Inc. Common Stock",NYSE,N,N,DOC,Active
DOCN,"DigitalOcean Holdings, Inc. Common Stock",NYSE,N,N,DOCN,Active
DOCS,"Doximity, Inc. Class A Common Stock",NYSE,N,N,DOCS,Active
DOCU,"DocuSign, Inc. - Common Stock",NASDAQ,N,N,DOCU,Active
DOGZ,Dogness (International) Corporation - Class A Common Stock,NASDAQ,N,N,DOGZ,Active
DOLE,Dole plc Ordinary Shares,NYSE,N,N,DOLE,Active
DOMH,Dominari Holdings Inc. - Common Stock,NASDAQ,N,N,DOMH,Active
DOMO,"Domo, Inc. - Class B Common Stock",NASDAQ,N,N,DOMO,Active
DOO,BRP Inc. - Common Subordinate Voting Shares,NASDAQ,N,N,DOO,Active
DORM,"Dorman Products, Inc. - Common Stock",NASDAQ,N,N,DORM,Active
DOUG,Douglas Elliman Inc. Common Stock,NYSE,N,N,DOUG,Active
DOV,Dover Corporation Common Stock,NYSE,N,N,DOV,Active
DOW,Dow Inc. Common Stock ,NYSE,N,N,DOW,Active
DOX,Amdocs Limited - Ordinary Shares,NASDAQ,N,N,DOX,Active
DPC,DPC Holdings PLC Ordinary Shares,NYSE,N,N,DPC,Active
DPRO,Draganfly Inc. - Common Shares,NASDAQ,N,N,DPRO,Active
DPU,Top KingWin Ltd - Class A Ordinary Shares,NASDAQ,N,N,DPU,Active
DPZ,Domino's Pizza Inc - Common Stock,NASDAQ,N,N,DPZ,Active
DRCT,"Direct Digital Holdings, Inc. - Class A Common Stock",NASDAQ,N,N,DRCT,Active
DRDB,Roman DBDR Acquisition Corp. II - Ordinary shares,NASDAQ,N,N,DRDB,Active
DRDBW,Roman DBDR Acquisition Corp. II - Warrants,NASDAQ,N,N,DRDBW,Active
DRH,Diamondrock Hospitality Company - Common Stock,NASDAQ,N,N,DRH,Active
DRI,"Darden Restaurants, Inc. Common Stock",NYSE,N,N,DRI,Active
DRIO,DarioHealth Corp. - Common Stock,NASDAQ,N,N,DRIO,Active
DRMA,"Dermata Therapeutics, Inc. - Common Stock",NASDAQ,N,N,DRMA,Active
DRS,"Leonardo DRS, Inc. - Common Stock",NASDAQ,N,N,DRS,Active
DRTS,Alpha Tau Medical Ltd. - Ordinary Shares,NASDAQ,N,N,DRTS,Active
DRUG,Bright Minds Biosciences Inc. - common stock,NASDAQ,N,N,DRUG,Active
DRVN,Driven Brands Holdings Inc. - Common Stock,NASDAQ,N,N,DRVN,Active
DSAC,Daedalus Special Acquisition Corp. - Class A Ordinary Shares,NASDAQ,N,N,DSAC,Active
DSGN,"Design Therapeutics, Inc. - Common Stock",NASDAQ,N,N,DSGN,Active
DSGR,"Distribution Solutions Group, Inc. - Common Stock",NASDAQ,N,N,DSGR,Active
DSGX,The Descartes Systems Group Inc. - Common Stock,NASDAQ,N,N,DSGX,Active
DSP,Viant Technology Inc. - common stock,NASDAQ,N,N,DSP,Active
DSS,"DSS, Inc. Common Stock",NYSE American,N,N,DSS,Active
DSWL,"Deswell Industries, Inc. - Common Shares",NASDAQ,N,N,DSWL,Active
DSX,Diana Shipping inc. common stock,NYSE,N,N,DSX,Active
DSY,Big Tree Cloud Holdings Limited - Class A Ordinary Shares,NASDAQ,N,N,DSY,Active
DSYWW,Big Tree Cloud Holdings Limited - Warrants,NASDAQ,N,N,DSYWW,Active
DT,"Dynatrace, Inc. Common Stock",NYSE,N,N,DT,Active
DTB,DTE Energy Company 2020 Series G 4.375% Junior Subordinated Debentures due 2080,NYSE,N,N,DTB,Active
DTCX,"Datacentrex, Inc. - Common Stock",NASDAQ,N,N,DTCX,Active
DTE,DTE Energy Company Common Stock,NYSE,N,N,DTE,Active
DTG,DTE Energy Company 2021 Series E 4.375% Junior Subordinated Debentures,NYSE,N,N,DTG,Active
DTI,Drilling Tools International Corporation  - Common Stock,NASDAQ,N,N,DTI,Active
DTIL,"Precision BioSciences, Inc. - Common Stock",NASDAQ,N,N,DTIL,Active
DTK,DTE Energy Company 2025 Series H 6.25% Junior Subordinated Debentures due 2085,NYSE,N,N,DTK,Active
DTM,"DT Midstream, Inc. Common Stock ",NYSE,N,N,DTM,Active
DTSQ,DT Cloud Star Acquisition Corporation - Ordinary Shares,NASDAQ,N,N,DTSQ,Active
DTSS,Datasea Intelligent Technology Ltd. - Class A Ordinary Shares,NASDAQ,N,N,DTSS,Active
DTST,Data Storage Corporation - Common Stock,NASDAQ,N,N,DTST,Active
DTW,DTE Energy Company 2017 Series E 5.25% Junior Subordinated Debentures due 2077,NYSE,N,N,DTW,Active
DUK,Duke Energy Corporation (Holding Company) Common Stock,NYSE,N,N,DUK,Active
DUKB,Duke Energy Corporation 5.625% Junior Subordinated Debentures due 2078,NYSE,N,N,DUKB,Active
DUKR,DUKE Robotics Corp. - Common Stock,NASDAQ,N,N,DUKR,Active
DUO,Fangdd Network Group Ltd. - Class A Ordinary Shares,NASDAQ,N,N,DUO,Active
DUOL,"Duolingo, Inc. - Class A Common Stock",NASDAQ,N,N,DUOL,Active
DUOT,"Duos Technologies Group, Inc. - Common Stock",NASDAQ,N,N,DUOT,Active
DV,"DoubleVerify Holdings, Inc. Common Stock",NYSE,N,N,DV,Active
DVA,DaVita Inc. Common Stock,NYSE,N,N,DVA,Active
DVLT,Datavault AI Inc. - Common Stock,NASDAQ,N,N,DVLT,Active
DVN,Devon Energy Corporation Common Stock,NYSE,N,N,DVN,Active
DWSN,Dawson Geophysical Company - Common Stock,NASDAQ,N,N,DWSN,Active
DWTX,"Dogwood Therapeutics, Inc.  - Common Stock",NASDAQ,N,N,DWTX,Active
DX,"Dynex Capital, Inc. Common Stock",NYSE,N,N,DX,Active
DXC,DXC Technology Company Common Stock ,NYSE,N,N,DXC,Active
DXCM,"DexCom, Inc. - Common Stock",NASDAQ,N,N,DXCM,Active
DXLG,"Destination XL Group, Inc. - Common Stock",NASDAQ,N,N,DXLG,Active
DXPE,"DXP Enterprises, Inc. - Common Stock",NASDAQ,N,N,DXPE,Active
DXST,Decent Holding Inc. - Class A Ordinary Shares,NASDAQ,N,N,DXST,Active
DXYZ,Destiny Tech100 Inc. Common Stock,NYSE,N,N,DXYZ,Active
DY,"Dycom Industries, Inc. Common Stock",NYSE,N,N,DY,Active
DYAI,"Dyadic International, Inc. - Common Stock",NASDAQ,N,N,DYAI,Active
DYN,"Dyne Therapeutics, Inc. - Common Stock",NASDAQ,N,N,DYN,Active
DYNC,Dynamix Corporation - Class A Ordinary Share,NASDAQ,N,N,DYNC,Active
DYOR,Insight Digital Partners II - Class A Ordinary Shares,NASDAQ,N,N,DYOR,Active
DYORW,Insight Digital Partners II - Warrants,NASDAQ,N,N,DYORW,Active
E,ENI S.p.A. Common Stock,NYSE,N,N,E,Active
EA,Electronic Arts Inc. - Common Stock,NASDAQ,N,N,EA,Active
EAF,GrafTech International Ltd. Common Stock,NYSE,N,N,EAF,Active
EAI,"Entergy Arkansas, LLC First Mortgage Bonds, 4.875% Series Due September 1, 2066",NYSE,N,N,EAI,Active
EAT,"Brinker International, Inc. Common Stock",NYSE,N,N,EAT,Active
EBAY,eBay Inc. - Common Stock,NASDAQ,N,N,EBAY,Active
EBC,"Eastern Bankshares, Inc. - Common Stock",NASDAQ,N,N,EBC,Active
EBF,"Ennis, Inc. Common Stock",NYSE,N,N,EBF,Active
EBMT,"Eagle Bancorp Montana, Inc. - Common Stock",NASDAQ,N,N,EBMT,Active
EBON,Ebang International Holdings Inc. - Class A Ordinary Shares,NASDAQ,N,N,EBON,Active
EBS,Emergent BioSolutions Inc. Common Stock,NYSE,N,N,EBS,Active
ECBK,"ECB Bancorp, Inc. - Common Stock",NASDAQ,N,N,ECBK,Active
ECG,"Everus Construction Group, Inc. Common Stock",NYSE,N,N,ECG,Active
ECHO,EchoStar Corporation - Common stock,NASDAQ,N,N,ECHO,Active
ECL,Ecolab Inc. Common Stock,NYSE,N,N,ECL,Active
ECO,Okeanis Eco Tankers Corp. Common Stock,NYSE,N,N,ECO,Active
ECOR,"electroCore, Inc. - Common Stock",NASDAQ,N,N,ECOR,Active
ECPG,Encore Capital Group Inc - Common Stock,NASDAQ,N,N,ECPG,Active
ECVT,Ecovyst Inc. Common Stock,NYSE,N,N,ECVT,Active
ECX,ECARX Holdings Inc. - Class A Ordinary shares,NASDAQ,N,N,ECX,Active
ECXWW,ECARX Holdings Inc. - Warrants,NASDAQ,N,N,ECXWW,Active
ED,"Consolidated Edison, Inc. Common Stock",NYSE,N,N,ED,Active
EDBL,Edible Garden AG Incorporated - Common Stock,NASDAQ,N,N,EDBL,Active
EDHL,Everbright Digital Holding Limited - Ordinary Shares,NASDAQ,N,N,EDHL,Active
EDIT,"Editas Medicine, Inc. - Common Stock",NASDAQ,N,N,EDIT,Active
EDRY,EuroDry Ltd. - Common Shares,NASDAQ,N,N,EDRY,Active
EDSA,"Edesa Biotech, Inc. - Common Shares",NASDAQ,N,N,EDSA,Active
EDTK,Skillful Craftsman Education Technology Limited - Ordinary Share,NASDAQ,N,N,EDTK,Active
EDU,"New Oriental Education & Technology Group, Inc. Sponsored ADR representing 10 Ordinary Share (Cayman Islands)",NYSE,N,N,EDU,Active
EDUC,Educational Development Corporation - Common Stock,NASDAQ,N,N,EDUC,Active
EE,"Excelerate Energy, Inc. Class A Common Stock",NYSE,N,N,EE,Active
EEFT,"Euronet Worldwide, Inc. - Common Stock",NASDAQ,N,N,EEFT,Active
EEIQ,EpicQuest Education Group International Limited - Common Stock,NASDAQ,N,N,EEIQ,Active
EFC,Ellington Financial Inc. Common Stock ,NYSE,N,N,EFC,Active
EFOI,"Energy Focus, Inc. - Common Stock",NASDAQ,N,N,EFOI,Active
EFOR,"Everforth, Inc. Common Stock",NYSE,N,N,EFOR,Active
EFSC,Enterprise Financial Services Corporation - Common Stock,NASDAQ,N,N,EFSC,Active
EFSI,Eagle Financial Services Inc - Common Stock,NASDAQ,N,N,EFSI,Active
EFTY,"Etoiles Capital Group Co., Ltd. - Class A Ordinary Shares",NASDAQ,N,N,EFTY,Active
EFX,"Equifax, Inc. Common Stock",NYSE,N,N,EFX,Active
EFXT,Enerflex Ltd Common Shares,NYSE,N,N,EFXT,Active
EG,"Everest Group, Ltd. Common Stock",NYSE,N,N,EG,Active
EGAN,eGain Corporation - Common Stock,NASDAQ,N,N,EGAN,Active
EGBN,"Eagle Bancorp, Inc. - Common Stock",NASDAQ,N,N,EGBN,Active
EGG,Enigmatig Limited Class A Ordinary Shares,NYSE American,N,N,EGG,Active
EGHA,EGH Acquisition Corp. - Class A ordinary shares,NASDAQ,N,N,EGHA,Active
EGHT,8x8 Inc - Common stock,NASDAQ,N,N,EGHT,Active
EGO,Eldorado Gold Corporation Ordinary Shares,NYSE,N,N,EGO,Active
EGP,"EastGroup Properties, Inc. Common Stock",NYSE,N,N,EGP,Active
EGY,"VAALCO Energy, Inc.  Common Stock",NYSE,N,N,EGY,Active
EH,EHang Holdings Limited - ADS,NASDAQ,N,N,EH,Active
EHC,Encompass Health Corporation Common Stock,NYSE,N,N,EHC,Active
EHGO,Eshallgo Inc. - Class A Ordinary Shares,NASDAQ,N,N,EHGO,Active
EHLD,Euroholdings Ltd. - Common Stock,NASDAQ,N,N,EHLD,Active
EHTH,"eHealth, Inc. - Common Stock",NASDAQ,N,N,EHTH,Active
EIC,Eagle Point Income Company Inc. Common Stock,NYSE,N,N,EIC,Active
EIG,Employers Holdings Inc Common Stock,NYSE,N,N,EIG,Active
EIKN,"Eikon Therapeutics, Inc. - Common Stock",NASDAQ,N,N,EIKN,Active
EIX,Edison International Common Stock,NYSE,N,N,EIX,Active
EJH,E-Home Household Service Holdings Limited - Ordinary shares,NASDAQ,N,N,EJH,Active
EL,"Estee Lauder Companies, Inc. (The) Common Stock",NYSE,N,N,EL,Active
ELA,Envela Corporation Common Stock,NYSE American,N,N,ELA,Active
ELAB,PMGC Holdings Inc. - Common Stock,NASDAQ,N,N,ELAB,Active
ELAN,Elanco Animal Health Incorporated Common Stock,NYSE,N,N,ELAN,Active
ELBM,Electra Battery Materials Corporation - Common Stock,NASDAQ,N,N,ELBM,Active
ELC,"Entergy Louisiana, Inc. Collateral Trust Mortgage Bonds, 4.875 % Series due September 1, 2066",NYSE,N,N,ELC,Active
ELDN,"Eledon Pharmaceuticals, Inc. - Common Stock",NASDAQ,N,N,ELDN,Active
ELE,Elemental Royalty Corporation - Common Stock,NASDAQ,N,N,ELE,Active
ELF,"e.l.f. Beauty, Inc. Common Stock",NYSE,N,N,ELF,Active
ELLO,Ellomay Capital Ltd Ordinary Shares (Israel),NYSE American,N,N,ELLO,Active
ELMD,"Electromed, Inc. Common Stock",NYSE American,N,N,ELMD,Active
ELME,Elme Communities Common Stock,NYSE,N,N,ELME,Active
ELMT,The Elmet Group Co. - Common Stock,NASDAQ,N,N,ELMT,Active
ELOG,Eastern International Ltd. - Ordinary Shares,NASDAQ,N,N,ELOG,Active
ELOX,"Eloxx Pharmaceuticals, Inc. - Common Stock",NASDAQ,N,N,ELOX,Active
ELPW,Elong Power Holding Limited - Class A Ordinary Shares,NASDAQ,N,N,ELPW,Active
ELS,"Equity Lifestyle Properties, Inc. Common Stock",NYSE,N,N,ELS,Active
ELSE,"Electro-Sensors, Inc. - Common Stock",NASDAQ,N,N,ELSE,Active
ELTK,Eltek Ltd. - Ordinary Shares,NASDAQ,N,N,ELTK,Active
ELTX,"Elicio Therapeutics, Inc. - Common Stock",NASDAQ,N,N,ELTX,Active
ELUT,"Elutia, Inc. - Class A Common Stock",NASDAQ,N,N,ELUT,Active
ELV,"Elevance Health, Inc. Common Stock",NYSE,N,N,ELV,Active
ELVA,Electrovaya Inc. - Common Shares,NASDAQ,N,N,ELVA,Active
ELVN,"Enliven Therapeutics, Inc.  - Common Stock",NASDAQ,N,N,ELVN,Active
ELVR,Elevra Lithium Limited - American Depository Shares,NASDAQ,N,N,ELVR,Active
ELWT,"Elauwit Connection, Inc. - Common Stock",NASDAQ,N,N,ELWT,Active
EMA,Emera Incorporated Common Shares,NYSE,N,N,EMA,Active
EMAT,Evolution Metals & Technologies Corp. - Common Stock,NASDAQ,N,N,EMAT,Active
EMBC,Embecta Corp. - Common Stock,NASDAQ,N,N,EMBC,Active
EMBJ,Embraer S.A. Common Stock,NYSE,N,N,EMBJ,Active
EME,"EMCOR Group, Inc. Common Stock",NYSE,N,N,EME,Active
EMIS,Emmis Acquisition Corp. - Class A Ordinary Share,NASDAQ,N,N,EMIS,Active
EML,Eastern Company (The) - Common Stock,NASDAQ,N,N,EML,Active
EMN,Eastman Chemical Company Common Stock,NYSE,N,N,EMN,Active
EMP,"Entergy Mississippi, LLC First Mortgage Bonds, 4.90% Series Due October 1, 2066",NYSE,N,N,EMP,Active
EMPD,Empery Digital Inc. - Common stock,NASDAQ,N,N,EMPD,Active
EMPG,Empro Group Inc. - Ordinary shares,NASDAQ,N,N,EMPG,Active
EMR,Emerson Electric Company Common Stock,NYSE,N,N,EMR,Active
ENB,Enbridge Inc Common Stock,NYSE,N,N,ENB,Active
ENGN,enGene Therapeutics Inc. - Common Stock,NASDAQ,N,N,ENGN,Active
ENGNW,enGene Therapeutics Inc. - Warrants,NASDAQ,N,N,ENGNW,Active
ENGS,Energys Group Limited - Ordinary Shares,NASDAQ,N,N,ENGS,Active
ENHA,Enhanced Group Inc. Class A Common Stock,NYSE,N,N,ENHA,Active
ENJ,"Entergy New Orleans, LLC First Mortgage Bonds, 5.0% Series due December 1, 2052",NYSE,N,N,ENJ,Active
ENLT,Enlight Renewable Energy Ltd. - Ordinary Shares,NASDAQ,N,N,ENLT,Active
ENLV,Enlivex Ltd. - Ordinary Shares,NASDAQ,N,N,ENLV,Active
ENO,"Entergy New Orleans, LLC First Mortgage Bonds, 5.50% Series due April 1, 2066",NYSE,N,N,ENO,Active
ENOV,Enovis Corporation Common Stock,NYSE,N,N,ENOV,Active
ENPH,"Enphase Energy, Inc. - Common Stock",NASDAQ,N,N,ENPH,Active
ENR,"Energizer Holdings, Inc. Common Stock",NYSE,N,N,ENR,Active
ENRDW,Einride AB - Warrants,NASDAQ,N,N,ENRDW,Active
ENS,EnerSys Common Stock,NYSE,N,N,ENS,Active
ENSC,"Ensysce Biosciences, Inc. - Common Stock",NASDAQ,N,N,ENSC,Active
ENSG,"The Ensign Group, Inc. - Common Stock",NASDAQ,N,N,ENSG,Active
ENTA,"Enanta Pharmaceuticals, Inc. - Common Stock",NASDAQ,N,N,ENTA,Active
ENTG,"Entegris, Inc. - Common Stock",NASDAQ,N,N,ENTG,Active
ENTX,Entera Bio Ltd. - Ordinary Shares,NASDAQ,N,N,ENTX,Active
ENVA,"Enova International, Inc. Common Stock",NYSE,N,N,ENVA,Active
ENVB,"Enveric Biosciences, Inc.  - Common Stock",NASDAQ,N,N,ENVB,Active
ENVX,Enovix Corporation - Common Stock,NASDAQ,N,N,ENVX,Active
EOG,"EOG Resources, Inc. Common Stock",NYSE,N,N,EOG,Active
EOLS,"Evolus, Inc. - Common Stock",NASDAQ,N,N,EOLS,Active
EONR,EON Resources Inc. Class A Common Stock,NYSE American,N,N,EONR,Active
EOSE,"Eos Energy Enterprises, Inc. - Common Stock",NASDAQ,N,N,EOSE,Active
EOT,Eaton Vance Municipal Income Trust EATON VANCE NATIONAL MUNICIPAL OPPORTUNITIES TRUST,NYSE,N,N,EOT,Active
EP,Empire Petroleum Corporation Common Stock,NYSE American,N,N,EP,Active
EPAC,Enerpac Tool Group Corp. Common Stock,NYSE,N,N,EPAC,Active
EPAM,"EPAM Systems, Inc. Common Stock",NYSE,N,N,EPAM,Active
EPC,Edgewell Personal Care Company Common Stock,NYSE,N,N,EPC,Active
EPD,Enterprise Products Partners L.P. Common Stock,NYSE,N,N,EPD,Active
EPM,"Evolution Petroleum Corporation, Inc. Common Stock",NYSE American,N,N,EPM,Active
EPOW,E-Power Inc. - Class A Ordinary Shares,NASDAQ,N,N,EPOW,Active
EPR,EPR Properties Common Stock,NYSE,N,N,EPR,Active
EPRT,"Essential Properties Realty Trust, Inc. Common Stock",NYSE,N,N,EPRT,Active
EPRX,Eupraxia Pharmaceuticals Inc. - Common Stock,NASDAQ,N,N,EPRX,Active
EPSM,Epsium Enterprise Limited - Class A Ordinary Shares,NASDAQ,N,N,EPSM,Active
EPSN,Epsilon Energy Ltd. - Common Shares,NASDAQ,N,N,EPSN,Active
EQ,"Equillium, Inc. - Common Stock",NASDAQ,N,N,EQ,Active
EQBK,"Equity Bancshares, Inc. Class A Common Stock",NYSE,N,N,EQBK,Active
EQH,"Equitable Holdings, Inc. Common Stock",NYSE,N,N,EQH,Active
EQIX,"Equinix, Inc. - Common Stock",NASDAQ,N,N,EQIX,Active
EQNR,Equinor ASA,NYSE,N,N,EQNR,Active
EQPT,EquipmentShare.com Inc - Class A Common Stock,NASDAQ,N,N,EQPT,Active
EQS,"Equus Total Return, Inc. Common Stock",NYSE,N,N,EQS,Active
EQT,EQT Corporation Common Stock,NYSE,N,N,EQT,Active
EQX,Equinox Gold Corp. Common Shares,NYSE American,N,N,EQX,Active
ERAS,"Erasca, Inc. - Common Stock",NASDAQ,N,N,ERAS,Active
ERIE,Erie Indemnity Company - Class A Common Stock,NASDAQ,N,N,ERIE,Active
ERII,"Energy Recovery, Inc. - Common Stock",NASDAQ,N,N,ERII,Active
ERNA,Ernexa Therapeutics Inc. - Common Stock,NASDAQ,N,N,ERNA,Active
ERNAW,Ernexa Therapeutics Inc. - Warrants,NASDAQ,N,N,ERNAW,Active
ERO,Ero Copper Corp. Common Shares,NYSE,N,N,ERO,Active
EROC,"ERock, Inc. Class A Common Stock",NYSE,N,N,EROC,Active
EROK,"EagleRock Land, LLC Class A shares representing limited liability company interests",NYSE,N,N,EROK,Active
ES,Eversource Energy (D/B/A) Common Stock,NYSE,N,N,ES,Active
ESAB,ESAB Corporation Common Stock,NYSE,N,N,ESAB,Active
ESCA,"Escalade, Incorporated - Common Stock",NASDAQ,N,N,ESCA,Active
ESE,ESCO Technologies Inc. Common Stock,NYSE,N,N,ESE,Active
ESEA,Euroseas Ltd. - Common Stock,NASDAQ,N,N,ESEA,Active
ESI,Element Solutions Inc. Common Stock,NYSE,N,N,ESI,Active
ESLA,"Estrella Immunopharma, Inc. - Common Stock",NASDAQ,N,N,ESLA,Active
ESLT,Elbit Systems Ltd. - Ordinary Shares,NASDAQ,N,N,ESLT,Active
ESNT,Essent Group Ltd. Common Shares,NYSE,N,N,ESNT,Active
ESOA,Energy Services of America Corporation - Common Stock,NASDAQ,N,N,ESOA,Active
ESP,Espey Mfg. & Electronics Corp. Common Stock,NYSE American,N,N,ESP,Active
ESQ,"Esquire Financial Holdings, Inc. - Common Stock",NASDAQ,N,N,ESQ,Active
ESRT,"Empire State Realty Trust, Inc. Class A Common Stock",NYSE,N,N,ESRT,Active
ESS,"Essex Property Trust, Inc. Common Stock",NYSE,N,N,ESS,Active
ESTA,Establishment Labs Holdings Inc. - Common Shares,NASDAQ,N,N,ESTA,Active
ESTC,Elastic N.V. Ordinary Shares,NYSE,N,N,ESTC,Active
ETD,Ethan Allen Interiors Inc. Common Stock,NYSE,N,N,ETD,Active
ETN,"Eaton Corporation, PLC Ordinary Shares",NYSE,N,N,ETN,Active
ETO,Eaton Vance Tax-Advantage Global Dividend Opp Common Stock,NYSE,N,N,ETO,Active
ETON,"Eton Pharmaceuticals, Inc. - Common Stock",NASDAQ,N,N,ETON,Active
ETOR,eToro Group Ltd. - Class A Common Shares,NASDAQ,N,N,ETOR,Active
ETR,Entergy Corporation Common Stock,NYSE,N,N,ETR,Active
ETS,Elite Express Holding Inc. - Class A Common Stock,NASDAQ,N,N,ETS,Active
ETSS,Energy Transition Special Opportunities Class A Ordinary Shares,NYSE,N,N,ETSS,Active
ETSY,"Etsy, Inc. Common Stock",NYSE,N,N,ETSY,Active
EU,enCore Energy Corp. - Common Stock,NASDAQ,N,N,EU,Active
EUDA,Euda Health Holdings Limited - Ordinary Shares,NASDAQ,N,N,EUDA,Active
EURK,Eureka Acquisition Corp - Class A Ordinary Share,NASDAQ,N,N,EURK,Active
EVAC,EQV Ventures Acquisition Corp. II Class A Ordinary Shares,NYSE,N,N,EVAC,Active
EVC,Entravision Communications Corporation Common Stock,NYSE,N,N,EVC,Active
EVCM,EverCommerce Inc. - Common Stock,NASDAQ,N,N,EVCM,Active
EVER,"EverQuote, Inc. - Class A Common Stock",NASDAQ,N,N,EVER,Active
EVEX,"Eve Holding, Inc. Common Stock",NYSE,N,N,EVEX,Active
EVF,Eaton Vance Senior Income Trust Common Stock,NYSE,N,N,EVF,Active
EVGN,Evogene Ltd. - Ordinary Shares,NASDAQ,N,N,EVGN,Active
EVGO,EVgo Inc. - Common Stock,NASDAQ,N,N,EVGO,Active
EVH,"Evolent Health, Inc Class A Common Stock",NYSE,N,N,EVH,Active
EVI,"EVI Industries, Inc.  Common Stock",NYSE American,N,N,EVI,Active
EVLV,"Evolv Technologies Holdings, Inc. - Class A Common Stock",NASDAQ,N,N,EVLV,Active
EVMN,"Evommune, Inc. Common Stock",NYSE,N,N,EVMN,Active
EVN,Eaton Vance Municipal Income Trust Common Stock,NYSE,N,N,EVN,Active
EVOX,Evolution Global Acquisition Corp - Class A Ordinary Shares,NASDAQ,N,N,EVOX,Active
EVOXW,Evolution Global Acquisition Corp - Warrants,NASDAQ,N,N,EVOXW,Active
EVR,Evercore Inc. Class A Common Stock,NYSE,N,N,EVR,Active
EVRG,"Evergy, Inc. - Common Stock",NASDAQ,N,N,EVRG,Active
EVTC,"Evertec, Inc. Common Stock",NYSE,N,N,EVTC,Active
EVTL,Vertical Aerospace Ltd. Ordinary Shares,NYSE,N,N,EVTL,Active
EW,Edwards Lifesciences Corporation Common Stock,NYSE,N,N,EW,Active
EWBC,"East West Bancorp, Inc. - Common Stock",NASDAQ,N,N,EWBC,Active
EWTX,"Edgewise Therapeutics, Inc. - Common Stock",NASDAQ,N,N,EWTX,Active
EXC,Exelon Corporation - Common Stock,NASDAQ,N,N,EXC,Active
EXE,Expand Energy Corporation - Common Stock,NASDAQ,N,N,EXE,Active
EXEL,"Exelixis, Inc. - Common Stock",NASDAQ,N,N,EXEL,Active
EXFY,"Expensify, Inc. - Class A Common Stock",NASDAQ,N,N,EXFY,Active
EXK,Endeavour Silver Corporation Ordinary Shares (Canada),NYSE,N,N,EXK,Active
EXLS,"ExlService Holdings, Inc. - Common Stock",NASDAQ,N,N,EXLS,Active
EXOD,"Exodus Movement, Inc. Class A Common Stock",NYSE American,N,N,EXOD,Active
EXOZ,eXoZymes Inc. - Common Stock,NASDAQ,N,N,EXOZ,Active
EXP,Eagle Materials Inc Common Stock,NYSE,N,N,EXP,Active
EXPD,"Expeditors International of Washington, Inc. Common Stock",NYSE,N,N,EXPD,Active
EXPE,"Expedia Group, Inc. - Common Stock",NASDAQ,N,N,EXPE,Active
EXPO,"Exponent, Inc. - Common Stock",NASDAQ,N,N,EXPO,Active
EXR,Extra Space Storage Inc Common Stock,NYSE,N,N,EXR,Active
EXTR,"Extreme Networks, Inc. - Common Stock",NASDAQ,N,N,EXTR,Active
EXYN,"Exyn Technologies, Inc. - Common Stock",NASDAQ,N,N,EXYN,Active
EYE,"National Vision Holdings, Inc. - Common Stock",NASDAQ,N,N,EYE,Active
EYPT,"EyePoint, Inc. - Common Stock",NASDAQ,N,N,EYPT,Active
EZGO,EZGO Technologies Ltd. - Ordinary Shares,NASDAQ,N,N,EZGO,Active
EZPW,"EZCORP, Inc. - Class A Non-Voting Common Stock",NASDAQ,N,N,EZPW,Active
EZRA,"Reliance Global Group, Inc. - Common Stock",NASDAQ,N,N,EZRA,Active
F,Ford Motor Company Common Stock,NYSE,N,N,F,Active
FA,First Advantage Corporation - Common Stock,NASDAQ,N,N,FA,Active
FABC,"Fabric.AI, Inc. - Common Stock",NASDAQ,N,N,FABC,Active
FAC,Factorial Energy Inc. - Class A Common Stock,NASDAQ,N,N,FAC,Active
FACT,FACT II Acquisition Corp. - Class A Ordinary Shares,NASDAQ,N,N,FACT,Active
FAF,First American Corporation (New) Common Stock,NYSE,N,N,FAF,Active
FAMI,"Farmmi, Inc. - Class A Ordinary Shares",NASDAQ,N,N,FAMI,Active
FANG,"Diamondback Energy, Inc. - Common Stock",NASDAQ,N,N,FANG,Active
FAST,Fastenal Company - Common Stock,NASDAQ,N,N,FAST,Active
FATE,"Fate Therapeutics, Inc. - Common Stock",NASDAQ,N,N,FATE,Active
FATN,"FatPipe, Inc. - common stock",NASDAQ,N,N,FATN,Active
FBGL,FBS Global Limited - Ordinary Shares,NASDAQ,N,N,FBGL,Active
FBIN,"Fortune Brands Innovations, Inc. Common Stock",NYSE,N,N,FBIN,Active
FBIO,"Fortress Biotech, Inc. - Common Stock",NASDAQ,N,N,FBIO,Active
FBIZ,"First Business Financial Services, Inc. - Common Stock",NASDAQ,N,N,FBIZ,Active
FBK,FB Financial Corporation Common Stock,NYSE,N,N,FBK,Active
FBLA,"FB Bancorp, Inc. - Common Stock",NASDAQ,N,N,FBLA,Active
FBLG,"FibroBiologics, Inc. - Common Stock",NASDAQ,N,N,FBLG,Active
FBNC,First Bancorp - Common Stock,NASDAQ,N,N,FBNC,Active
FBP,First BanCorp. New Common Stock,NYSE,N,N,FBP,Active
FBRT,"Franklin BSP Realty Trust, Inc. Common Stock",NYSE,N,N,FBRT,Active
FBRX,"Forte Biosciences, Inc.  - Common Stock",NASDAQ,N,N,FBRX,Active
FBYD,"Falcon's Beyond Global, Inc. - Class A Common Stock",NASDAQ,N,N,FBYD,Active
FBYDW,"Falcon's Beyond Global, Inc. - Warrants",NASDAQ,N,N,FBYDW,Active
FC,Franklin Covey Company Common Stock,NYSE,N,N,FC,Active
FCAP,"First Capital, Inc. - Common Stock",NASDAQ,N,N,FCAP,Active
FCBC,"First Community Bankshares, Inc. - Common Stock",NASDAQ,N,N,FCBC,Active
FCBM,"First Carolina Financial Services, Inc. Common Stock",NYSE,N,N,FCBM,Active
FCCO,First Community Corporation - Common Stock,NASDAQ,N,N,FCCO,Active
FCEL,"FuelCell Energy, Inc. - Common Stock",NASDAQ,N,N,FCEL,Active
FCF,First Commonwealth Financial Corporation Common Stock,NYSE,N,N,FCF,Active
FCFS,"FirstCash Holdings, Inc. - Common Stock",NASDAQ,N,N,FCFS,Active
FCHL,Fitness Champs Holdings Limited - Ordinary Shares,NASDAQ,N,N,FCHL,Active
FCN,"FTI Consulting, Inc. Common Stock",NYSE,N,N,FCN,Active
FCNCA,"First Citizens BancShares, Inc. - Class A Common Stock",NASDAQ,N,N,FCNCA,Active
FCPT,"Four Corners Property Trust, Inc. Common Stock",NYSE,N,N,FCPT,Active
FCRS,FutureCrest Acquisition Corp. Class A Ordinary Shares,NYSE,N,N,FCRS,Active
FCUV,Focus Universal Inc. - Common Stock,NASDAQ,N,N,FCUV,Active
FCX,"Freeport-McMoRan, Inc. Common Stock",NYSE,N,N,FCX,Active
FDBC,"Fidelity D & D Bancorp, Inc. - Common Stock",NASDAQ,N,N,FDBC,Active
FDMT,"4D Molecular Therapeutics, Inc. - Common Stock",NASDAQ,N,N,FDMT,Active
FDS,FactSet Research Systems Inc. Common Stock,NYSE,N,N,FDS,Active
FDSB,"Fifth District Bancorp, Inc. - Common Stock",NASDAQ,N,N,FDSB,Active
FDX,FedEx Corporation Common Stock,NYSE,N,N,FDX,Active
FDXF,"FedEx Freight Holding Company, Inc. Common Stock",NYSE,N,N,FDXF,Active
FE,FirstEnergy Corp. Common Stock,NYSE,N,N,FE,Active
FEAM,"5E Advanced Materials, Inc. - Common Stock",NASDAQ,N,N,FEAM,Active
FEBO,Fenbo Holdings Limited - Class A Ordinary Shares,NASDAQ,N,N,FEBO,Active
FEED,"ENvue Medical, Inc. - Common Stock",NASDAQ,N,N,FEED,Active
FEIM,"Frequency Electronics, Inc. - Common Stock",NASDAQ,N,N,FEIM,Active
FELE,"Franklin Electric Co., Inc. - Common Stock",NASDAQ,N,N,FELE,Active
FEMY,Femasys Inc. - Common Stock,NASDAQ,N,N,FEMY,Active
FENC,Fennec Pharmaceuticals Inc. - Common Stock,NASDAQ,N,N,FENC,Active
FER,Ferrovial N.V. - Ordinary Shares,NASDAQ,N,N,FER,Active
FERA,Fifth Era Acquisition Corp I - Class A Ordinary Shares,NASDAQ,N,N,FERA,Active
FERG,Ferguson Enterprises Inc. Common Stock,NYSE,N,N,FERG,Active
FET,"Forum Energy Technologies, Inc. Common Stock",NYSE,N,N,FET,Active
FF,FutureFuel Corp.  Common shares,NYSE,N,N,FF,Active
FFAI,Faraday Future Intelligent Electric Inc. - Class A Common Stock,NASDAQ,N,N,FFAI,Active
FFBC,First Financial Bancorp. - Common Stock,NASDAQ,N,N,FFBC,Active
FFIN,"First Financial Bankshares, Inc. - Common Stock",NASDAQ,N,N,FFIN,Active
FFIV,"F5, Inc. - Common Stock",NASDAQ,N,N,FFIV,Active
FG,"F&G Annuities & Life, Inc. Common Stock",NYSE,N,N,FG,Active
FGBI,"First Guaranty Bancshares, Inc. - Common Stock",NASDAQ,N,N,FGBI,Active
FGI,FGI Industries Ltd. - Ordinary Shares,NASDAQ,N,N,FGI,Active
FGII,FG Imperii Acquisition Corp. - Class A Ordinary Shares,NASDAQ,N,N,FGII,Active
FGIIW,FG Imperii Acquisition Corp. - Warrants,NASDAQ,N,N,FGIIW,Active
FGL,Founder Group Limited - Class A Ordinary Shares,NASDAQ,N,N,FGL,Active
FGNX,FG Nexus Inc. - Common Stock,NASDAQ,N,N,FGNX,Active
FHB,"First Hawaiian, Inc. - Common Stock",NASDAQ,N,N,FHB,Active
FHI,"Federated Hermes, Inc. Common Stock",NYSE,N,N,FHI,Active
FHN,First Horizon Corporation Common Stock,NYSE,N,N,FHN,Active
FHTX,Foghorn Therapeutics Inc. - Common Stock,NASDAQ,N,N,FHTX,Active
FIBK,"First Interstate BancSystem, Inc. - Common Stock",NASDAQ,N,N,FIBK,Active
FICO,Fair Isaac Corporation Common Stock,NYSE,N,N,FICO,Active
FIEE,"FiEE, Inc - Common Stock",NASDAQ,N,N,FIEE,Active
FIG,"Figma, Inc. Class A Common Stock",NYSE,N,N,FIG,Active
FIGR,"Figure Technology Solutions, Inc. - Class A Common Stock",NASDAQ,N,N,FIGR,Active
FIGS,"FIGS, Inc. Class A Common Stock",NYSE,N,N,FIGS,Active
FIGX,FIGX Capital Acquisition Corp. - Class A ordinary share,NASDAQ,N,N,FIGX,Active
FINW,FinWise Bancorp - Common Stock,NASDAQ,N,N,FINW,Active
FIP,FTAI Infrastructure Inc. - Common Stock,NASDAQ,N,N,FIP,Active
FIRY,Firy Inc. Class A Common Stock,NYSE,N,N,FIRY,Active
FIS,"Fidelity National Information Services, Inc. Common Stock",NYSE,N,N,FIS,Active
FISI,"Financial Institutions, Inc. - Common Stock",NASDAQ,N,N,FISI,Active
FISN,"Deep Fission, Inc. - Common Stock",NASDAQ,N,N,FISN,Active
FISV,"Fiserv, Inc. - Common Stock",NASDAQ,N,N,FISV,Active
FITB,Fifth Third Bancorp Common Stock,NYSE,N,N,FITB,Active
FIVE,"Five Below, Inc. - Common Stock",NASDAQ,N,N,FIVE,Active
FIVN,"Five9, Inc. - Common Stock",NASDAQ,N,N,FIVN,Active
FIX,"Comfort Systems USA, Inc. Common Stock",NYSE,N,N,FIX,Active
FIZZ,National Beverage Corp. - Common Stock,NASDAQ,N,N,FIZZ,Active
FJET,"Starfighters Space, Inc. Common Stock",NYSE American,N,N,FJET,Active
FKWL,Franklin Wireless Corp. - common stock,NASDAQ,N,N,FKWL,Active
FLD,"Fold Holdings, Inc. - Class A Common Stock",NASDAQ,N,N,FLD,Active
FLEX,Flex Ltd. - Ordinary Shares,NASDAQ,N,N,FLEX,Active
FLG,"Flagstar Bank, N.A. Common Stock",NYSE,N,N,FLG,Active
FLGT,"Fulgent Genetics, Inc. - Common Stock",NASDAQ,N,N,FLGT,Active
FLL,"Full House Resorts, Inc. - Common Stock",NASDAQ,N,N,FLL,Active
FLNA,"Filana Therapeutics, Inc. - Common Stock",NASDAQ,N,N,FLNA,Active
FLNC,"Fluence Energy, Inc. - Class A Common Stock",NASDAQ,N,N,FLNC,Active
FLNG,FLEX LNG Ltd. Ordinary Shares,NYSE,N,N,FLNG,Active
FLNT,"Fluent, Inc. - Common Stock",NASDAQ,N,N,FLNT,Active
FLO,"Flowers Foods, Inc. Common Stock",NYSE,N,N,FLO,Active
FLOC,Flowco Holdings Inc. Class A Common Stock,NYSE,N,N,FLOC,Active
FLR,Fluor Corporation Common Stock,NYSE,N,N,FLR,Active
FLS,Flowserve Corporation Common Stock,NYSE,N,N,FLS,Active
FLUT,Flutter Entertainment plc Ordinary Shares,NYSE,N,N,FLUT,Active
FLUX,"Flux Power Holdings, Inc. - Common Stock",NASDAQ,N,N,FLUX,Active
FLWS,"1-800-FLOWERS.COM, Inc. - Class A Common Stock",NASDAQ,N,N,FLWS,Active
FLXS,"Flexsteel Industries, Inc. - Common Stock",NASDAQ,N,N,FLXS,Active
FLY,Firefly Aerospace Inc. - Common Stock,NASDAQ,N,N,FLY,Active
FLYE,"Fly-E Group, Inc. - Common Stock",NASDAQ,N,N,FLYE,Active
FLYW,Flywire Corporation - Voting Common Stock,NASDAQ,N,N,FLYW,Active
FLYX,"flyExclusive, Inc. Class A Common Stock",NYSE American,N,N,FLYX,Active
FLZH,"Flash Sports & Media Holdings, Inc. - Common Stock",NASDAQ,N,N,FLZH,Active
FMAC,Future Money Acquisition Corporation - Ordinary Shares,NASDAQ,N,N,FMAC,Active
FMAO,"Farmers & Merchants Bancorp, Inc. - Common Stock",NASDAQ,N,N,FMAO,Active
FMBH,"First Mid Bancshares, Inc. - Common Stock",NASDAQ,N,N,FMBH,Active
FMC,FMC Corporation Common Stock,NYSE,N,N,FMC,Active
FMFC,Kandal M Venture Limited - Class A ordinary Shares,NASDAQ,N,N,FMFC,Active
FMNB,Farmers National Banc Corp. - Common Stock,NASDAQ,N,N,FMNB,Active
FMST,Foremost Clean Energy Ltd. - Common Shares,NASDAQ,N,N,FMST,Active
FMX,Fomento Economico Mexicano S.A.B. de C.V. Common Stock,NYSE,N,N,FMX,Active
FN,Fabrinet Ordinary Shares,NYSE,N,N,FN,Active
FNB,F.N.B. Corporation Common Stock,NYSE,N,N,FNB,Active
FND,"Floor & Decor Holdings, Inc. Common Stock",NYSE,N,N,FND,Active
FNF,"Fidelity National Financial, Inc. Common Stock",NYSE,N,N,FNF,Active
FNGD,"MicroSectors FANG  Index -3X Inverse Leveraged ETNs due January 8, 2038",NYSE Arca,N,N,FNGD,Active
FNGO,"MicroSectors FANG  Index 2X Leveraged ETNs due January 8, 2038",NYSE Arca,N,N,FNGO,Active
FNGR,"FingerMotion, Inc. - common stock",NASDAQ,N,N,FNGR,Active
FNKO,"Funko, Inc. - Class A Common Stock",NASDAQ,N,N,FNKO,Active
FNLC,"First Bancorp, Inc (ME) - Common Stock",NASDAQ,N,N,FNLC,Active
FNRN,First Northern Community Bancorp - Common stock,NASDAQ,N,N,FNRN,Active
FNUC,Frontier Nuclear and Minerals Inc. - Common Shares,NASDAQ,N,N,FNUC,Active
FNV,Franco-Nevada Corporation,NYSE,N,N,FNV,Active
FNWB,First Northwest Bancorp - Common Stock,NASDAQ,N,N,FNWB,Active
FNWD,Finward Bancorp - common stock,NASDAQ,N,N,FNWD,Active
FOA,Finance of America Companies Inc. Class A Common Stock,NYSE,N,N,FOA,Active
FOFO,"Hang Feng Technology Innovation Co., Ltd. - Ordinary Shares",NASDAQ,N,N,FOFO,Active
FOR,Forestar Group Inc Common Stock ,NYSE,N,N,FOR,Active
FORM,"FormFactor, Inc. - Common Stock",NASDAQ,N,N,FORM,Active
FORR,"Forrester Research, Inc. - Common Stock",NASDAQ,N,N,FORR,Active
FOSL,"Fossil Group, Inc. - Common Stock",NASDAQ,N,N,FOSL,Active
FOUR,"Shift4 Payments, Inc. Class A Common Stock",NYSE,N,N,FOUR,Active
FOX,Fox Corporation - Class B Common Stock,NASDAQ,N,N,FOX,Active
FOXA,Fox Corporation - Class A Common Stock,NASDAQ,N,N,FOXA,Active
FOXF,Fox Factory Holding Corp. - Common Stock,NASDAQ,N,N,FOXF,Active
FOXX,Foxx Development Holdings Inc. - Common Stock,NASDAQ,N,N,FOXX,Active
FPH,"Five Point Holdings, LLC Class A Common Shares",NYSE,N,N,FPH,Active
FPI,Farmland Partners Inc. Common Stock,NYSE,N,N,FPI,Active
FPS,"Forgent Power Solutions, Inc. Class A Common Stock",NYSE,N,N,FPS,Active
FR,"First Industrial Realty Trust, Inc. Common Stock",NYSE,N,N,FR,Active
FRAF,Franklin Financial Services Corporation - Common Stock,NASDAQ,N,N,FRAF,Active
FRBA,First Bank  - Common Stock,NASDAQ,N,N,FRBA,Active
FRBT,"Forbright, Inc. - Class A Common Stock",NASDAQ,N,N,FRBT,Active
FRD,Friedman Industries Inc. - Common Stock,NASDAQ,N,N,FRD,Active
FRGT,"Freight Technologies, Inc. - Ordinary Shares",NASDAQ,N,N,FRGT,Active
FRHC,Freedom Holding Corp. - Common Stock,NASDAQ,N,N,FRHC,Active
FRME,First Merchants Corporation - Common Stock,NASDAQ,N,N,FRME,Active
FRMI,Fermi Inc. - Common Stock,NASDAQ,N,N,FRMI,Active
FRMM,"Forum Markets, Incorporated - Common Stock",NASDAQ,N,N,FRMM,Active
FRNM,"Freenome, Inc. - Common stock",NASDAQ,N,N,FRNM,Active
FRO,Frontline Plc Ordinary Shares,NYSE,N,N,FRO,Active
FROG,JFrog Ltd. - Ordinary shares,NASDAQ,N,N,FROG,Active
FRPH,"FRP Holdings, Inc. - Common Stock",NASDAQ,N,N,FRPH,Active
FRPT,"Freshpet, Inc. - Common Stock",NASDAQ,N,N,FRPT,Active
FRSH,Freshworks Inc. - Class A Common Stock,NASDAQ,N,N,FRSH,Active
FRST,Primis Financial Corp. - Common Stock,NASDAQ,N,N,FRST,Active
FRT,Federal Realty Investment Trust Common Stock,NYSE,N,N,FRT,Active
FRTT,Fort Technology Inc. - Common Shares,NASDAQ,N,N,FRTT,Active
FRVO,Fervo Energy Company - Class A common stock,NASDAQ,N,N,FRVO,Active
FSBC,Five Star Bancorp - Common Stock,NASDAQ,N,N,FSBC,Active
FSBW,"FS Bancorp, Inc. - Common Stock",NASDAQ,N,N,FSBW,Active
FSCO,FS Credit Opportunities Corp. Common Stock,NYSE,N,N,FSCO,Active
FSEA,"First Seacoast Bancorp, Inc. - Common Stock",NASDAQ,N,N,FSEA,Active
FSHP,Flag Ship Acquisition Corp. - Ordinary Shares,NASDAQ,N,N,FSHP,Active
FSI,Flexible Solutions International Inc. Common Stock (CDA),NYSE American,N,N,FSI,Active
FSK,FS KKR Capital Corp. Common Stock,NYSE,N,N,FSK,Active
FSLR,"First Solar, Inc. - Common Stock",NASDAQ,N,N,FSLR,Active
FSLY,"Fastly, Inc. - Class A Common Stock",NASDAQ,N,N,FSLY,Active
FSM,Fortuna Mining Corp. Common Shares,NYSE,N,N,FSM,Active
FSP,Franklin Street Properties Corp. Common Stock,NYSE American,N,N,FSP,Active
FSS,Federal Signal Corporation Common Stock,NYSE,N,N,FSS,Active
FSTR,L.B. Foster Company - Common Stock,NASDAQ,N,N,FSTR,Active
FSUN,FirstSun Capital Bancorp - Common Stock,NASDAQ,N,N,FSUN,Active
FSV,FirstService Corporation - Common Shares,NASDAQ,N,N,FSV,Active
FT,Franklin Universal Trust Common Stock,NYSE,N,N,FT,Active
FTAI,FTAI Aviation Ltd. - Common Stock,NASDAQ,N,N,FTAI,Active
FTCI,"FTC Solar, Inc. - Common Stock",NASDAQ,N,N,FTCI,Active
FTDR,"Frontdoor, Inc. - Common Stock",NASDAQ,N,N,FTDR,Active
FTEK,"Fuel Tech, Inc. - Common Stock",NASDAQ,N,N,FTEK,Active
FTFT,Future FinTech Group Inc. - Common Stock,NASDAQ,N,N,FTFT,Active
FTH,"Faeth Therapeutics, Inc.  - Common Stock",NASDAQ,N,N,FTH,Active
FTHA,Forefront Tech Holdings Acquisition Corp - Class A Ordinary Shares,NASDAQ,N,N,FTHA,Active
FTHM,Fathom Holdings Inc. - Common Stock,NASDAQ,N,N,FTHM,Active
FTI,TechnipFMC plc Ordinary Share,NYSE,N,N,FTI,Active
FTK,"Flotek Industries, Inc. Common Stock",NYSE,N,N,FTK,Active
FTLF,"FitLife Brands, Inc. - Common Stock",NASDAQ,N,N,FTLF,Active
FTNT,"Fortinet, Inc. - Common Stock",NASDAQ,N,N,FTNT,Active
FTRE,Fortrea Holdings Inc. - Common Stock,NASDAQ,N,N,FTRE,Active
FTRK,FAST TRACK GROUP - Ordinary shares,NASDAQ,N,N,FTRK,Active
FTS,Fortis Inc. Common Shares,NYSE,N,N,FTS,Active
FTV,Fortive Corporation Common Stock ,NYSE,N,N,FTV,Active
FTW,Presidio Production Company Class A Common Stock,NYSE,N,N,FTW,Active
FUBO,FuboTV Inc. Class A Common Stock,NYSE,N,N,FUBO,Active
FUFU,BitFuFu Inc. - Class A Ordinary Shares,NASDAQ,N,N,FUFU,Active
FUL,H. B. Fuller Company Common Stock,NYSE,N,N,FUL,Active
FULC,"Fulcrum Therapeutics, Inc. - Common Stock",NASDAQ,N,N,FULC,Active
FULT,Fulton Financial Corporation - Common Stock,NASDAQ,N,N,FULT,Active
FUN,Six Flags Entertainment Corporation Common Stock New,NYSE,N,N,FUN,Active
FUNC,First United Corporation - Common Stock,NASDAQ,N,N,FUNC,Active
FURY,Fury Gold Mines Limited Common Shares,NYSE American,N,N,FURY,Active
FUSB,"First US Bancshares, Inc. - Common Stock",NASDAQ,N,N,FUSB,Active
FUSE,Fusemachines Inc. - Common stock,NASDAQ,N,N,FUSE,Active
FUSEW,Fusemachines Inc. - Warrants,NASDAQ,N,N,FUSEW,Active
FVAV,Fortress Value Acquisition Corp. V - Class A Ordinary Shares,NASDAQ,N,N,FVAV,Active
FVCB,"FVCBankcorp, Inc. - Common Stock",NASDAQ,N,N,FVCB,Active
FVN,Future Vision II Acquisition Corporation - Ordinary Shares,NASDAQ,N,N,FVN,Active
FVR,"FrontView REIT, Inc. Common Stock",NYSE,N,N,FVR,Active
FVRR,"Fiverr International Ltd. Ordinary Shares, no par value",NYSE,N,N,FVRR,Active
FWDI,"Forward Industries, Inc. - Common Stock",NASDAQ,N,N,FWDI,Active
FWONA,Liberty Media Corporation - Series A Liberty Formula One Common Stock,NASDAQ,N,N,FWONA,Active
FWONK,Liberty Media Corporation - Series C Liberty Formula One Common Stock,NASDAQ,N,N,FWONK,Active
FWRD,Forward Air Corporation - Common Stock,NASDAQ,N,N,FWRD,Active
FWRG,"First Watch Restaurant Group, Inc. - Common Stock",NASDAQ,N,N,FWRG,Active
FXAC,FortuneX Acquisition Corporation - Ordinary shares,NASDAQ,N,N,FXAC,Active
FXHO,UTime Limited - Class A Ordinary Shares,NASDAQ,N,N,FXHO,Active
FXNC,First National Corporation - Common Stock,NASDAQ,N,N,FXNC,Active
G,Genpact Limited Common Stock,NYSE,N,N,G,Active
GAB,"Gabelli Equity Trust, Inc. (The) Common Stock",NYSE,N,N,GAB,Active
GABC,"German American Bancorp, Inc. - Common Stock",NASDAQ,N,N,GABC,Active
GAIA,"Gaia, Inc. - Class A Common Stock",NASDAQ,N,N,GAIA,Active
GAIN,Gladstone Investment Corporation - Business Development Company,NASDAQ,N,N,GAIN,Active
GALT,Galectin Therapeutics Inc. - Common Stock,NASDAQ,N,N,GALT,Active
GAM,"General American Investors, Inc. Common Stock",NYSE,N,N,GAM,Active
GAME,"GameSquare Holdings, Inc. - Common stock",NASDAQ,N,N,GAME,Active
GANX,"Gain Therapeutics, Inc. - Common Stock",NASDAQ,N,N,GANX,Active
GAP,"Gap, Inc. (The) Common Stock",NYSE,N,N,GAP,Active
GASS,"StealthGas, Inc. - common stock",NASDAQ,N,N,GASS,Active
GATX,GATX Corporation Common Stock,NYSE,N,N,GATX,Active
GAU,Galiano Gold Inc.,NYSE American,N,N,GAU,Active
GAUZ,Gauzy Ltd. - Ordinary Shares,NASDAQ,N,N,GAUZ,Active
GBCI,"Glacier Bancorp, Inc. Common Stock",NYSE,N,N,GBCI,Active
GBFH,GBank Financial Holdings Inc. - Common Stock,NASDAQ,N,N,GBFH,Active
GBLI,"Global Indemnity Group, LLC - Class A Common Shares",NASDAQ,N,N,GBLI,Active
GBR,"New Concept Energy, Inc Common Stock",NYSE American,N,N,GBR,Active
GBTG,"Global Business Travel Group, Inc. Class A Common Stock",NYSE,N,N,GBTG,Active
GBX,"Greenbrier Companies, Inc. (The) Common Stock",NYSE,N,N,GBX,Active
GCBC,"Greene County Bancorp, Inc. - Common Stock",NASDAQ,N,N,GCBC,Active
GCDT,Green Circle Decarbonize Technology Limited Ordinary Shares,NYSE American,N,N,GCDT,Active
GCGR,General Catalyst Global Resilience Merger Corp. - Class A Ordinary Shares,NASDAQ,N,N,GCGR,Active
GCGRW,General Catalyst Global Resilience Merger Corp. - Warrants,NASDAQ,N,N,GCGRW,Active
GCL,GCL Global Holdings Ltd - Ordinary Shares,NASDAQ,N,N,GCL,Active
GCLWW,GCL Global Holdings Ltd - Warrants,NASDAQ,N,N,GCLWW,Active
GCMG,GCM Grosvenor Inc. - Class A Common Stock,NASDAQ,N,N,GCMG,Active
GCO,Genesco Inc. Common Stock,NYSE,N,N,GCO,Active
GCT,GigaCloud Technology Inc - Class A Ordinary Shares,NASDAQ,N,N,GCT,Active
GCTK,"GlucoTrack, Inc. - Common Stock",NASDAQ,N,N,GCTK,Active
GCTS,"GCT Semiconductor Holding, Inc. Common Stock",NYSE,N,N,GCTS,Active
GD,General Dynamics Corporation Common Stock,NYSE,N,N,GD,Active
GDC,GD Culture Group Limited - Common Stock,NASDAQ,N,N,GDC,Active
GDDY,GoDaddy Inc. Class A Common Stock,NYSE,N,N,GDDY,Active
GDEV,GDEV Inc. - Ordinary Shares,NASDAQ,N,N,GDEV,Active
GDHG,Golden Heaven Group Holdings Ltd.  - Class A Ordinary Shares,NASDAQ,N,N,GDHG,Active
GDOT,"Green Dot Corporation Class A Common Stock, $0.001 par value",NYSE,N,N,GDOT,Active
GDRX,"GoodRx Holdings, Inc. - Class A Common Stock",NASDAQ,N,N,GDRX,Active
GDTC,CytoMed Therapeutics Limited - Ordinary Shares,NASDAQ,N,N,GDTC,Active
GDYN,"Grid Dynamics Holdings, Inc. - Class A Common Stock",NASDAQ,N,N,GDYN,Active
GE,GE Aerospace Common Stock,NYSE,N,N,GE,Active
GEF,Greif Inc. Class A Common Stock,NYSE,N,N,GEF,Active
GEG,"Great Elm Group, Inc.  - Common Stock",NASDAQ,N,N,GEG,Active
GEHC,GE HealthCare Technologies Inc. - Common Stock,NASDAQ,N,N,GEHC,Active
GELS,Gelteq Limited - Ordinary Shares,NASDAQ,N,N,GELS,Active
GEMI,"Gemini Space Station, Inc. - Class A Common Stock",NASDAQ,N,N,GEMI,Active
GEN,Gen Digital Inc. - Common Stock,NASDAQ,N,N,GEN,Active
GENB,"Generate Biomedicines, Inc. - Common Stock",NASDAQ,N,N,GENB,Active
GENC,"Gencor Industries, Inc. Common Stock",NYSE American,N,N,GENC,Active
GENI,Genius Sports Limited Ordinary Shares,NYSE,N,N,GENI,Active
GENK,"GEN Restaurant Group, Inc. - Class A Common Stock",NASDAQ,N,N,GENK,Active
GEO,Geo Group Inc (The) REIT,NYSE,N,N,GEO,Active
GEOS,Geospace Technologies Corporation - Common Stock,NASDAQ,N,N,GEOS,Active
GERN,Geron Corporation - Common Stock,NASDAQ,N,N,GERN,Active
GETY,"Getty Images Holdings, Inc. Class A Common Stock",NYSE,N,N,GETY,Active
GEV,GE Vernova Inc. Common Stock,NYSE,N,N,GEV,Active
GEVO,"Gevo, Inc. - Common Stock",NASDAQ,N,N,GEVO,Active
GFAI,"Guardforce AI Co., Limited - Ordinary Shares",NASDAQ,N,N,GFAI,Active
GFF,Griffon Corporation Common Stock,NYSE,N,N,GFF,Active
GFL,"GFL Environmental Inc. Subordinate voting shares, no par value",NYSE,N,N,GFL,Active
GFR,Greenfire Resources Ltd. Common Shares,NYSE,N,N,GFR,Active
GFS,GlobalFoundries Inc. - Ordinary Share,NASDAQ,N,N,GFS,Active
GFUZ,General Fusion Group Ltd. - Common Shares,NASDAQ,N,N,GFUZ,Active
GGB,Gerdau S.A. Common Stock,NYSE,N,N,GGB,Active
GGG,Graco Inc. Common Stock,NYSE,N,N,GGG,Active
GGN,"GAMCO Global Gold, Natural Resources & Income Trust",NYSE American,N,N,GGN,Active
GGR,Gogoro Inc. - Ordinary Shares,NASDAQ,N,N,GGR,Active
GGRP,"The Glimpse Group, Inc. - Common Stock",NASDAQ,N,N,GGRP,Active
GGT,"Gabelli Multi-Media Trust, Inc. (The) Common Stock",NYSE,N,N,GGT,Active
GH,"Guardant Health, Inc. - Common Stock",NASDAQ,N,N,GH,Active
GHC,Graham Holdings Company Common Stock,NYSE,N,N,GHC,Active
GHM,Graham Corporation Common Stock,NYSE,N,N,GHM,Active
GHRS,GH Research PLC - Ordinary Shares,NASDAQ,N,N,GHRS,Active
GIB,CGI Inc. Common Stock,NYSE,N,N,GIB,Active
GIBO,GIBO Holdings Limited - Class A Ordinary Shares,NASDAQ,N,N,GIBO,Active
GIBOW,GIBO Holdings Limited - Warrants,NASDAQ,N,N,GIBOW,Active
GIC,Global Industrial Company Common Stock,NYSE,N,N,GIC,Active
GIFT,"Giftify, Inc. - Common Stock",NASDAQ,N,N,GIFT,Active
GIGM,GigaMedia Limited - Ordinary Shares,NASDAQ,N,N,GIGM,Active
GIII,"G-III Apparel Group, LTD. - Common Stock",NASDAQ,N,N,GIII,Active
GIL,"Gildan Activewear, Inc. Class A Sub. Vot. Common Stock",NYSE,N,N,GIL,Active
GILD,"Gilead Sciences, Inc. - Common Stock",NASDAQ,N,N,GILD,Active
GILT,Gilat Satellite Networks Ltd. - Ordinary Shares,NASDAQ,N,N,GILT,Active
GIPR,Generation Income Properties Inc. - Common stock,NASDAQ,N,N,GIPR,Active
GIS,"General Mills, Inc. Common Stock",NYSE,N,N,GIS,Active
GITS,"Global Interactive Technologies, Inc. Common Stock - Common Stock",NASDAQ,N,N,GITS,Active
GIW,GigCapital8 Corp. - Class A Ordinary Shares,NASDAQ,N,N,GIW,Active
GIX,GigCapital9 Corp. - Class A Ordinary Share,NASDAQ,N,N,GIX,Active
GJH,Synthetic Fixed-Income Securities Inc 6.375% (STRATS) Cl A-1,NYSE,N,N,GJH,Active
GJO,"Synthetic Fixed-Income Securities, Inc. on behalf of STRATS(SM) Trust for Wal-Mart Stores, Inc. Securities, Series 2004-5",NYSE,N,N,GJO,Active
GJP,"Synthetic Fixed-Income Securities, Inc. on behalf of STRATS (SM) Trust for Dominion Resources, Inc. Securities, Series 2005-6, Floating Rate Structured Repackaged Asset-Backed Trust Securities (STRATS) Certificates",NYSE,N,N,GJP,Active
GJR,"Synthetic Fixed-Income Securities, Inc. STRATS Trust for Procter&Gamble Securities, Series 2006-1",NYSE,N,N,GJR,Active
GJS,"Goldman Sachs Group Securities STRATS Trust for Goldman Sachs Group Securities, Series 2006-2",NYSE,N,N,GJS,Active
GJT,"Synthetic Fixed-Income Securities, Inc. Floating Rate Structured Repackaged Asset-Backed Trust Securities Certificates, Series 2006-3",NYSE,N,N,GJT,Active
GKOS,Glaukos Corporation Common Stock,NYSE,N,N,GKOS,Active
GL,Globe Life Inc. Common Stock,NYSE,N,N,GL,Active
GLAS,Glass House Brands Inc. Subordinate Voting Shares,NYSE,N,N,GLAS,Active
GLBE,Global-E Online Ltd. - ordinary shares,NASDAQ,N,N,GLBE,Active
GLBS,Globus Maritime Limited - Common Stock,NASDAQ,N,N,GLBS,Active
GLDG,GoldMining Inc. Common Shares,NYSE American,N,N,GLDG,Active
GLE,Global Engine Group Holding Limited - Class A Ordinary Shares,NASDAQ,N,N,GLE,Active
GLED,GalaxyEdge Acquisition Corporation Ordinary Shares,NYSE,N,N,GLED,Active
GLIBA,Liberty Capital Corporation - Series A GCI Group Common Stock,NASDAQ,N,N,GLIBA,Active
GLIBK,Liberty Capital Corporation - Series C GCI Group Common Stock,NASDAQ,N,N,GLIBK,Active
GLMD,Galmed Pharmaceuticals Ltd. - Ordinary Shares,NASDAQ,N,N,GLMD,Active
GLND,Greenland Energy Company - Common Stock,NASDAQ,N,N,GLND,Active
GLNG,Golar LNG Limited - Common Shares,NASDAQ,N,N,GLNG,Active
GLOB,Globant S.A. Common Shares,NYSE,N,N,GLOB,Active
GLOO,"Gloo Holdings, Inc. - Common Stock",NASDAQ,N,N,GLOO,Active
GLPI,"Gaming and Leisure Properties, Inc. - Common Stock",NASDAQ,N,N,GLPI,Active
GLRE,"Greenlight Reinsurance, Ltd. - Class A Ordinary Shares",NASDAQ,N,N,GLRE,Active
GLSI,"Greenwich LifeSciences, Inc. - Common stock",NASDAQ,N,N,GLSI,Active
GLU,Gabelli Global Utility Common Shares of Beneficial Ownership,NYSE American,N,N,GLU,Active
GLUE,"Monte Rosa Therapeutics, Inc. - Common Stock",NASDAQ,N,N,GLUE,Active
GLW,Corning Incorporated Common Stock,NYSE,N,N,GLW,Active
GLXG,Galaxy Payroll Group Limited - Class A Ordinary Shares,NASDAQ,N,N,GLXG,Active
GLXY,Galaxy Digital Inc. - Class A common stock,NASDAQ,N,N,GLXY,Active
GM,General Motors Company Common Stock,NYSE,N,N,GM,Active
GME,GameStop Corporation Common Stock,NYSE,N,N,GME,Active
GMED,"Globus Medical, Inc. Class A Common Stock",NYSE,N,N,GMED,Active
GMEX,GMEX ROBOTICS CORPORATION - Class A Ordinary Shares,NASDAQ,N,N,GMEX,Active
GMHS,Gamehaus Holdings Inc. - Class A Ordinary Shares,NASDAQ,N,N,GMHS,Active
GMM,Global Mofy AI Limited  - Class A Ordinary Shares,NASDAQ,N,N,GMM,Active
GMRS,GMR Solutions Inc. Class A Common Stock,NYSE,N,N,GMRS,Active
GMTL,Guardian Metal Resources PLC ADS,NYSE American,N,N,GMTL,Active
GNE,Genie Energy Ltd. Class B Common Stock Stock,NYSE,N,N,GNE,Active
GNK,Genco Shipping & Trading Limited Ordinary Shares New (Marshall Islands),NYSE,N,N,GNK,Active
GNL,"Global Net Lease, Inc. Common Stock",NYSE,N,N,GNL,Active
GNLN,"Greenlane Holdings, Inc. - Class A Common Stock",NASDAQ,N,N,GNLN,Active
GNLX,Genelux Corporation - Common Stock,NASDAQ,N,N,GNLX,Active
GNPX,"Genprex, Inc. - Common Stock",NASDAQ,N,N,GNPX,Active
GNRC,Generac Holdlings Inc. Common Stock,NYSE,N,N,GNRC,Active
GNS,Genius Group Limited Ordinary Shares,NYSE American,N,N,GNS,Active
GNSS,Genasys Inc. - Common Stock,NASDAQ,N,N,GNSS,Active
GNT,"GAMCO Natural Resources, Gold & Income Trust",NYSE,N,N,GNT,Active
GNTX,Gentex Corporation - Common Stock,NASDAQ,N,N,GNTX,Active
GNW,Genworth Financial Inc Common Stock,NYSE,N,N,GNW,Active
GO,Grocery Outlet Holding Corp. - Common Stock,NASDAQ,N,N,GO,Active
GOAI,Eva Live Inc. - Common Stock,NASDAQ,N,N,GOAI,Active
GOGO,Gogo Inc. - Common Stock,NASDAQ,N,N,GOGO,Active
GOLD,"Gold.com, Inc. Common Stock",NYSE,N,N,GOLD,Active
GOLF,Acushnet Holdings Corp. Common Stock,NYSE,N,N,GOLF,Active
GOOD,Gladstone Commercial Corporation - Real Estate Investment Trust,NASDAQ,N,N,GOOD,Active
GOOG,Alphabet Inc. - Class C Capital Stock,NASDAQ,N,N,GOOG,Active
GOOGL,Alphabet Inc. - Class A Common Stock,NASDAQ,N,N,GOOGL,Active
GOOS,Canada Goose Holdings Inc. Subordinate Voting Shares,NYSE,N,N,GOOS,Active
GORO,Goldgroup Mining Inc. Common Shares,NYSE American,N,N,GORO,Active
GOSS,"Gossamer Bio, Inc. - Common Stock",NASDAQ,N,N,GOSS,Active
GOVX,"GeoVax Labs, Inc. - Common Stock",NASDAQ,N,N,GOVX,Active
GP,GreenPower Motor Company Inc. - Common Shares,NASDAQ,N,N,GP,Active
GPAC,General Purpose Acquisition Corp. - Class A Ordinary Shares,NASDAQ,N,N,GPAC,Active
GPAT,GP-Act III Acquisition Corp. - Class A Ordinary Share,NASDAQ,N,N,GPAT,Active
GPATW,GP-Act III Acquisition Corp. - Warrants,NASDAQ,N,N,GPATW,Active
GPC,Genuine Parts Company Common Stock,NYSE,N,N,GPC,Active
GPGI,"GPGI, Inc. Class A Common Stock",NYSE,N,N,GPGI,Active
GPI,"Group 1 Automotive, Inc. Common Stock",NYSE,N,N,GPI,Active
GPK,Graphic Packaging Holding Company,NYSE,N,N,GPK,Active
GPMT,Granite Point Mortgage Trust Inc. Common Stock,NYSE,N,N,GPMT,Active
GPN,Global Payments Inc. Common Stock,NYSE,N,N,GPN,Active
GPOR,Gulfport Energy Corporation Common Shares,NYSE,N,N,GPOR,Active
GPRE,"Green Plains, Inc. - Common Stock",NASDAQ,N,N,GPRE,Active
GPRK,Geopark Ltd Common Shares,NYSE,N,N,GPRK,Active
GPRO,"GoPro, Inc. - Class A Common Stock",NASDAQ,N,N,GPRO,Active
GPUS,"Hyperscale Data, Inc. Common Stock",NYSE American,N,N,GPUS,Active
GRAB,Grab Holdings Limited - Class A Ordinary Shares,NASDAQ,N,N,GRAB,Active
GRAF,Graf Global Corp. Class A ordinary shares,NYSE American,N,N,GRAF,Active
GRAL,"GRAIL, Inc. - Common Stock",NASDAQ,N,N,GRAL,Active
GRAN,Grande Group Limited - Class A Ordinary Shares,NASDAQ,N,N,GRAN,Active
GRBK,"Green Brick Partners, Inc. Common Stock",NYSE,N,N,GRBK,Active
GRC,Gorman-Rupp Company (The) Common Stock,NYSE,N,N,GRC,Active
GRCE,"Grace Therapeutics, Inc. - Common Stock",NASDAQ,N,N,GRCE,Active
GRDN,"Guardian Pharmacy Services, Inc. Class A Common Stock",NYSE,N,N,GRDN,Active
GRDX,GridAI Technologies Corp.  - Common Stock,NASDAQ,N,N,GRDX,Active
GRI,"GRI Bio, Inc. - Common Stock",NASDAQ,N,N,GRI,Active
GRML,Greenland Mines Ltd - Common Stock,NASDAQ,N,N,GRML,Active
GRMLW,Greenland Mines Ltd - Warrants,NASDAQ,N,N,GRMLW,Active
GRMN,Garmin Ltd. Common Stock (Switzerland),NYSE,N,N,GRMN,Active
GRND,Grindr Inc. Common Stock,NYSE,N,N,GRND,Active
GRNQ,Greenpro Capital Corp. - Common Stock,NASDAQ,N,N,GRNQ,Active
GRNT,"Granite Ridge Resources, Inc. Common Stock",NYSE,N,N,GRNT,Active
GRO,Brazil Potash Corp. Common Shares,NYSE American,N,N,GRO,Active
GROV,"Grove Collaborative Holdings, Inc. Class A Common Stock",NYSE,N,N,GROV,Active
GROW,"U.S. Global Investors, Inc. - Class A Common Stock",NASDAQ,N,N,GROW,Active
GROY,Gold Royalty Corp. Common Shares,NYSE American,N,N,GROY,Active
GRPN,"Groupon, Inc. - Common Stock",NASDAQ,N,N,GRPN,Active
GRRR,Gorilla Technology Group Inc. - Ordinary shares,NASDAQ,N,N,GRRR,Active
GRSD,Grandstand Limited - Ordinary Shares,NASDAQ,N,N,GRSD,Active
GRWG,GrowGeneration Corp. - Common Stock,NASDAQ,N,N,GRWG,Active
GS,"Goldman Sachs Group, Inc. (The) Common Stock",NYSE,N,N,GS,Active
GSAT,"Globalstar, Inc. - Common Stock",NASDAQ,N,N,GSAT,Active
GSBC,"Great Southern Bancorp, Inc. - Common Stock",NASDAQ,N,N,GSBC,Active
GSBD,"Goldman Sachs BDC, Inc. Common Stock",NYSE,N,N,GSBD,Active
GSHD,"Goosehead Insurance, Inc. - Class A Common Stock",NASDAQ,N,N,GSHD,Active
GSHR,Gesher Acquisition Corp. II - Class A Ordinary Shares,NASDAQ,N,N,GSHR,Active
GSHRW,Gesher Acquisition Corp. II - Warrants,NASDAQ,N,N,GSHRW,Active
GSIT,"GSI Technology, Inc. - Common Stock",NASDAQ,N,N,GSIT,Active
GSIW,Garden Stage Limited - Class A Ordinary Shares,NASDAQ,N,N,GSIW,Active
GSL,Global Ship Lease Inc New Class A Common Shares,NYSE,N,N,GSL,Active
GSM,Ferroglobe PLC - Ordinary Shares,NASDAQ,N,N,GSM,Active
GSRF,GSR IV Acquisition Corp. - Class A ordinary share,NASDAQ,N,N,GSRF,Active
GSRV,GSR V Acquisition Corp. - Class A ordinary shares,NASDAQ,N,N,GSRV,Active
GSUN,Golden Sun Technology Group Limited - Class A Ordinary Shares,NASDAQ,N,N,GSUN,Active
GT,The Goodyear Tire & Rubber Company - Common Stock,NASDAQ,N,N,GT,Active
GTBP,"GT Biopharma, Inc. - Common Stock",NASDAQ,N,N,GTBP,Active
GTE,Gran Tierra Energy Inc. Common Stock,NYSE American,N,N,GTE,Active
GTEC,Greenland Technologies Holding Corporation - Class A Ordinary Shares,NASDAQ,N,N,GTEC,Active
GTEN,"Gores Holdings X, Inc. - Class A ordinary shares",NASDAQ,N,N,GTEN,Active
GTENW,"Gores Holdings X, Inc. - Warrants",NASDAQ,N,N,GTENW,Active
GTERA,Globa Terra Acquisition Corporation - Class A Ordinary Shares,NASDAQ,N,N,GTERA,Active
GTERW,Globa Terra Acquisition Corporation - Warrants,NASDAQ,N,N,GTERW,Active
GTES,Gates Industrial Corporation Ltd. Common Shares,NYSE,N,N,GTES,Active
GTIM,Good Times Restaurants Inc. - Common Stock,NASDAQ,N,N,GTIM,Active
GTLB,GitLab Inc. - Class A Common Stock,NASDAQ,N,N,GTLB,Active
GTM,ZoomInfo Technologies Inc. - Common Stock,NASDAQ,N,N,GTM,Active
GTN,"Gray Media, Inc. Common Stock",NYSE,N,N,GTN,Active
GTX,Garrett Motion Inc. - Common Stock,NASDAQ,N,N,GTX,Active
GTY,Getty Realty Corporation Common Stock,NYSE,N,N,GTY,Active
GUAC,Berto Acquisition Corp. II - Ordinary Shares,NASDAQ,N,N,GUAC,Active
GUACW,Berto Acquisition Corp. II - Warrants,NASDAQ,N,N,GUACW,Active
GURE,"Gulf Resources, Inc. - Common Stock",NASDAQ,N,N,GURE,Active
GUT,Gabelli Utility Trust (The) Common Stock,NYSE,N,N,GUT,Active
GUTS,"Fractyl Health, Inc. - Common Stock",NASDAQ,N,N,GUTS,Active
GV,Visionary Holdings Inc. - Common Shares,NASDAQ,N,N,GV,Active
GVA,Granite Construction Incorporated Common Stock,NYSE,N,N,GVA,Active
GVH,Globavend Holdings Limited - Ord Shares,NASDAQ,N,N,GVH,Active
GWAV,"Greenwave Technology Solutions, Inc. - Common Stock",NASDAQ,N,N,GWAV,Active
GWH,"ESS Tech, Inc. Common Stock",NYSE,N,N,GWH,Active
GWRE,"Guidewire Software, Inc. Common Stock",NYSE,N,N,GWRE,Active
GWRS,"Global Water Resources, Inc. - common stock",NASDAQ,N,N,GWRS,Active
GWW,"W.W. Grainger, Inc. Common Stock",NYSE,N,N,GWW,Active
GXAI,Gaxos.ai Inc. - Common Stock,NASDAQ,N,N,GXAI,Active
GXO,"GXO Logistics, Inc. Common Stock ",NYSE,N,N,GXO,Active
GYRE,"Gyre Therapeutics, Inc. - Common Stock",NASDAQ,N,N,GYRE,Active
GYRO,"Gyrodyne , LLC - Common Stock",NASDAQ,N,N,GYRO,Active
H,Hyatt Hotels Corporation Class A Common Stock,NYSE,N,N,H,Active
HACQ,HCM IV Acquisition Corp. - Class A Ordinary Share,NASDAQ,N,N,HACQ,Active
HACQW,HCM IV Acquisition Corp. - Warrants,NASDAQ,N,N,HACQW,Active
HAE,Haemonetics Corporation Common Stock,NYSE,N,N,HAE,Active
HAFC,Hanmi Financial Corporation - Common Stock,NASDAQ,N,N,HAFC,Active
HAFN,Hafnia Limited Common Shares,NYSE,N,N,HAFN,Active
HAIN,"The Hain Celestial Group, Inc. - Common Stock",NASDAQ,N,N,HAIN,Active
HAL,Halliburton Company Common Stock,NYSE,N,N,HAL,Active
HALO,"Halozyme Therapeutics, Inc. - Common Stock",NASDAQ,N,N,HALO,Active
HAO,Haoxi Health Technology Limited - Class A Ord Share,NASDAQ,N,N,HAO,Active
HAPN,"Happen, Inc. - Common Stock",NASDAQ,N,N,HAPN,Active
HAS,"Hasbro, Inc. - Common Stock",NASDAQ,N,N,HAS,Active
HASI,"HA Sustainable Infrastructure Capital, Inc. Common Stock",NYSE,N,N,HASI,Active
HAVA,Harvard Ave Acquisition Corporation - Class A Ordinary Share,NASDAQ,N,N,HAVA,Active
HAWK,"HawkEye 360, Inc. Common Stock",NYSE,N,N,HAWK,Active
HAYW,"Hayward Holdings, Inc. Common Stock",NYSE,N,N,HAYW,Active
HBAN,Huntington Bancshares Incorporated - Common Stock,NASDAQ,N,N,HBAN,Active
HBB,Hamilton Beach Brands Holding Company Class A Common Stock ,NYSE,N,N,HBB,Active
HBCP,"Home Bancorp, Inc. - Common Stock",NASDAQ,N,N,HBCP,Active
HBIO,"Harvard Bioscience, Inc. - Common Stock",NASDAQ,N,N,HBIO,Active
HBM,Hudbay Minerals Inc. Ordinary Shares (Canada),NYSE,N,N,HBM,Active
HBNB,Hotel101 Global Holdings Corp. - Class A Ordinary Shares,NASDAQ,N,N,HBNB,Active
HBNC,"Horizon Bancorp, Inc. - Common Stock",NASDAQ,N,N,HBNC,Active
HBT,"HBT Financial, Inc. - Common Stock",NASDAQ,N,N,HBT,Active
HCA,"HCA Healthcare, Inc. Common Stock",NYSE,N,N,HCA,Active
HCAC,Hall Chadwick Acquisition Corp. - Class A Ordinary Shares,NASDAQ,N,N,HCAC,Active
HCAI,"Huachen AI Parking Management Technology Holding Co., Ltd. - Class A Ordinary Shares",NASDAQ,N,N,HCAI,Active
HCAT,"Health Catalyst, Inc - Common stock",NASDAQ,N,N,HCAT,Active
HCC,"Warrior Met Coal, Inc. Common Stock",NYSE,N,N,HCC,Active
HCHL,Happy City Holdings Limited - Class A Ordinary shares,NASDAQ,N,N,HCHL,Active
HCI,"HCI Group, Inc. Common Stock",NYSE,N,N,HCI,Active
HCIC,Hennessy Capital Investment Corp. VIII - Class A Ordinary Shares,NASDAQ,N,N,HCIC,Active
HCKT,"The Hackett Group, Inc. - Common Stock",NASDAQ,N,N,HCKT,Active
HCMA,HCM III Acquisition Corp. - Class A Ordinary Share,NASDAQ,N,N,HCMA,Active
HCMAW,HCM III Acquisition Corp. - Warrants,NASDAQ,N,N,HCMAW,Active
HCSG,"Healthcare Services Group, Inc. - Common Stock",NASDAQ,N,N,HCSG,Active
HCTI,"Healthcare Triangle, Inc. - Common Stock",NASDAQ,N,N,HCTI,Active
HCWB,HCW Biologics Inc. - Common Stock,NASDAQ,N,N,HCWB,Active
HCWC,Healthy Choice Wellness Corp. Class A Common Stock,NYSE American,N,N,HCWC,Active
HD,"Home Depot, Inc. (The) Common Stock",NYSE,N,N,HD,Active
HDB,HDFC Bank Limited Common Stock,NYSE,N,N,HDB,Active
HDRN,"Hadron Energy, Inc. - Common Stock",NASDAQ,N,N,HDRN,Active
HDSN,"Hudson Technologies, Inc. - Common Stock",NASDAQ,N,N,HDSN,Active
HE,"Hawaiian Electric Industries, Inc. Common Stock",NYSE,N,N,HE,Active
HEI,Heico Corporation Common Stock,NYSE,N,N,HEI,Active
HELE,Helen of Troy Limited - Common Stock,NASDAQ,N,N,HELE,Active
HELP,Cybin Inc. - Common Stock,NASDAQ,N,N,HELP,Active
HESM,Hess Midstream LP Class A Representing Limited Partner Interests,NYSE,N,N,HESM,Active
HFBL,"Home Federal Bancorp, Inc. of Louisiana - Common Stock",NASDAQ,N,N,HFBL,Active
HFFG,HF Foods Group Inc. - Common Stock,NASDAQ,N,N,HFFG,Active
HFWA,Heritage Financial Corporation - Common Stock,NASDAQ,N,N,HFWA,Active
HG,"Hamilton Insurance Group, Ltd. Class B Common Shares",NYSE,N,N,HG,Active
HGBL,Heritage Global Inc. - Common Stock,NASDAQ,N,N,HGBL,Active
HGTY,"Hagerty, Inc. Class A Common Stock",NYSE,N,N,HGTY,Active
HGV,Hilton Grand Vacations Inc. Common Stock ,NYSE,N,N,HGV,Active
HHH,Howard Hughes Holdings Inc. Common Stock,NYSE,N,N,HHH,Active
HHS,"Harte Hanks, Inc. - Common Stock",NASDAQ,N,N,HHS,Active
HIFS,Hingham Institution for Savings - Common Stock,NASDAQ,N,N,HIFS,Active
HIG,"The Hartford Insurance Group, Inc. Common Stock",NYSE,N,N,HIG,Active
HIHO,Highway Holdings Limited - Common Stock,NASDAQ,N,N,HIHO,Active
HII,"Huntington Ingalls Industries, Inc. Common Stock",NYSE,N,N,HII,Active
HIMS,"Hims & Hers Health, Inc. Class A Common Stock",NYSE,N,N,HIMS,Active
HIND,"Vyome Holdings, Inc. - Common Stock",NASDAQ,N,N,HIND,Active
HIPO,Hippo Holdings Inc. Common Stock,NYSE,N,N,HIPO,Active
HIT,"Health In Tech, Inc. - Class A Common Stock",NASDAQ,N,N,HIT,Active
HITI,High Tide Inc. - Common Shares,NASDAQ,N,N,HITI,Active
HIVE,HIVE Digital Technologies Ltd - Common Shares,NASDAQ,N,N,HIVE,Active
HIW,"Highwoods Properties, Inc. Common Stock",NYSE,N,N,HIW,Active
HKIT,Hitek Global Inc. - Class A Ordinary Share,NASDAQ,N,N,HKIT,Active
HKPD,"Cellyan Biotechnology Co., Ltd  - Class A Ordinary Shares",NASDAQ,N,N,HKPD,Active
HL,Hecla Mining Company Common Stock,NYSE,N,N,HL,Active
HLF,Herbalife Ltd. Common Shares,NYSE,N,N,HLF,Active
HLI,"Houlihan Lokey, Inc. Class A Common Stock",NYSE,N,N,HLI,Active
HLIO,"Helios Technologies, Inc. Common Stock",NYSE,N,N,HLIO,Active
HLIT,Harmonic Inc. - Common Stock,NASDAQ,N,N,HLIT,Active
HLLY,Holley Inc. Common Stock,NYSE,N,N,HLLY,Active
HLMN,Hillman Solutions Corp. - Common Stock,NASDAQ,N,N,HLMN,Active
HLNE,Hamilton Lane Incorporated - Class A Common Stock,NASDAQ,N,N,HLNE,Active
HLP,Hongli Group Inc. - Class A Ordinary Shares,NASDAQ,N,N,HLP,Active
HLT,Hilton Worldwide Holdings Inc. Common Stock ,NYSE,N,N,HLT,Active
HLX,"Helix Energy Solutions Group, Inc. Common Stock",NYSE,N,N,HLX,Active
HLXC,Helix Acquisition Corp. III - Class A Ordinary Shares,NASDAQ,N,N,HLXC,Active
HMC,"Honda Motor Company, Ltd. Common Stock",NYSE,N,N,HMC,Active
HMH,HMH Holding Inc. - Common Stock,NASDAQ,N,N,HMH,Active
HMN,Horace Mann Educators Corporation Common Stock,NYSE,N,N,HMN,Active
HMR,Heidmar Maritime Holdings Corp. - Common Stock,NASDAQ,N,N,HMR,Active
HMY,Harmony Gold Mining Company Limited,NYSE,N,N,HMY,Active
HNGE,"Hinge Health, Inc. Class A Common Stock",NYSE,N,N,HNGE,Active
HNI,HNI Corporation Common Stock,NYSE,N,N,HNI,Active
HNNA,"Hennessy Advisors, Inc. - Common Stock",NASDAQ,N,N,HNNA,Active
HNRG,Hallador Energy Company - Common Stock,NASDAQ,N,N,HNRG,Active
HNST,"The Honest Company, Inc. - Common Stock",NASDAQ,N,N,HNST,Active
HNVR,"Hanover Bancorp, Inc. - Common Stock",NASDAQ,N,N,HNVR,Active
HODO,House of Doge Inc. - Common Stock,NASDAQ,N,N,HODO,Active
HOFT,Hooker Furnishings Corporation - Common Stock,NASDAQ,N,N,HOFT,Active
HOG,"Harley-Davidson, Inc. Common Stock",NYSE,N,N,HOG,Active
HOLO,MicroCloud Hologram Inc. - Ordinary Shares,NASDAQ,N,N,HOLO,Active
HOMB,"Home BancShares, Inc. Common Stock",NYSE,N,N,HOMB,Active
HON,Honeywell International Inc. - Common Stock,NASDAQ,N,N,HON,Active
HONA,Honeywell Aerospace Inc. - Common Stock,NASDAQ,N,N,HONA,Active
HOOD,"Robinhood Markets, Inc. - Class A Common Stock",NASDAQ,N,N,HOOD,Active
HOPE,"Hope Bancorp, Inc. - Common Stock",NASDAQ,N,N,HOPE,Active
HOUR,"Hour Loop, Inc. - common stock",NASDAQ,N,N,HOUR,Active
HOV,"Hovnanian Enterprises, Inc. Class A Common Stock",NYSE,N,N,HOV,Active
HOVR,New Horizon Aircraft Ltd. - Class A Ordinary Shares,NASDAQ,N,N,HOVR,Active
HOWL,"Werewolf Therapeutics, Inc. - Common Stock",NASDAQ,N,N,HOWL,Active
HP,"Helmerich & Payne, Inc. Common Stock",NYSE,N,N,HP,Active
HPAI,Helport AI Limited - Ordinary Shares,NASDAQ,N,N,HPAI,Active
HPAIW,Helport AI Limited - Warrants,NASDAQ,N,N,HPAIW,Active
HPE,Hewlett Packard Enterprise Company Common Stock,NYSE,N,N,HPE,Active
HPK,"HighPeak Energy, Inc. - Common Stock",NASDAQ,N,N,HPK,Active
HPP,"Hudson Pacific Properties, Inc. Common Stock",NYSE,N,N,HPP,Active
HPQ,HP Inc. Common Stock,NYSE,N,N,HPQ,Active
HQ,Horizon Quantum Holdings Ltd. - Class A Ordinary Shares,NASDAQ,N,N,HQ,Active
HQI,"HireQuest, Inc. - Common Stock",NASDAQ,N,N,HQI,Active
HQY,"HealthEquity, Inc. - Common Stock",NASDAQ,N,N,HQY,Active
HR,Healthcare Realty Trust Incorporated Common Stock,NYSE,N,N,HR,Active
HRB,"H&R Block, Inc. Common Stock",NYSE,N,N,HRB,Active
HRI,Herc Holdings Inc. Common Stock ,NYSE,N,N,HRI,Active
HRL,Hormel Foods Corporation Common Stock,NYSE,N,N,HRL,Active
HRMY,"Harmony Biosciences Holdings, Inc. - Common Stock",NASDAQ,N,N,HRMY,Active
HROW,"Harrow, Inc. - Common Stock",NASDAQ,N,N,HROW,Active
HRTG,"Heritage Insurance Holdings, Inc. Common Stock",NYSE,N,N,HRTG,Active
HRTX,"Heron Therapeutics, Inc.   - Common Stock",NASDAQ,N,N,HRTX,Active
HRZN,Horizon Technology Finance Corporation - Common Stock,NASDAQ,N,N,HRZN,Active
HSBC,"HSBC Holdings, plc. Common Stock",NYSE,N,N,HSBC,Active
HSCS,HeartSciences Inc. - Common Stock,NASDAQ,N,N,HSCS,Active
HSDT,Solana Company - Class A Common Stock,NASDAQ,N,N,HSDT,Active
HSHP,Himalaya Shipping Ltd. Common Shares,NYSE,N,N,HSHP,Active
HSIC,"Henry Schein, Inc. - Common Stock",NASDAQ,N,N,HSIC,Active
HSLV,Highlander Silver Corp. Common Shares,NYSE American,N,N,HSLV,Active
HST,"Host Hotels & Resorts, Inc. - Common Stock",NASDAQ,N,N,HST,Active
HSTM,"HealthStream, Inc. - Common Stock",NASDAQ,N,N,HSTM,Active
HSY,The Hershey Company Common Stock,NYSE,N,N,HSY,Active
HTB,"HomeTrust Bancshares, Inc. Common Stock",NYSE,N,N,HTB,Active
HTCO,High-Trend International Group - Class A Ordinary Shares,NASDAQ,N,N,HTCO,Active
HTCR,"Heartcore Enterprises, Inc. - Common Stock",NASDAQ,N,N,HTCR,Active
HTFL,"Heartflow, Inc. - Common Stock",NASDAQ,N,N,HTFL,Active
HTGC,"Hercules Capital, Inc. Common Stock",NYSE,N,N,HTGC,Active
HTH,Hilltop Holdings Inc.,NYSE,N,N,HTH,Active
HTLD,"Heartland Express, Inc. - Common Stock",NASDAQ,N,N,HTLD,Active
HTLM,HomesToLife Ltd - Ordinary Shares,NASDAQ,N,N,HTLM,Active
HTO,H2O America  - Common Stock,NASDAQ,N,N,HTO,Active
HTOO,Fusion Fuel Green PLC - Ordinary Shares,NASDAQ,N,N,HTOO,Active
HTZ,"Hertz Global Holdings, Inc - Common Stock",NASDAQ,N,N,HTZ,Active
HUBB,Hubbell Inc Common Stock,NYSE,N,N,HUBB,Active
HUBC,Hub Cyber Security Ltd. - Ordinary Shares,NASDAQ,N,N,HUBC,Active
HUBG,"Hub Group, Inc. - Class A Common Stock",NASDAQ,N,N,HUBG,Active
HUBS,"HubSpot, Inc. Common Stock",NYSE,N,N,HUBS,Active
HUDI,"Huadi International Group Co., Ltd. - Ordinary Shares",NASDAQ,N,N,HUDI,Active
HUHU,HUHUTECH International Group Inc. - Ordinary Shares,NASDAQ,N,N,HUHU,Active
HUM,Humana Inc. Common Stock,NYSE,N,N,HUM,Active
HUMA,"Humacyte, Inc. - Common Stock",NASDAQ,N,N,HUMA,Active
HUN,Huntsman Corporation Common Stock,NYSE,N,N,HUN,Active
HURA,"TuHURA Biosciences, Inc. - Common Stock",NASDAQ,N,N,HURA,Active
HURC,"Hurco Companies, Inc. - Common Stock",NASDAQ,N,N,HURC,Active
HURN,Huron Consulting Group Inc. - Common Stock,NASDAQ,N,N,HURN,Active
HUT,Hut 8 Corp. - Common Stock,NASDAQ,N,N,HUT,Active
HVII,Hennessy Capital Investment Corp. VII - Ordinary Shares,NASDAQ,N,N,HVII,Active
HVMC,Highview Merger Corp. - Class A Ordinary Share,NASDAQ,N,N,HVMC,Active
HVMCW,Highview Merger Corp. - Warrants,NASDAQ,N,N,HVMCW,Active
HVT,"Haverty Furniture Companies, Inc. Common Stock",NYSE,N,N,HVT,Active
HWBK,"Hawthorn Bancshares, Inc. - Common Stock",NASDAQ,N,N,HWBK,Active
HWC,Hancock Whitney Corporation - Common Stock,NASDAQ,N,N,HWC,Active
HWH,HWH International Inc. - Common Stock,NASDAQ,N,N,HWH,Active
HWKN,"Hawkins, Inc. - Common Stock",NASDAQ,N,N,HWKN,Active
HWM,Howmet Aerospace Inc. Common Stock,NYSE,N,N,HWM,Active
HXHX,Haoxin Holdings Limited - Class A Ordinary Shares,NASDAQ,N,N,HXHX,Active
HXL,Hexcel Corporation Common Stock,NYSE,N,N,HXL,Active
HY,"Hyster-Yale, Inc. Class A common stock",NYSE,N,N,HY,Active
HYFM,"Hydrofarm Holdings Group, Inc. - Common Stock",NASDAQ,N,N,HYFM,Active
HYFT,MindWalk Holdings Corp. - Common Stock,NASDAQ,N,N,HYFT,Active
HYLN,Hyliion Holdings Corp. Class A Common Stock,NYSE American,N,N,HYLN,Active
HYMC,Hycroft Mining Holding Corporation - Class A Common Stock,NASDAQ,N,N,HYMC,Active
HYNE,"Hoyne Bancorp, Inc. - Common Stock",NASDAQ,N,N,HYNE,Active
HYPD,"Hyperion DeFi, Inc. - Common Stock",NASDAQ,N,N,HYPD,Active
HYPR,"Hyperfine, Inc.  - Class A Common Stock",NASDAQ,N,N,HYPR,Active
HZO,"MarineMax, Inc.  (FL) Common Stock",NYSE,N,N,HZO,Active
IACO,Idea Acquisition Corp. - Class A Ordinary Shares,NASDAQ,N,N,IACO,Active
IACOW,Idea Acquisition Corp. - Warrants,NASDAQ,N,N,IACOW,Active
IACQ,Irenic Acquisition Corp. - Class A Ordinary Shares,NASDAQ,N,N,IACQ,Active
IACQW,Irenic Acquisition Corp. - Warrants,NASDAQ,N,N,IACQW,Active
IAG,Iamgold Corporation Ordinary Shares,NYSE,N,N,IAG,Active
IART,Integra LifeSciences Holdings Corporation - Common Stock,NASDAQ,N,N,IART,Active
IAUX,i-80 Gold Corp. Common Shares,NYSE American,N,N,IAUX,Active
IBAC,IB Acquisition Corp. - Common Stock,NASDAQ,N,N,IBAC,Active
IBCP,Independent Bank Corporation - Common Stock,NASDAQ,N,N,IBCP,Active
IBEX,IBEX Limited - Common Share,NASDAQ,N,N,IBEX,Active
IBG,Innovation Beverage Group Limited - Ordinary Shares,NASDAQ,N,N,IBG,Active
IBIO,"iBio, Inc. - Common Stock",NASDAQ,N,N,IBIO,Active
IBKR,"Interactive Brokers Group, Inc. - Class A Common Stock",NASDAQ,N,N,IBKR,Active
IBM,International Business Machines Corporation Common Stock,NYSE,N,N,IBM,Active
IBN,ICICI Bank Limited Common Stock,NYSE,N,N,IBN,Active
IBO,"Impact BioMedical, Inc. Common Stock",NYSE American,N,N,IBO,Active
IBOC,International Bancshares Corporation - Common Stock,NASDAQ,N,N,IBOC,Active
IBP,"Installed Building Products, Inc. Common Stock",NYSE,N,N,IBP,Active
IBRX,"ImmunityBio, Inc. - Common Stock",NASDAQ,N,N,IBRX,Active
IBTA,"Ibotta, Inc. Class A Common Stock",NYSE,N,N,IBTA,Active
ICCC,ImmuCell Corporation - Common Stock,NASDAQ,N,N,ICCC,Active
ICCM,IceCure Medical Ltd. - Ordinary Shares,NASDAQ,N,N,ICCM,Active
ICE,Intercontinental Exchange Inc. Common Stock,NYSE,N,N,ICE,Active
ICFI,"ICF International, Inc. - Common Stock",NASDAQ,N,N,ICFI,Active
ICHR,Ichor Holdings - Ordinary Shares,NASDAQ,N,N,ICHR,Active
ICL,ICL Group Ltd. Ordinary Shares,NYSE,N,N,ICL,Active
ICLR,ICON plc - Ordinary Shares,NASDAQ,N,N,ICLR,Active
ICMB,"Investcorp Credit Management BDC, Inc. - Common Stock",NASDAQ,N,N,ICMB,Active
ICON,Icon Energy Corp. - Common stock,NASDAQ,N,N,ICON,Active
ICU,SeaStar Medical Holding Corporation - Common Stock,NASDAQ,N,N,ICU,Active
ICUI,"ICU Medical, Inc. - Common Stock",NASDAQ,N,N,ICUI,Active
IDA,"IDACORP, Inc. Common Stock",NYSE,N,N,IDA,Active
IDAC,Iron Dome Acquisition I Corp. - Class A Ordinary Shares,NASDAQ,N,N,IDAC,Active
IDAI,T Stamp Inc. - Class A Common Stock,NASDAQ,N,N,IDAI,Active
IDCC,"InterDigital, Inc. - Common Stock",NASDAQ,N,N,IDCC,Active
IDN,"Intellicheck, Inc. - Common Stock",NASDAQ,N,N,IDN,Active
IDR,"Idaho Strategic Resources, Inc. Common Stock",NYSE American,N,N,IDR,Active
IDT,IDT Corporation Class B Common Stock,NYSE,N,N,IDT,Active
IDXX,"IDEXX Laboratories, Inc. - Common Stock",NASDAQ,N,N,IDXX,Active
IDYA,"IDEAYA Biosciences, Inc. - Common Stock",NASDAQ,N,N,IDYA,Active
IE,Ivanhoe Electric Inc. Common Stock,NYSE American,N,N,IE,Active
IEAG,Infinite Eagle Acquisition Corp. - Class A Ordinary Shares,NASDAQ,N,N,IEAG,Active
IESC,"IES Holdings, Inc. - Common Stock",NASDAQ,N,N,IESC,Active
IEX,IDEX Corporation Common Stock,NYSE,N,N,IEX,Active
IFBD,"Infobird Co., Ltd - Ordinary Shares",NASDAQ,N,N,IFBD,Active
IFF,"International Flavors & Fragrances, Inc. Common Stock",NYSE,N,N,IFF,Active
IFRX,InflaRx N.V. - Common Stock,NASDAQ,N,N,IFRX,Active
IFS,Intercorp Financial Services Inc. Common Shares,NYSE,N,N,IFS,Active
IGAC,Invest Green Acquisition Corporation - Class A Ordinary Shares,NASDAQ,N,N,IGAC,Active
IGC,"IGC Pharma, Inc. Common Stock",NYSE American,N,N,IGC,Active
IGI,Western Asset Investment Grade Opportunity Trust Inc. Common Stock,NYSE,N,N,IGI,Active
IGIC,International General Insurance Holdings Ltd. - Ordinary Shares,NASDAQ,N,N,IGIC,Active
IHRT,"iHeartMedia, Inc. - Class A Common Stock",NASDAQ,N,N,IHRT,Active
IHS,IHS Holding Limited Ordinary Shares,NYSE,N,N,IHS,Active
III,"Information Services Group, Inc. - Common Stock",NASDAQ,N,N,III,Active
IIIN,"Insteel Industries, Inc. Common Stock",NYSE,N,N,IIIN,Active
IIIV,"i3 Verticals, Inc. - Common Stock",NASDAQ,N,N,IIIV,Active
IIM,Invesco Value Municipal Income Trust Common Stock,NYSE,N,N,IIM,Active
IIPR,"Innovative Industrial Properties, Inc. Common Stock",NYSE,N,N,IIPR,Active
IKT,"Inhibikase Therapeutics, Inc. - Common Stock",NASDAQ,N,N,IKT,Active
ILAG,Intelligent Living Application Group Inc. - Ordinary Shares,NASDAQ,N,N,ILAG,Active
ILLR,Triller Group Inc. - Common Stock,NASDAQ,N,N,ILLR,Active
ILLU,Illumination Acquisition Corp I - Class A Ordinary Shares,NASDAQ,N,N,ILLU,Active
ILMN,"Illumina, Inc. - Common Stock",NASDAQ,N,N,ILMN,Active
IMA,"ImageneBio, Inc. - Common Stock",NASDAQ,N,N,IMA,Active
IMAX,Imax Corporation Common Stock,NYSE,N,N,IMAX,Active
IMCC,IM Cannabis Corp. - Common Shares,NASDAQ,N,N,IMCC,Active
IMDX,Insight Molecular Diagnostics Inc. - Common Stock,NASDAQ,N,N,IMDX,Active
IMKTA,"Ingles Markets, Incorporated - Class A Common Stock",NASDAQ,N,N,IMKTA,Active
IMMR,Immersion Corporation - Common Stock,NASDAQ,N,N,IMMR,Active
IMMX,"Immix Biopharma, Inc. - Common Stock",NASDAQ,N,N,IMMX,Active
IMNM,"Immunome, Inc. - Common Stock",NASDAQ,N,N,IMNM,Active
IMNN,"Imunon, Inc. - Common Stock",NASDAQ,N,N,IMNN,Active
IMO,Imperial Oil Limited Common Stock,NYSE American,N,N,IMO,Active
IMPP,Imperial Petroleum Inc. - Common Shares,NASDAQ,N,N,IMPP,Active
IMRX,Immuneering Corporation - Class A Common Stock,NASDAQ,N,N,IMRX,Active
IMSR,Terrestrial Energy Inc. - Common Stock,NASDAQ,N,N,IMSR,Active
IMTE,Integrated Media Technology Limited - Ordinary Shares,NASDAQ,N,N,IMTE,Active
IMTX,Immatics N.V. - Ordinary Shares,NASDAQ,N,N,IMTX,Active
IMUX,"Immunic, Inc.  - Common Stock",NASDAQ,N,N,IMUX,Active
IMVT,"Immunovant, Inc.  - Common Stock",NASDAQ,N,N,IMVT,Active
IMXI,"International Money Express, Inc. - Common Stock",NASDAQ,N,N,IMXI,Active
INAB,"IN8bio, Inc. - Common Stock",NASDAQ,N,N,INAB,Active
INAC,Indigo Acquisition Corp. - Ordinary Shares,NASDAQ,N,N,INAC,Active
INBK,First Internet Bancorp - Common Stock,NASDAQ,N,N,INBK,Active
INBS,Intelligent Bio Solutions Inc.  - Common Stock,NASDAQ,N,N,INBS,Active
INBX,"Inhibrx Biosciences, Inc. - Common Stock",NASDAQ,N,N,INBX,Active
INCR,Intercure Ltd. - ordinary shares,NASDAQ,N,N,INCR,Active
INCY,Incyte Corporation - Common Stock,NASDAQ,N,N,INCY,Active
INDB,Independent Bank Corp. - Common Stock,NASDAQ,N,N,INDB,Active
INDI,"indie Semiconductor, Inc. - Class A Common Stock",NASDAQ,N,N,INDI,Active
INDO,Indonesia Energy Corporation Limited Ordinary Shares,NYSE American,N,N,INDO,Active
INDP,"Indaptus Therapeutics, Inc. - Common Stock",NASDAQ,N,N,INDP,Active
INDV,"Indivior Pharmaceuticals, Inc.  - Common Stock",NASDAQ,N,N,INDV,Active
INEO,INNEOVA Holdings Limited - Class A Ordinary Shares,NASDAQ,N,N,INEO,Active
INFQ,"Infleqtion, Inc. Common Stock",NYSE,N,N,INFQ,Active
INFU,"InfuSystems Holdings, Inc. Common Stock",NYSE American,N,N,INFU,Active
ING,"ING Group, N.V. Common Stock",NYSE,N,N,ING,Active
INGM,Ingram Micro Holding Corporation Common Stock,NYSE,N,N,INGM,Active
INGN,"Inogen, Inc - Common Stock",NASDAQ,N,N,INGN,Active
INGR,Ingredion Incorporated Common Stock,NYSE,N,N,INGR,Active
INHD,Inno Holdings Inc. - Common Stock,NASDAQ,N,N,INHD,Active
INIO,INNIO N.V. - Ordinary Shares,NASDAQ,N,N,INIO,Active
INKT,"MiNK Therapeutics, Inc. - Common Stock",NASDAQ,N,N,INKT,Active
INLF,INLIF LIMITED - Class A Ordinary shares,NASDAQ,N,N,INLF,Active
INLX,"Intellinetics, Inc. Common Stock",NYSE American,N,N,INLX,Active
INM,InMed Pharmaceuticals Inc. - Common Shares,NASDAQ,N,N,INM,Active
INMB,INmune Bio Inc. - Common stock,NASDAQ,N,N,INMB,Active
INMD,InMode Ltd.  - Ordinary Shares,NASDAQ,N,N,INMD,Active
INN,"Summit Hotel Properties, Inc. Common Stock",NYSE,N,N,INN,Active
INNV,InnovAge Holding Corp. - Common Stock,NASDAQ,N,N,INNV,Active
INO,"Inovio Pharmaceuticals, Inc. - Common Stock",NASDAQ,N,N,INO,Active
INOD,Innodata Inc. - Common Stock,NASDAQ,N,N,INOD,Active
INR,"Infinity Natural Resources, Inc. Class A Common Stock",NYSE,N,N,INR,Active
INSE,"Inspired Entertainment, Inc. - Common Stock",NASDAQ,N,N,INSE,Active
INSG,Inseego Corp. - Common Stock,NASDAQ,N,N,INSG,Active
INSM,Insmed Incorporated - Common Stock,NASDAQ,N,N,INSM,Active
INSP,"Inspire Medical Systems, Inc. Common Stock",NYSE,N,N,INSP,Active
INSW,"International Seaways, Inc. Common Stock ",NYSE,N,N,INSW,Active
INTA,"Intapp, Inc. - Common Stock",NASDAQ,N,N,INTA,Active
INTC,Intel Corporation - Common Stock,NASDAQ,N,N,INTC,Active
INTG,The Intergroup Corporation - Common Stock,NASDAQ,N,N,INTG,Active
INTJ,Intelligent Group Limited - Class A Ordinary Shares,NASDAQ,N,N,INTJ,Active
INTR,Inter & Co. Inc. - Class A Common Shares,NASDAQ,N,N,INTR,Active
INTS,"Intensity Therapeutics, Inc. - Common Stock",NASDAQ,N,N,INTS,Active
INTT,inTest Corporation Common Stock,NYSE American,N,N,INTT,Active
INTU,Intuit Inc. - Common Stock,NASDAQ,N,N,INTU,Active
INTZ,Intrusion Inc. - Common Stock,NASDAQ,N,N,INTZ,Active
INUV,"Inuvo, Inc.",NYSE American,N,N,INUV,Active
INV,"Innventure, Inc. - Common Stock",NASDAQ,N,N,INV,Active
INVA,"Innoviva, Inc. - Common Stock",NASDAQ,N,N,INVA,Active
INVE,"Identiv, Inc. - Common Stock",NASDAQ,N,N,INVE,Active
INVH,Invitation Homes Inc. Common Stock,NYSE,N,N,INVH,Active
INVX,"Innovex International, Inc. Common Stock",NYSE,N,N,INVX,Active
INVZ,Innoviz Technologies Ltd. - Ordinary shares,NASDAQ,N,N,INVZ,Active
IONQ,"IonQ, Inc. Common Stock",NYSE,N,N,IONQ,Active
IONS,"Ionis Pharmaceuticals, Inc. - Common Stock",NASDAQ,N,N,IONS,Active
IOR,"Income Opportunity Realty Investors, Inc. Common Stock",NYSE American,N,N,IOR,Active
IOSP,Innospec Inc. - Common Stock,NASDAQ,N,N,IOSP,Active
IOT,Samsara Inc. Class A Common Stock,NYSE,N,N,IOT,Active
IOTR,iOThree Limited - Ordinary Shares,NASDAQ,N,N,IOTR,Active
IOVA,"Iovance Biotherapeutics, Inc. - Common Stock",NASDAQ,N,N,IOVA,Active
IP,International Paper Company Common Stock,NYSE,N,N,IP,Active
IPAR,"Interparfums, Inc. - Common Stock",NASDAQ,N,N,IPAR,Active
IPCX,Inflection Point Acquisition Corp. III - Class A ordinary shares,NASDAQ,N,N,IPCX,Active
IPDN,"Professional Diversity Network, Inc. - Common Stock",NASDAQ,N,N,IPDN,Active
IPEX,Inflection Point Acquisition Corp. - Class A Ordinary Shares,NASDAQ,N,N,IPEX,Active
IPFX,Inflection Point Acquisition Corp. VI - Class A Ordinary Shares,NASDAQ,N,N,IPFX,Active
IPGP,IPG Photonics Corporation - Common Stock,NASDAQ,N,N,IPGP,Active
IPI,"Intrepid Potash, Inc Common Stock",NYSE,N,N,IPI,Active
IPM,Intelligent Protection Management Corp.  - Common Stock,NASDAQ,N,N,IPM,Active
IPSC,"Century Therapeutics, Inc. - Common Stock",NASDAQ,N,N,IPSC,Active
IPST,"IP Strategy Holdings, Inc. - Common Stock",NASDAQ,N,N,IPST,Active
IPW,iPower Inc. - Common Stock,NASDAQ,N,N,IPW,Active
IPWR,Ideal Power Inc. - Common Stock,NASDAQ,N,N,IPWR,Active
IQI,Invesco Quality Municipal Income Trust Common Stock,NYSE,N,N,IQI,Active
IQST,iQSTEL Inc. - Common Stock,NASDAQ,N,N,IQST,Active
IQV,"IQVIA Holdings, Inc. Common Stock",NYSE,N,N,IQV,Active
IR,Ingersoll Rand Inc. Common Stock,NYSE,N,N,IR,Active
IRAB,Iris Acquisition Corp II Class A Ordinary Shares,NYSE,N,N,IRAB,Active
IRD,"Opus Genetics, Inc. - Common Stock",NASDAQ,N,N,IRD,Active
IRDM,Iridium Communications Inc - Common Stock,NASDAQ,N,N,IRDM,Active
IREN,IREN Limited - Ordinary Shares,NASDAQ,N,N,IREN,Active
IRHO,Iron Horse Acquisitions II Corp. - Common Stock,NASDAQ,N,N,IRHO,Active
IRIX,IRIDEX Corporation - Common Stock,NASDAQ,N,N,IRIX,Active
IRM,Iron Mountain Incorporated (Delaware)Common Stock REIT,NYSE,N,N,IRM,Active
IRMD,iRadimed Corporation - Common Stock,NASDAQ,N,N,IRMD,Active
IRON,"Disc Medicine, Inc. - Common Stock",NASDAQ,N,N,IRON,Active
IRT,"Independence Realty Trust, Inc. Common Stock",NYSE,N,N,IRT,Active
IRTC,"iRhythm Holdings, Inc.  - Common Stock",NASDAQ,N,N,IRTC,Active
IRWD,"Ironwood Pharmaceuticals, Inc. - Class A Common Stock",NASDAQ,N,N,IRWD,Active
ISBA,Isabella Bank Corporation - Common stock,NASDAQ,N,N,ISBA,Active
ISOU,IsoEnergy Ltd. Common Shares,NYSE American,N,N,ISOU,Active
ISPC,iSpecimen Inc. - Common Stock,NASDAQ,N,N,ISPC,Active
ISPR,Ispire Technology Inc. - Common Stock,NASDAQ,N,N,ISPR,Active
ISRG,"Intuitive Surgical, Inc. - Common Stock",NASDAQ,N,N,ISRG,Active
ISSC,"Innovative Solutions and Support, Inc. - Common Stock",NASDAQ,N,N,ISSC,Active
ISTR,Investar Holding Corporation - Common Stock,NASDAQ,N,N,ISTR,Active
IT,"Gartner, Inc. Common Stock",NYSE,N,N,IT,Active
ITG,"ITG, Inc. - Class A Common Stock",NASDAQ,N,N,ITG,Active
ITGR,Integer Holdings Corporation Common Stock,NYSE,N,N,ITGR,Active
ITHA,ITHAX Acquisition Corp III - Class A Ordinary Shares,NASDAQ,N,N,ITHA,Active
ITHAW,ITHAX Acquisition Corp III - Warrants,NASDAQ,N,N,ITHAW,Active
ITIC,Investors Title Company - Common Stock,NASDAQ,N,N,ITIC,Active
ITOC,iTonic Holdings Ltd - Class A Ordinary Shares,NASDAQ,N,N,ITOC,Active
ITP,"IT Tech Packaging, Inc. Common Stock",NYSE American,N,N,ITP,Active
ITRG,Integra Resources Corp. Common Shares,NYSE American,N,N,ITRG,Active
ITRI,"Itron, Inc. - Common Stock",NASDAQ,N,N,ITRI,Active
ITRN,Ituran Location and Control Ltd. - Ordinary Shares,NASDAQ,N,N,ITRN,Active
ITT,ITT Inc. Common Stock ,NYSE,N,N,ITT,Active
ITW,Illinois Tool Works Inc. Common Stock,NYSE,N,N,ITW,Active
IVA,Inventiva S.A. - American Depository Shares,NASDAQ,N,N,IVA,Active
IVDA,"Iveda Solutions, Inc. - Common Stock",NASDAQ,N,N,IVDA,Active
IVF,"INVO Fertility, Inc. - Common Stock",NASDAQ,N,N,IVF,Active
IVR,INVESCO MORTGAGE CAPITAL INC Common Stock,NYSE,N,N,IVR,Active
IVT,InvenTrust Properties Corp. Common Stock,NYSE,N,N,IVT,Active
IVVD,"Invivyd, Inc. - Common Stock",NASDAQ,N,N,IVVD,Active
IVZ,Invesco Ltd Common Stock,NYSE,N,N,IVZ,Active
IXHL,Incannex Healthcare Inc. - Common Stock,NASDAQ,N,N,IXHL,Active
IZEA,"IZEA Worldwide, Inc. - Common Stock",NASDAQ,N,N,IZEA,Active
IZM,ICZOOM Group Inc. - Class A Ordinary Shares,NASDAQ,N,N,IZM,Active
J,Jacobs Solutions Inc. Common Stock,NYSE,N,N,J,Active
JACK,Jack In The Box Inc. - Common Stock,NASDAQ,N,N,JACK,Active
JACS,Jackson Acquisition Company II Class A Ordinary Shares,NYSE,N,N,JACS,Active
JAGU,Jaguar Uranium Corp. Class A Common Shares,NYSE American,N,N,JAGU,Active
JAGX,"Jaguar Health, Inc. - Common Stock",NASDAQ,N,N,JAGX,Active
JAKK,"JAKKS Pacific, Inc. - Common Stock",NASDAQ,N,N,JAKK,Active
JAN,"Janus Living, Inc. Class A-1 Common Stock",NYSE,N,N,JAN,Active
JANX,"Janux Therapeutics, Inc. - Common Stock",NASDAQ,N,N,JANX,Active
JATT,JATT II Acquisition Corp - Ordinary Shares,NASDAQ,N,N,JATT,Active
JAZZ,Jazz Pharmaceuticals plc - Ordinary Shares,NASDAQ,N,N,JAZZ,Active
JBDI,JBDI Holdings Limited - Ordinary Shares,NASDAQ,N,N,JBDI,Active
JBGS,JBG SMITH Properties Common Shares ,NYSE,N,N,JBGS,Active
JBHT,"J.B. Hunt Transport Services, Inc. - Common Stock",NASDAQ,N,N,JBHT,Active
JBI,"Janus International Group, Inc. Common Stock",NYSE,N,N,JBI,Active
JBIO,"Jade Biosciences, Inc. - Common Stock",NASDAQ,N,N,JBIO,Active
JBK,Lehman ABS 3.50 3.50% Adjustable Corp Backed Tr Certs GS Cap I,NYSE,N,N,JBK,Active
JBL,Jabil Inc. Common Stock,NYSE,N,N,JBL,Active
JBLU,JetBlue Airways Corporation - Common Stock,NASDAQ,N,N,JBLU,Active
JBS,JBS N.V. Class A Common Shares,NYSE,N,N,JBS,Active
JBSS,"John B. Sanfilippo & Son, Inc. - Common Stock",NASDAQ,N,N,JBSS,Active
JBTM,JBT Marel Corporation Common Stock,NYSE,N,N,JBTM,Active
JCAP,"Jefferson Capital, Inc. - Common Stock",NASDAQ,N,N,JCAP,Active
JCI,Johnson Controls International plc Ordinary Share,NYSE,N,N,JCI,Active
JCSE,JE Cleantech Holdings Limited - Ordinary Shares,NASDAQ,N,N,JCSE,Active
JCTC,Jewett-Cameron Trading Company - Common Shares,NASDAQ,N,N,JCTC,Active
JDZG,JIADE LIMITED - Class A Ordinary Shares,NASDAQ,N,N,JDZG,Active
JEF,Jefferies Financial Group Inc. Common Stock,NYSE,N,N,JEF,Active
JELD,"JELD-WEN Holding, Inc. Common Stock",NYSE,N,N,JELD,Active
JEM,707 Cayman Holdings Limited - Ordinary Shares,NASDAQ,N,N,JEM,Active
JENA,Jena Acquisition Corporation II Class A Ordinary Shares,NYSE,N,N,JENA,Active
JFB,JFB Construction Holdings - Class A Common Stock,NASDAQ,N,N,JFB,Active
JHI,John Hancock Investors Trust Common Stock,NYSE,N,N,JHI,Active
JHS,John Hancock Income Securities Trust Common Stock,NYSE,N,N,JHS,Active
JHX,James Hardie Industries plc. Ordinary Shares,NYSE,N,N,JHX,Active
JILL,"J. Jill, Inc. Common Stock",NYSE,N,N,JILL,Active
JJSF,J & J Snack Foods Corp. - Common Stock,NASDAQ,N,N,JJSF,Active
JKHY,"Jack Henry & Associates, Inc. - Common Stock",NASDAQ,N,N,JKHY,Active
JL,J-Long Group Limited - Class A Ordinary Shares,NASDAQ,N,N,JL,Active
JLHL,Julong Holding Limited - Class A Ordinary Shares,NASDAQ,N,N,JLHL,Active
JLL,Jones Lang LaSalle Incorporated Common Stock,NYSE,N,N,JLL,Active
JMSB,"John Marshall Bancorp, Inc. - Common Stock",NASDAQ,N,N,JMSB,Active
JNJ,Johnson & Johnson Common Stock,NYSE,N,N,JNJ,Active
JOB,GEE Group Inc. Common Stock,NYSE American,N,N,JOB,Active
JOBY,"Joby Aviation, Inc. Common Stock",NYSE,N,N,JOBY,Active
JOE,St. Joe Company (The) Common Stock,NYSE,N,N,JOE,Active
JOUT,Johnson Outdoors Inc. - Class A Common Stock,NASDAQ,N,N,JOUT,Active
JPM,JP Morgan Chase & Co. Common Stock,NYSE,N,N,JPM,Active
JRSH,"Jerash Holdings (US), Inc. - Common Stock",NASDAQ,N,N,JRSH,Active
JRVR,"James River Group Holdings, Inc. - Common Stock",NASDAQ,N,N,JRVR,Active
JSPR,"Jasper Therapeutics, Inc. - Class A Common Stock",NASDAQ,N,N,JSPR,Active
JTAI,Jet.AI Inc. - Common Stock,NASDAQ,N,N,JTAI,Active
JUNS,"Jupiter Neurosciences, Inc. - Common Stock",NASDAQ,N,N,JUNS,Active
JVA,"Coffee Holding Co., Inc. - Common Stock",NASDAQ,N,N,JVA,Active
JWEL,Jowell Global Ltd. - Ordinary Shares,NASDAQ,N,N,JWEL,Active
JXG,JX Luxventure Group Inc. - Common Stock,NASDAQ,N,N,JXG,Active
JXN,Jackson Financial Inc. Class A Common Stock ,NYSE,N,N,JXN,Active
JYD,Jayud Global Logistics Limited - Class A Ordinary Shares,NASDAQ,N,N,JYD,Active
JYNT,The Joint Corp. - Common Stock,NASDAQ,N,N,JYNT,Active
JZXN,"Jiuzi Holdings, Inc. - Ordinary Shares",NASDAQ,N,N,JZXN,Active
KAI,Kadant Inc Common Stock,NYSE,N,N,KAI,Active
KALA,"KALA BIO, Inc. - Common Stock",NASDAQ,N,N,KALA,Active
KALU,Kaiser Aluminum Corporation - Common Stock,NASDAQ,N,N,KALU,Active
KAPA,"Kairos Pharma, Ltd. Common Stock",NYSE American,N,N,KAPA,Active
KARD,"Kardigan, Inc. - Common Stock",NASDAQ,N,N,KARD,Active
KARO,Karooooo Ltd. - Ordinary shares,NASDAQ,N,N,KARO,Active
KAZR,Skyline Builders Group Holding Limited - Class A Ordinary Shares,NASDAQ,N,N,KAZR,Active
KB,KB Financial Group Inc,NYSE,N,N,KB,Active
KBDC,"Kayne Anderson BDC, Inc. Common Stock",NYSE,N,N,KBDC,Active
KBH,KB Home Common Stock,NYSE,N,N,KBH,Active
KBON,Karbon Capital Partners Corp. - Class A Ordinary Shares,NASDAQ,N,N,KBON,Active
KBR,"KBR, Inc. Common Stock",NYSE,N,N,KBR,Active
KBSX,FST Corp. - Ordinary Shares,NASDAQ,N,N,KBSX,Active
KCHV,Kochav Defense Acquisition Corp. - Class A Ordinary Shares,NASDAQ,N,N,KCHV,Active
KD,"Kyndryl Holdings, Inc. Common Stock",NYSE,N,N,KD,Active
KDK,"Kodiak AI, Inc. - Common Stock",NASDAQ,N,N,KDK,Active
KDP,Keurig Dr Pepper Inc. - Common Stock,NASDAQ,N,N,KDP,Active
KE,"Kimball Electronics, Inc. - Common Stock",NASDAQ,N,N,KE,Active
KEEL,Keel Infrastructure Corp. - Common Stock,NASDAQ,N,N,KEEL,Active
KELYA,"Kelly Services, Inc. - Class A Common Stock",NASDAQ,N,N,KELYA,Active
KELYB,"Kelly Services, Inc. - Class B Common Stock",NASDAQ,N,N,KELYB,Active
KEN,Kenon Holdings Ltd. Ordinary Shares,NYSE,N,N,KEN,Active
KEP,Korea Electric Power Corporation Common Stock,NYSE,N,N,KEP,Active
KEQU,Kewaunee Scientific Corporation - Common Stock,NASDAQ,N,N,KEQU,Active
KEX,Kirby Corporation Common Stock,NYSE,N,N,KEX,Active
KEY,KeyCorp Common Stock,NYSE,N,N,KEY,Active
KEYS,Keysight Technologies Inc. Common Stock,NYSE,N,N,KEYS,Active
KEYY,Keystone Acquisition Corp. - Class A Ordinary Shares,NASDAQ,N,N,KEYY,Active
KEYYW,Keystone Acquisition Corp. - Warrants,NASDAQ,N,N,KEYYW,Active
KFFB,Kentucky First Federal Bancorp - Common Stock,NASDAQ,N,N,KFFB,Active
KFII,K&F Growth Acquisition Corp. II - Class A Ordinary shares,NASDAQ,N,N,KFII,Active
KFRC,"Kforce, Inc. Common Stock",NYSE,N,N,KFRC,Active
KFY,Korn Ferry Common Stock,NYSE,N,N,KFY,Active
KG,"Kestrel Group, Ltd. - Common Stock",NASDAQ,N,N,KG,Active
KGC,Kinross Gold Corporation Common Stock,NYSE,N,N,KGC,Active
KGEI,Kolibri Global Energy Inc. - Common stock,NASDAQ,N,N,KGEI,Active
KGS,"Kodiak Gas Services, Inc. Common Stock",NYSE,N,N,KGS,Active
KHC,The Kraft Heinz Company - Common Stock,NASDAQ,N,N,KHC,Active
KIDS,OrthoPediatrics Corp. - Common Stock,NASDAQ,N,N,KIDS,Active
KIDZ,KIDZ AI Inc. - Class B Common Stock,NASDAQ,N,N,KIDZ,Active
KIDZW,KIDZ AI Inc. - Warrants,NASDAQ,N,N,KIDZW,Active
KIM,Kimco Realty Corporation (HC) Common Stock,NYSE,N,N,KIM,Active
KINS,"Kingstone Companies, Inc - Common Stock",NASDAQ,N,N,KINS,Active
KITT,"Nauticus Robotics, Inc. - Common stock",NASDAQ,N,N,KITT,Active
KKR,KKR & Co. Inc. Common Stock,NYSE,N,N,KKR,Active
KLAC,KLA Corporation  - Common Stock,NASDAQ,N,N,KLAC,Active
KLAR,Klarna Group plc Ordinary Shares,NYSE,N,N,KLAR,Active
KLC,"KinderCare Learning Companies, Inc. Common Stock",NYSE,N,N,KLC,Active
KLIC,"Kulicke and Soffa Industries, Inc. - Common Stock",NASDAQ,N,N,KLIC,Active
KLRA,"Kailera Therapeutics, Inc. - Common stock",NASDAQ,N,N,KLRA,Active
KLRS,"Kalaris Therapeutics, Inc.  - Common Stock",NASDAQ,N,N,KLRS,Active
KLTR,"Kaltura, Inc. - Common Stock",NASDAQ,N,N,KLTR,Active
KLXE,"KLX Energy Services Holdings, Inc.  - Common Stock",NASDAQ,N,N,KLXE,Active
KMB,Kimberly-Clark Corporation - Common Stock,NASDAQ,N,N,KMB,Active
KMDA,Kamada Ltd. - Ordinary Shares,NASDAQ,N,N,KMDA,Active
KMI,"Kinder Morgan, Inc. Common Stock",NYSE,N,N,KMI,Active
KMPB,Kemper Corporation 5.875% Fixed-Rate Reset Junior Subordinated Debentures due 2062,NYSE,N,N,KMPB,Active
KMPR,Kemper Corporation,NYSE,N,N,KMPR,Active
KMRK,K-Tech Solutions Company Limited - Class A Ordinary Shares,NASDAQ,N,N,KMRK,Active
KMT,Kennametal Inc. Common Stock,NYSE,N,N,KMT,Active
KMTS,"Kestra Medical Technologies, Ltd. - Common Stock",NASDAQ,N,N,KMTS,Active
KMX,CarMax Inc,NYSE,N,N,KMX,Active
KN,Knowles Corporation Common Stock,NYSE,N,N,KN,Active
KNDI,"Kandi Technologies Group, Inc. - Ordinary Shares",NASDAQ,N,N,KNDI,Active
KNF,Knife Riv Holding Co. Common Stock,NYSE,N,N,KNF,Active
KNRX,KNOREX LTD. Class A Ordinary Shares,NYSE American,N,N,KNRX,Active
KNSA,"Kiniksa Pharmaceuticals International, plc - Class A Ordinary Shares",NASDAQ,N,N,KNSA,Active
KNSL,"Kinsale Capital Group, Inc. Common Stock",NYSE,N,N,KNSL,Active
KNTK,Kinetik Holdings Inc. Class A Common Stock,NYSE,N,N,KNTK,Active
KNX,Knight-Swift Transportation Holdings Inc.,NYSE,N,N,KNX,Active
KO,Coca-Cola Company (The) Common Stock,NYSE,N,N,KO,Active
KOD,Kodiak Sciences Inc - Common Stock,NASDAQ,N,N,KOD,Active
KODK,Eastman Kodak Company Common New,NYSE,N,N,KODK,Active
KOP,Koppers Holdings Inc. Common Stock,NYSE,N,N,KOP,Active
KOPN,Kopin Corporation - Common Stock,NASDAQ,N,N,KOPN,Active
KOS,Kosmos Energy Ltd. Common Shares (DE),NYSE,N,N,KOS,Active
KOSS,Koss Corporation - Common Stock,NASDAQ,N,N,KOSS,Active
KOYN,CSLM Digital Asset Acquisition Corp III - Class A Ordinary Shares,NASDAQ,N,N,KOYN,Active
KOYNW,CSLM Digital Asset Acquisition Corp III - Warrants,NASDAQ,N,N,KOYNW,Active
KPET,KPET Ultra Paceline Corporation Class A Ordinary Shares,NYSE,N,N,KPET,Active
KPLT,"Katapult Holdings, Inc. - Common Stock",NASDAQ,N,N,KPLT,Active
KPRX,"Kiora Pharmaceuticals, Inc.  - Common Stock",NASDAQ,N,N,KPRX,Active
KPTI,Karyopharm Therapeutics Inc. - Common Stock,NASDAQ,N,N,KPTI,Active
KR,Kroger Company (The) Common Stock,NYSE,N,N,KR,Active
KRAQ,KRAKacquisition Corp - Class A Ordinary Shares,NASDAQ,N,N,KRAQ,Active
KRAQW,KRAKacquisition Corp - Warrants,NASDAQ,N,N,KRAQW,Active
KRC,Kilroy Realty Corporation Common Stock,NYSE,N,N,KRC,Active
KREF,KKR Real Estate Finance Trust Inc. Common Stock,NYSE,N,N,KREF,Active
KRG,Kite Realty Group Trust Common Stock,NYSE,N,N,KRG,Active
KRMD,"KORU Medical Systems, Inc. - Common Stock",NASDAQ,N,N,KRMD,Active
KRMN,Karman Holdings Inc. Common Stock,NYSE,N,N,KRMN,Active
KRNT,Kornit Digital Ltd. - Ordinary Shares,NASDAQ,N,N,KRNT,Active
KRNY,Kearny Financial - Common Stock,NASDAQ,N,N,KRNY,Active
KRO,Kronos Worldwide Inc Common Stock,NYSE,N,N,KRO,Active
KROS,"Keros Therapeutics, Inc. - common stock",NASDAQ,N,N,KROS,Active
KRRO,"Korro Bio, Inc. - Common Stock",NASDAQ,N,N,KRRO,Active
KRSP,Rice Acquisition Corporation 3 Class A Ordinary Shares,NYSE,N,N,KRSP,Active
KRT,Karat Packaging Inc. - Common Stock,NASDAQ,N,N,KRT,Active
KRUS,"Kura Sushi USA, Inc. - Class A Common Stock",NASDAQ,N,N,KRUS,Active
KRYS,"Krystal Biotech, Inc. - Common Stock",NASDAQ,N,N,KRYS,Active
KSCP,"Knightscope, Inc. - Class A Common Stock",NASDAQ,N,N,KSCP,Active
KSPI,Joint Stock Company Kaspi.kz - American Depository Shares,NASDAQ,N,N,KSPI,Active
KSS,Kohl's Corporation Common Stock,NYSE,N,N,KSS,Active
KT,KT Corporation Common Stock,NYSE,N,N,KT,Active
KTB,"Kontoor Brands, Inc. Common Stock ",NYSE,N,N,KTB,Active
KTCC,Key Tronic Corporation - Common Stock,NASDAQ,N,N,KTCC,Active
KTF,DWS Municipal Income Trust,NYSE,N,N,KTF,Active
KTN,Structured Products Corp 8.205% CorTS 8.205% Corporate Backed Trust Securities (CorTS),NYSE,N,N,KTN,Active
KTOS,"Kratos Defense & Security Solutions, Inc. - Common Stock",NASDAQ,N,N,KTOS,Active
KTTA,Pasithea Therapeutics Corp. - Common Stock,NASDAQ,N,N,KTTA,Active
KTWO,K2 Capital Acquisition Corporation - Class A Ordinary Share,NASDAQ,N,N,KTWO,Active
KULR,"KULR Technology Group, Inc. Common Stock",NYSE American,N,N,KULR,Active
KURA,"Kura Oncology, Inc. - Common Stock",NASDAQ,N,N,KURA,Active
KUST,"Kustom Entertainment, Inc. - Common Stock",NASDAQ,N,N,KUST,Active
KVAC,Keen Vision Acquisition Corporation - Ordinary Shares,NASDAQ,N,N,KVAC,Active
KVHI,"KVH Industries, Inc. - Common Stock",NASDAQ,N,N,KVHI,Active
KVUE,Kenvue Inc. Common Stock,NYSE,N,N,KVUE,Active
KVYO,"Klaviyo, Inc. Series A Common Stock",NYSE,N,N,KVYO,Active
KWM,"K Wave Media, Ltd. - Ordinary Shares",NASDAQ,N,N,KWM,Active
KWR,Quaker Houghton Common Stock,NYSE,N,N,KWR,Active
KWY,Kingsway Corporation Common Stock,NYSE,N,N,KWY,Active
KXIN,Kaixin Holdings - Ordinary Shares,NASDAQ,N,N,KXIN,Active
KYIV,Kyivstar Group Ltd. - Common Shares,NASDAQ,N,N,KYIV,Active
KYMR,"Kymera Therapeutics, Inc. - Common Stock",NASDAQ,N,N,KYMR,Active
KYNB,"Kyntra Bio, Inc. - Common Stock",NASDAQ,N,N,KYNB,Active
KYTX,"Kyverna Therapeutics, Inc. - Common Stock",NASDAQ,N,N,KYTX,Active
L,Loews Corporation Common Stock,NYSE,N,N,L,Active
LAB,Standard BioTools Inc. - Common Stock,NASDAQ,N,N,LAB,Active
LABT,Lakewood-Amedex Biotherapeutics Inc. - Common Stock,NASDAQ,N,N,LABT,Active
LAC,Lithium Americas Corp. Common Shares,NYSE,N,N,LAC,Active
LAD,"Lithia Motors, Inc. Common Stock",NYSE,N,N,LAD,Active
LADR,Ladder Capital Corp Class A Common Stock,NYSE,N,N,LADR,Active
LAES,SEALSQ Corp - Ordinary Shares,NASDAQ,N,N,LAES,Active
LAFA,LaFayette Acquisition Corp. - Ordinary Share,NASDAQ,N,N,LAFA,Active
LAKE,"Lakeland Industries, Inc. - Common Stock",NASDAQ,N,N,LAKE,Active
LAMR,Lamar Advertising Company - Class A Common Stock,NASDAQ,N,N,LAMR,Active
LAND,Gladstone Land Corporation - Common Stock,NASDAQ,N,N,LAND,Active
LANV,Lanvin Group Holdings Limited Ordinary Shares,NYSE,N,N,LANV,Active
LAR,Lithium Argentina AG Common Shares,NYSE,N,N,LAR,Active
LARK,Landmark Bancorp Inc. - Common Stock,NASDAQ,N,N,LARK,Active
LASE,Laser Photonics Corporation - Common Stock,NASDAQ,N,N,LASE,Active
LASR,"nLIGHT, Inc. - Common Stock",NASDAQ,N,N,LASR,Active
LATA,Galata Acquisition Corp. II - Class A Ordinary Shares,NASDAQ,N,N,LATA,Active
LAUR,"Laureate Education, Inc. - Common Stock",NASDAQ,N,N,LAUR,Active
LAW,"CS Disco, Inc. Common Stock",NYSE,N,N,LAW,Active
LAWR,"Robot Consulting Co., Ltd. - ADS",NASDAQ,N,N,LAWR,Active
LAZ,"Lazard, Inc. Common Stock",NYSE,N,N,LAZ,Active
LB,LandBridge Company LLC Class A Shares Representing Limited Liability Company Interests,NYSE,N,N,LB,Active
LBGJ,Li Bang International Corporation Inc. - Class A Ordinary Shares,NASDAQ,N,N,LBGJ,Active
LBRDA,Liberty Broadband Corporation - Class A Common Stock,NASDAQ,N,N,LBRDA,Active
LBRDK,Liberty Broadband Corporation - Class C Common Stock,NASDAQ,N,N,LBRDK,Active
LBRT,Liberty Energy Inc. Class A common stock,NYSE,N,N,LBRT,Active
LBRX,LB Pharmaceuticals Inc - Common Stock,NASDAQ,N,N,LBRX,Active
LBTYA,Liberty Global Ltd. - Class A Common Shares,NASDAQ,N,N,LBTYA,Active
LBTYB,Liberty Global Ltd. - Class B Common Shares,NASDAQ,N,N,LBTYB,Active
LBTYK,Liberty Global Ltd. - Class C Common Shares,NASDAQ,N,N,LBTYK,Active
LCCC,Lakeshore Acquisition III Corp. - Ordinary Shares,NASDAQ,N,N,LCCC,Active
LCFY,Locafy Limited - Ordinary Share,NASDAQ,N,N,LCFY,Active
LCID,"Lucid Group, Inc. - Common Stock",NASDAQ,N,N,LCID,Active
LCII,LCI Industries,NYSE,N,N,LCII,Active
LCLN,"Lincoln International, Inc. Class A Common Stock",NYSE,N,N,LCLN,Active
LCNB,LCNB Corporation - Common Stock,NASDAQ,N,N,LCNB,Active
LCTX,"Lineage Cell Therapeutics, Inc. Common Stock",NYSE American,N,N,LCTX,Active
LCUT,"Lifetime Brands, Inc. - Common Stock",NASDAQ,N,N,LCUT,Active
LDI,"loanDepot, Inc. Class A Common Stock",NYSE,N,N,LDI,Active
LDOS,"Leidos Holdings, Inc. Common Stock",NYSE,N,N,LDOS,Active
LE,"Lands' End, Inc. - Common Stock",NASDAQ,N,N,LE,Active
LEA,Lear Corporation Common Stock,NYSE,N,N,LEA,Active
LECO,"Lincoln Electric Holdings, Inc. - Common Shares",NASDAQ,N,N,LECO,Active
LEDS,SemiLEDS Corporation - Common Stock,NASDAQ,N,N,LEDS,Active
LEE,"Lee Enterprises, Incorporated - Common Stock",NASDAQ,N,N,LEE,Active
LEG,"Leggett & Platt, Incorporated Common Stock",NYSE,N,N,LEG,Active
LEGH,Legacy Housing Corporation - Common Stock,NASDAQ,N,N,LEGH,Active
LEGO,Legato Merger Corp. IV Ordinary Shares,NYSE American,N,N,LEGO,Active
LEN,Lennar Corporation Class A Common Stock,NYSE,N,N,LEN,Active
LENZ,"LENZ Therapeutics, Inc. - Common Stock",NASDAQ,N,N,LENZ,Active
LEO,"BNY Mellon Strategic Municipals, Inc. Common Stock",NYSE,N,N,LEO,Active
LESL,"Leslie's, Inc. - Common Stock",NASDAQ,N,N,LESL,Active
LEU,Centrus Energy Corp. Class A Common Stock,NYSE,N,N,LEU,Active
LEVI,Levi Strauss & Co Class A Common Stock,NYSE,N,N,LEVI,Active
LEXX,Lexaria Bioscience Corp. - Common Stock,NASDAQ,N,N,LEXX,Active
LFAC,Leapfrog Acquisition Corporation - Class A Ordinary Shares,NASDAQ,N,N,LFAC,Active
LFACW,Leapfrog Acquisition Corporation - Warrants,NASDAQ,N,N,LFACW,Active
LFCR,"Lifecore Biomedical, Inc. - Common Stock",NASDAQ,N,N,LFCR,Active
LFMD,"LifeMD, Inc. - Common Stock",NASDAQ,N,N,LFMD,Active
LFST,"LifeStance Health Group, Inc. - Common Stock",NASDAQ,N,N,LFST,Active
LFT,"Lument Finance Trust, Inc. Common Stock",NYSE,N,N,LFT,Active
LFTO,"Liftoff Mobile, Inc. - Common Stock",NASDAQ,N,N,LFTO,Active
LFUS,"Littelfuse, Inc. - Common Stock",NASDAQ,N,N,LFUS,Active
LFVN,Lifevantage Corporation - Common Stock,NASDAQ,N,N,LFVN,Active
LFWD,Lifeward Ltd. - Ordinary Shares,NASDAQ,N,N,LFWD,Active
LGCL,Lucas GC Limited - Class A Ordinary Shares,NASDAQ,N,N,LGCL,Active
LGCY,Legacy Education Inc. Common Stock,NYSE American,N,N,LGCY,Active
LGIH,"LGI Homes, Inc. - Common Stock",NASDAQ,N,N,LGIH,Active
LGL,"LGL Group, Inc. (The) Common Stock",NYSE American,N,N,LGL,Active
LGN,Legence Corp. - Class A Common stock,NASDAQ,N,N,LGN,Active
LGND,Ligand Pharmaceuticals Incorporated - Common Stock,NASDAQ,N,N,LGND,Active
LGO,Largo Inc. - Common Shares,NASDAQ,N,N,LGO,Active
LGPS,LogProstyle Inc. Common Shares,NYSE American,N,N,LGPS,Active
LGVN,Longeveron Inc. - Class A Common stock,NASDAQ,N,N,LGVN,Active
LH,Labcorp Holdings Inc. Common Stock,NYSE,N,N,LH,Active
LHAI,Linkhome Holdings Inc. - Common stock,NASDAQ,N,N,LHAI,Active
LHSW,Lianhe Sowell International Group Ltd - Class A Ordinary Shares,NASDAQ,N,N,LHSW,Active
LHX,"L3Harris Technologies, Inc. Common Stock",NYSE,N,N,LHX,Active
LICN,Lichen International Limited - Class A Ordinary Shares,NASDAQ,N,N,LICN,Active
LIDR,"AEye, Inc. - Class A Common Stock",NASDAQ,N,N,LIDR,Active
LIEN,"Chicago Atlantic BDC, Inc. - Common Stock",NASDAQ,N,N,LIEN,Active
LIF,"Life360, Inc. - Common Stock",NASDAQ,N,N,LIF,Active
LIFE,Ethos Technologies Inc. - Class A Common Stock,NASDAQ,N,N,LIFE,Active
LII,"Lennox International, Inc. Common Stock",NYSE,N,N,LII,Active
LILA,Liberty Latin America Ltd. - Class A Common Stock,NASDAQ,N,N,LILA,Active
LILAK,Liberty Latin America Ltd. - Class C Common Stock,NASDAQ,N,N,LILAK,Active
LILAP,Liberty Latin America Ltd. - 9.0% Fixed Rate Cumulative Perpetual Redeemable Series A Preference Shares,NASDAQ,N,N,LILAP,Active
LIME,"Neutron Holdings, Inc. - Common Stock",NASDAQ,N,N,LIME,Active
LIMN,"Liminatus Pharma, Inc. - Class A Common Stock",NASDAQ,N,N,LIMN,Active
LIMNW,"Liminatus Pharma, Inc. - Warrants",NASDAQ,N,N,LIMNW,Active
LIN,Linde plc - Ordinary Shares,NASDAQ,N,N,LIN,Active
LINC,Lincoln Educational Services Corporation - Common Stock,NASDAQ,N,N,LINC,Active
LIND,Lindblad Expeditions Holdings Inc.  - Common Stock,NASDAQ,N,N,LIND,Active
LINE,"Lineage, Inc. - Common Stock",NASDAQ,N,N,LINE,Active
LINK,"Interlink Electronics, Inc. - Common Stock",NASDAQ,N,N,LINK,Active
LION,Lionsgate Studios Corp Common Shares,NYSE,N,N,LION,Active
LIQT,"LiqTech International, Inc. - Common Stock",NASDAQ,N,N,LIQT,Active
LITE,Lumentum Holdings Inc. - Common Stock,NASDAQ,N,N,LITE,Active
LITS,"Lite Strategy, Inc. - Common Stock",NASDAQ,N,N,LITS,Active
LIVE,Live Ventures Incorporated - Common Stock,NASDAQ,N,N,LIVE,Active
LIVN,LivaNova PLC - Ordinary Shares,NASDAQ,N,N,LIVN,Active
LKFN,Lakeland Financial Corporation - Common Stock,NASDAQ,N,N,LKFN,Active
LKQ,LKQ Corporation - Common Stock,NASDAQ,N,N,LKQ,Active
LKSP,Lake Superior Acquisition Corp. - Class A Ordinary Shares,NASDAQ,N,N,LKSP,Active
LLY,Eli Lilly and Company Common Stock,NYSE,N,N,LLY,Active
LLYVA,"Liberty Live Holdings, Inc. - Series A Liberty Live Group Common Stock",NASDAQ,N,N,LLYVA,Active
LLYVK,"Liberty Live Holdings, Inc. - Series C Liberty Live Group Common Stock",NASDAQ,N,N,LLYVK,Active
LMAT,"LeMaitre Vascular, Inc. - Common Stock",NASDAQ,N,N,LMAT,Active
LMB,"Limbach Holdings, Inc. - Common Stock",NASDAQ,N,N,LMB,Active
LMND,"Lemonade, Inc. Common Stock",NYSE,N,N,LMND,Active
LMNR,Limoneira Co - Common Stock,NASDAQ,N,N,LMNR,Active
LMRI,"Lumexa Imaging Holdings, Inc. - Common Stock",NASDAQ,N,N,LMRI,Active
LMT,Lockheed Martin Corporation Common Stock,NYSE,N,N,LMT,Active
LNAI,Lunai Bioworks Inc. - Common Stock,NASDAQ,N,N,LNAI,Active
LNC,Lincoln National Corporation Common Stock,NYSE,N,N,LNC,Active
LND,Brasilagro Brazilian Agric Real Estate Co Sponsored ADR (Brazil),NYSE,N,N,LND,Active
LNG,"Cheniere Energy, Inc. Common Stock",NYSE,N,N,LNG,Active
LNKS,Linkers Industries Limited - Class A Ordinary Shares,NASDAQ,N,N,LNKS,Active
LNN,Lindsay Corporation Common Stock,NYSE,N,N,LNN,Active
LNSR,"LENSAR, Inc. - Common Stock",NASDAQ,N,N,LNSR,Active
LNT,Alliant Energy Corporation - Common Stock,NASDAQ,N,N,LNT,Active
LNTH,"Lantheus Holdings, Inc. - Common Stock",NASDAQ,N,N,LNTH,Active
LNZA,"LanzaTech Global, Inc. - Common Stock",NASDAQ,N,N,LNZA,Active
LOAN,"Manhattan Bridge Capital, Inc - Common Stock",NASDAQ,N,N,LOAN,Active
LOAR,Loar Holdings Inc. Common Stock,NYSE,N,N,LOAR,Active
LOB,"Live Oak Bancshares, Inc. Common Stock",NYSE,N,N,LOB,Active
LOBO,LOBO TECHNOLOGIES LTD. - Class A Ordinary Shares,NASDAQ,N,N,LOBO,Active
LOCL,Local Bounti Corporation Common Stock,NYSE,N,N,LOCL,Active
LOCO,"El Pollo Loco Holdings, Inc. - Common Stock",NASDAQ,N,N,LOCO,Active
LODE,Comstock Inc. Common Stock,NYSE American,N,N,LODE,Active
LOGI,Logitech International S.A. - Registered Shares,NASDAQ,N,N,LOGI,Active
LOMA,Loma Negra Compania Industrial Argentina Sociedad Anonima ADS,NYSE,N,N,LOMA,Active
LONA,"LeonaBio, Inc. - Common Stock",NASDAQ,N,N,LONA,Active
LOOP,"Loop Industries, Inc. - Common Stock",NASDAQ,N,N,LOOP,Active
LOPE,"Grand Canyon Education, Inc. - Common Stock",NASDAQ,N,N,LOPE,Active
LOTWW,Lotus Technology Inc. - Warrants,NASDAQ,N,N,LOTWW,Active
LOVE,The Lovesac Company - Common Stock,NASDAQ,N,N,LOVE,Active
LOW,"Lowe's Companies, Inc. Common Stock",NYSE,N,N,LOW,Active
LPA,Logistic Properties of the Americas Ordinary Shares,NYSE American,N,N,LPA,Active
LPAA,Launch One Acquisition Corp. - Class A Ordinary Shares,NASDAQ,N,N,LPAA,Active
LPBB,Launch Two Acquisition Corp. - Class A Ordinary Shares,NASDAQ,N,N,LPBB,Active
LPCN,Lipocine Inc. - Common Stock,NASDAQ,N,N,LPCN,Active
LPCV,Launchpad Cadenza Acquisition Corp I - Class A Ordinary Share,NASDAQ,N,N,LPCV,Active
LPG,Dorian LPG Ltd. Common Stock,NYSE,N,N,LPG,Active
LPL,"LG Display Co, Ltd AMERICAN DEPOSITORY SHARES",NYSE,N,N,LPL,Active
LPLA,LPL Financial Holdings Inc. - Common Stock,NASDAQ,N,N,LPLA,Active
LPRO,Open Lending Corporation - Common Stock,NASDAQ,N,N,LPRO,Active
LPSN,"LivePerson, Inc. - Common Stock",NASDAQ,N,N,LPSN,Active
LPTH,"LightPath Technologies, Inc. - Class A Common Stock",NASDAQ,N,N,LPTH,Active
LPX,Louisiana-Pacific Corporation Common Stock,NYSE,N,N,LPX,Active
LQDA,Liquidia Corporation - Common Stock,NASDAQ,N,N,LQDA,Active
LQDT,"Liquidity Services, Inc. - Common Stock",NASDAQ,N,N,LQDT,Active
LRCX,Lam Research Corporation - Common Stock,NASDAQ,N,N,LRCX,Active
LRHC,La Rosa Holdings Corp. - Common Stock,NASDAQ,N,N,LRHC,Active
LRMR,"Larimar Therapeutics, Inc. - Common Stock",NASDAQ,N,N,LRMR,Active
LRN,"Stride, Inc. Common Stock",NYSE,N,N,LRN,Active
LSAK,"Lesaka Technologies, Inc. - Common Stock",NASDAQ,N,N,LSAK,Active
LSBK,"Lake Shore Bancorp, Inc. - Common Stock",NASDAQ,N,N,LSBK,Active
LSCC,Lattice Semiconductor Corporation - Common Stock,NASDAQ,N,N,LSCC,Active
LSE,"Leishen Energy Holding Co., Ltd. - Class A Ordinary Shares",NASDAQ,N,N,LSE,Active
LSF,"Laird Superfood, Inc. Common Stock",NYSE American,N,N,LSF,Active
LSH,Lakeside Holding Limited - Common Stock,NASDAQ,N,N,LSH,Active
LSPD,Lightspeed Commerce Inc. Subordinate Voting Shares,NYSE,N,N,LSPD,Active
LSTA,"Lisata Therapeutics, Inc. - Common Stock",NASDAQ,N,N,LSTA,Active
LSTR,"Landstar System, Inc. - Common Stock",NASDAQ,N,N,LSTR,Active
LTBR,Lightbridge Corporation - Common Stock,NASDAQ,N,N,LTBR,Active
LTC,"LTC Properties, Inc. Common Stock",NYSE,N,N,LTC,Active
LTH,"Life Time Group Holdings, Inc. Common Stock",NYSE,N,N,LTH,Active
LTRN,Lantern Pharma Inc. - Common Stock,NASDAQ,N,N,LTRN,Active
LTRX,"Lantronix, Inc. - Common Stock",NASDAQ,N,N,LTRX,Active
LUCD,Lucid Diagnostics Inc. - Common Stock,NASDAQ,N,N,LUCD,Active
LUCK,Lucky Strike Entertainment Corporation Class A Common Stock,NYSE,N,N,LUCK,Active
LUCY,"Innovative Eyewear, Inc. - Common Stock",NASDAQ,N,N,LUCY,Active
LUCYW,"Innovative Eyewear, Inc. - Warrants",NASDAQ,N,N,LUCYW,Active
LUD,Luda Technology Group Limited Ordinary Shares,NYSE American,N,N,LUD,Active
LULU,lululemon athletica inc. - Common Stock,NASDAQ,N,N,LULU,Active
LUMN,"Lumen Technologies, Inc. Common Stock",NYSE,N,N,LUMN,Active
LUNG,Pulmonx Corporation - Common Stock,NASDAQ,N,N,LUNG,Active
LUNR,"Intuitive Machines, Inc. - Class A Common Stock",NASDAQ,N,N,LUNR,Active
LUV,Southwest Airlines Company Common Stock,NYSE,N,N,LUV,Active
LVLU,"Lulu's Fashion Lounge Holdings, Inc. - Common Stock",NASDAQ,N,N,LVLU,Active
LVO,"LiveOne, Inc. - Common Stock",NASDAQ,N,N,LVO,Active
LVS,Las Vegas Sands Corp. Common Stock,NYSE,N,N,LVS,Active
LVWR,"LiveWire Group, Inc. Common Stock",NYSE,N,N,LVWR,Active
LW,"Lamb Weston Holdings, Inc. Common Stock ",NYSE,N,N,LW,Active
LWAC,LightWave Acquisition Corp. - Class A Ordinary Shares,NASDAQ,N,N,LWAC,Active
LWACW,LightWave Acquisition Corp. - Warrants,NASDAQ,N,N,LWACW,Active
LWAY,"Lifeway Foods, Inc. - Common Stock",NASDAQ,N,N,LWAY,Active
LWLG,"Lightwave Logic, Inc. - Common Stock",NASDAQ,N,N,LWLG,Active
LXEO,"Lexeo Therapeutics, Inc. - Common Stock",NASDAQ,N,N,LXEO,Active
LXFR,Luxfer Holdings PLC Ordinary Shares,NYSE,N,N,LXFR,Active
LXP,LXP Industrial Trust Common Stock (Maryland REIT),NYSE,N,N,LXP,Active
LXRX,"Lexicon Pharmaceuticals, Inc. - Common Stock",NASDAQ,N,N,LXRX,Active
LXU,"LSB Industries, Inc. Common Stock",NYSE,N,N,LXU,Active
LYB,LyondellBasell Industries NV Ordinary Shares Class A (Netherlands),NYSE,N,N,LYB,Active
LYEL,"Lyell Immunopharma, Inc. - Common Stock",NASDAQ,N,N,LYEL,Active
LYFT,"Lyft, Inc. - Class A Common Stock",NASDAQ,N,N,LYFT,Active
LYTS,LSI Industries Inc. - Common Stock,NASDAQ,N,N,LYTS,Active
LYV,"Live Nation Entertainment, Inc. Common Stock",NYSE,N,N,LYV,Active
LZ,"LegalZoom.com, Inc. - Common Stock",NASDAQ,N,N,LZ,Active
LZB,La-Z-Boy Incorporated Common Stock,NYSE,N,N,LZB,Active
LZM,Lifezone Metals Limited Ordinary Shares,NYSE,N,N,LZM,Active
LZMH,LZ Technology Holdings Limited - Class B Ordinary Shares,NASDAQ,N,N,LZMH,Active
M,Macy's Inc Common Stock,NYSE,N,N,M,Active
MA,Mastercard Incorporated Common Stock,NYSE,N,N,MA,Active
MAA,"Mid-America Apartment Communities, Inc. Common Stock",NYSE,N,N,MAA,Active
MAAS,Maase Inc. - Class A Ordinary Shares,NASDAQ,N,N,MAAS,Active
MAC,Macerich Company (The) Common Stock,NYSE,N,N,MAC,Active
MACI,Melar Acquisition Corp. I - Class A Ordinary Shares,NASDAQ,N,N,MACI,Active
MAGH,Magnitude International Ltd - Ordinary Shares,NASDAQ,N,N,MAGH,Active
MAGN,Magnera Corporation Common Stock,NYSE,N,N,MAGN,Active
MAIA,"MAIA Biotechnology, Inc. Common Stock",NYSE American,N,N,MAIA,Active
MAIN,Main Street Capital Corporation Common Stock,NYSE,N,N,MAIN,Active
MAIR,Madison Air Solutions Corporation Class A Common Stock,NYSE,N,N,MAIR,Active
MAKO,Mako Mining Corp - Common Stock,NASDAQ,N,N,MAKO,Active
MAMA,"Mama's Creations, Inc. - Common Stock",NASDAQ,N,N,MAMA,Active
MAMK,MaxsMaking Inc. - Class A Ordinary Shares,NASDAQ,N,N,MAMK,Active
MAMO,Massimo Group - Common Stock,NASDAQ,N,N,MAMO,Active
MAN,ManpowerGroup Common Stock,NYSE,N,N,MAN,Active
MANE,"Veradermics, Incorporated Common Stock",NYSE,N,N,MANE,Active
MANH,"Manhattan Associates, Inc. - Common Stock",NASDAQ,N,N,MANH,Active
MANU,Manchester United Ltd. Class A Ordinary Shares,NYSE,N,N,MANU,Active
MAR,Marriott International - Class A Common Stock,NASDAQ,N,N,MAR,Active
MARA,"MARA Holdings, Inc. - Common Stock",NASDAQ,N,N,MARA,Active
MAS,Masco Corporation Common Stock,NYSE,N,N,MAS,Active
MASK,3 E Network Technology Group Ltd - Class A Ordinary Shares,NASDAQ,N,N,MASK,Active
MASS,908 Devices Inc. - Common Stock,NASDAQ,N,N,MASS,Active
MAT,"Mattel, Inc. - Common Stock",NASDAQ,N,N,MAT,Active
MATH,Metalpha Technology Holding Limited - Ordinary Shares,NASDAQ,N,N,MATH,Active
MATV,"Mativ Holdings, Inc. Common Stock",NYSE,N,N,MATV,Active
MATW,Matthews International Corporation - Class A Common Stock,NASDAQ,N,N,MATW,Active
MATX,"Matson, Inc. Common Stock",NYSE,N,N,MATX,Active
MAX,"MediaAlpha, Inc. Class A Common Stock",NYSE,N,N,MAX,Active
MAYS,"J. W. Mays, Inc. - Common Stock",NASDAQ,N,N,MAYS,Active
MAZE,"Maze Therapeutics, Inc. - Common Stock",NASDAQ,N,N,MAZE,Active
MB,MasterBeef Group - Ordinary Shares,NASDAQ,N,N,MB,Active
MBAI,Check-Cap Ltd. - Ordinary Share,NASDAQ,N,N,MBAI,Active
MBBC,"Marathon Bancorp, Inc. - Common Stock",NASDAQ,N,N,MBBC,Active
MBC,"MasterBrand, Inc. Common Stock",NYSE,N,N,MBC,Active
MBGL,Mobility Global Inc. Common Stock,NYSE,N,N,MBGL,Active
MBI,MBIA Inc. Common Stock,NYSE,N,N,MBI,Active
MBIN,Merchants Bancorp - Common Stock,NASDAQ,N,N,MBIN,Active
MBIO,"Mustang Bio, Inc. - Common Stock",NASDAQ,N,N,MBIO,Active
MBLY,Mobileye Global Inc. - Class A Common Stock,NASDAQ,N,N,MBLY,Active
MBOT,Microbot Medical Inc.  - Common Stock,NASDAQ,N,N,MBOT,Active
MBRX,"Moleculin Biotech, Inc. - Common Stock",NASDAQ,N,N,MBRX,Active
MBUU,"Malibu Boats, Inc. - Common Stock",NASDAQ,N,N,MBUU,Active
MBVI,M3-Brigade Acquisition VI Corp. - Class A Ordinary Shares,NASDAQ,N,N,MBVI,Active
MBWM,Mercantile Bank Corporation - Common Stock,NASDAQ,N,N,MBWM,Active
MBX,"MBX Biosciences, Inc. - Common Stock",NASDAQ,N,N,MBX,Active
MC,Moelis & Company Class A Common Stock,NYSE,N,N,MC,Active
MCAH,Mountain Crest Acquisition 6 Corp. - Ordinary Shares,NASDAQ,N,N,MCAH,Active
MCB,Metropolitan Bank Holding Corp. Common Stock,NYSE,N,N,MCB,Active
MCBS,"MetroCity Bankshares, Inc. - Common Stock",NASDAQ,N,N,MCBS,Active
MCD,McDonald's Corporation Common Stock,NYSE,N,N,MCD,Active
MCFT,"MasterCraft Boat Holdings, Inc. - Common Stock",NASDAQ,N,N,MCFT,Active
MCGA,Yorkville Acquisition Corp. - Class A Ordinary Share,NASDAQ,N,N,MCGA,Active
MCHB,Mechanics Bancorp - Class A Common Stock,NASDAQ,N,N,MCHB,Active
MCHP,Microchip Technology Incorporated - Common Stock,NASDAQ,N,N,MCHP,Active
MCHX,"Marchex, Inc. - Class B Common Stock",NASDAQ,N,N,MCHX,Active
MCI,Barings Corporate Investors Common Stock,NYSE,N,N,MCI,Active
MCK,McKesson Corporation Common Stock,NYSE,N,N,MCK,Active
MCO,Moody's Corporation Common Stock,NYSE,N,N,MCO,Active
MCRB,"Seres Therapeutics, Inc. - Common Stock",NASDAQ,N,N,MCRB,Active
MCRI,"Monarch Casino & Resort, Inc. - Common Stock",NASDAQ,N,N,MCRI,Active
MCRP,Micropolis AI Robotics Ordinary Shares,NYSE American,N,N,MCRP,Active
MCS,Marcus Corporation (The) Common Stock,NYSE,N,N,MCS,Active
MCTA,Charming Medical Limited - Class A Ordinary Shares,NASDAQ,N,N,MCTA,Active
MCY,Mercury General Corporation Common Stock,NYSE,N,N,MCY,Active
MD,"Pediatrix Medical Group, Inc. Common Stock",NYSE,N,N,MD,Active
MDA,MDA Space Ltd. Common Shares,NYSE,N,N,MDA,Active
MDAI,"Spectral AI, Inc. - Class A Common Stock",NASDAQ,N,N,MDAI,Active
MDAIW,"Spectral AI, Inc. - Warrants",NASDAQ,N,N,MDAIW,Active
MDB,"MongoDB, Inc. - Class A Common Stock",NASDAQ,N,N,MDB,Active
MDBH,"MDB Capital Holdings, LLC - Class A common ",NASDAQ,N,N,MDBH,Active
MDCX,Medicus Pharma Ltd. - Common Stock,NASDAQ,N,N,MDCX,Active
MDGL,"Madrigal Pharmaceuticals, Inc. - Common Stock",NASDAQ,N,N,MDGL,Active
MDIA,Mediaco Holding Inc. - Class A Common Stock,NASDAQ,N,N,MDIA,Active
MDLN,Medline Inc. - Class A common stock,NASDAQ,N,N,MDLN,Active
MDLZ,"Mondelez International, Inc. - Class A Common Stock",NASDAQ,N,N,MDLZ,Active
MDRR,"Medalist Diversified, Inc. - Common Stock",NASDAQ,N,N,MDRR,Active
MDT,Medtronic plc. Ordinary Shares,NYSE,N,N,MDT,Active
MDU,"MDU Resources Group, Inc. Common Stock (Holding Company)",NYSE,N,N,MDU,Active
MDV,"Modiv Industrial, Inc. Class C Common Stock",NYSE,N,N,MDV,Active
MDWD,MediWound Ltd. - Ordinary Shares,NASDAQ,N,N,MDWD,Active
MDXG,"MiMedx Group, Inc - Common Stock",NASDAQ,N,N,MDXG,Active
MDXH,MDxHealth SA - Ordinary Shares,NASDAQ,N,N,MDXH,Active
MEC,"Mayville Engineering Company, Inc. Common Stock",NYSE,N,N,MEC,Active
MED,MEDIFAST INC Common Stock,NYSE,N,N,MED,Active
MEDP,"Medpace Holdings, Inc. - Common Stock",NASDAQ,N,N,MEDP,Active
MEDS,"DataMeds AI, Inc. - Common Stock",NASDAQ,N,N,MEDS,Active
MEGL,Magic Empire Global Limited - Class A Ordinary Shares,NASDAQ,N,N,MEGL,Active
MEI,"Methode Electronics, Inc. Common Stock",NYSE,N,N,MEI,Active
MELI,"MercadoLibre, Inc. - Common Stock",NASDAQ,N,N,MELI,Active
MENS,Jyong Biotech Ltd. - Ordinary shares,NASDAQ,N,N,MENS,Active
MEOH,Methanex Corporation - Common Stock,NASDAQ,N,N,MEOH,Active
MERC,Mercer International Inc. - Common Stock,NASDAQ,N,N,MERC,Active
MESH,Meshflow Acquisition Corp. - Class A Ordinary Shares,NASDAQ,N,N,MESH,Active
MESHW,Meshflow Acquisition Corp. - Warrants,NASDAQ,N,N,MESHW,Active
MET,"MetLife, Inc. Common Stock",NYSE,N,N,MET,Active
META,"Meta Platforms, Inc. - Class A Common Stock",NASDAQ,N,N,META,Active
METC,"Ramaco Resources, Inc. - Class A Common Stock",NASDAQ,N,N,METC,Active
METCB,"Ramaco Resources, Inc. - Class B Common Stock",NASDAQ,N,N,METCB,Active
MEVO,M Evo Global Acquisition Corp II - Class A Ordinary Shares,NASDAQ,N,N,MEVO,Active
MEVOW,M Evo Global Acquisition Corp II - Warrants,NASDAQ,N,N,MEVOW,Active
MF,MindForge Inc. - Class A Ordinary Shares,NASDAQ,N,N,MF,Active
MFA,"MFA Financial, Inc.",NYSE,N,N,MFA,Active
MFC,Manulife Financial Corporation Common Stock,NYSE,N,N,MFC,Active
MFG,"Mizuho Financial Group, Inc. Sponosred ADR (Japan)",NYSE,N,N,MFG,Active
MFI,mF International Limited - Class A Ordinary Shares,NASDAQ,N,N,MFI,Active
MFIN,Medallion Financial Corp. - Common Stock,NASDAQ,N,N,MFIN,Active
MFP,"Midera Food Processing, Inc. - Common Stock",NASDAQ,N,N,MFP,Active
MG,Mistras Group Inc Common Stock,NYSE,N,N,MG,Active
MGA,"Magna International, Inc. Common Stock",NYSE,N,N,MGA,Active
MGEE,MGE Energy Inc. - Common Stock,NASDAQ,N,N,MGEE,Active
MGIH,Millennium Group International Holdings Limited - Ordinary Shares,NASDAQ,N,N,MGIH,Active
MGLD,"The Marygold Companies, Inc. Common Stock",NYSE American,N,N,MGLD,Active
MGM,MGM Resorts International Common Stock,NYSE,N,N,MGM,Active
MGN,Megan Holdings Limited - Class A Ordinary Shares,NASDAQ,N,N,MGN,Active
MGNI,"Magnite, Inc. - Common Stock",NASDAQ,N,N,MGNI,Active
MGNX,"MacroGenics, Inc. - Common Stock",NASDAQ,N,N,MGNX,Active
MGPI,"MGP Ingredients, Inc. - Common Stock",NASDAQ,N,N,MGPI,Active
MGRC,McGrath RentCorp - Common Stock,NASDAQ,N,N,MGRC,Active
MGRT,Mega Fortune Company Limited - Ordinary Shares,NASDAQ,N,N,MGRT,Active
MGRX,"Mangoceuticals, Inc. - Common Stock",NASDAQ,N,N,MGRX,Active
MGTX,MeiraGTx Holdings plc - Ordinary Shares,NASDAQ,N,N,MGTX,Active
MGX,"Metagenomi Therapeutics, Inc. - Common Stock",NASDAQ,N,N,MGX,Active
MGY,Magnolia Oil & Gas Corporation Class A Common Stock,NYSE,N,N,MGY,Active
MGYR,"Magyar Bancorp, Inc. - Common Stock",NASDAQ,N,N,MGYR,Active
MH,"McGraw Hill, Inc. Common Stock",NYSE,N,N,MH,Active
MHH,"Mastech Digital, Inc Common Stock",NYSE American,N,N,MHH,Active
MHK,"Mohawk Industries, Inc. Common Stock",NYSE,N,N,MHK,Active
MHO,"M/I Homes, Inc. Common Stock",NYSE,N,N,MHO,Active
MI,NFT Limited Class A Ordinary Share,NYSE American,N,N,MI,Active
MIAX,"Miami International Holdings, Inc. Common Stock",NYSE,N,N,MIAX,Active
MICC,The Magnum Ice Cream Company N.V. Ordinary Shares,NYSE,N,N,MICC,Active
MIDD,The Middleby Corporation - Common Stock,NASDAQ,N,N,MIDD,Active
MIMI,Mint Incorporation Limited - Class A Ordinary Shares,NASDAQ,N,N,MIMI,Active
MIND,"MIND Technology, Inc. - Common Stock",NASDAQ,N,N,MIND,Active
MINE,Mayfair Gold Corp. Common Shares,NYSE American,N,N,MINE,Active
MIR,"Mirion Technologies, Inc. Class A Common Stock",NYSE,N,N,MIR,Active
MIRA,"MIRA Pharmaceuticals, Inc. - Common Stock",NASDAQ,N,N,MIRA,Active
MIRM,"Mirum Pharmaceuticals, Inc. - common stock",NASDAQ,N,N,MIRM,Active
MIST,Milestone Pharmaceuticals Inc. - Common Shares,NASDAQ,N,N,MIST,Active
MITK,"Mitek Systems, Inc. - Common Stock",NASDAQ,N,N,MITK,Active
MITQ,"Moving iMage Technologies, Inc. Common Stock",NYSE American,N,N,MITQ,Active
MITT,"TPG Mortgage Investment Trust, Inc. Common Stock",NYSE,N,N,MITT,Active
MKC,"McCormick & Company, Incorporated Common Stock",NYSE,N,N,MKC,Active
MKDW,MKDWELL Tech Inc. - Ordinary Shares,NASDAQ,N,N,MKDW,Active
MKDWW,MKDWELL Tech Inc. - Warrants,NASDAQ,N,N,MKDWW,Active
MKL,Markel Group Inc. Common Stock,NYSE,N,N,MKL,Active
MKLY,McKinley Acquisition Corporation - Class A Ordinary Shares,NASDAQ,N,N,MKLY,Active
MKSI,MKS Inc. - Common Stock,NASDAQ,N,N,MKSI,Active
MKTW,"MarketWise, Inc. - Class A Common Stock",NASDAQ,N,N,MKTW,Active
MKTX,"MarketAxess Holdings, Inc. - Common Stock",NASDAQ,N,N,MKTX,Active
MKZR,"MacKenzie Realty Capital, Inc. - Common Stock",NASDAQ,N,N,MKZR,Active
MLAA,Mountain Lake Acquisition Corp. II - Class A Ordinary Shares,NASDAQ,N,N,MLAA,Active
MLAAW,Mountain Lake Acquisition Corp. II - Warrants,NASDAQ,N,N,MLAAW,Active
MLAB,"Mesa Laboratories, Inc. - Common Stock",NASDAQ,N,N,MLAB,Active
MLCI,Mount Logan Capital Inc. - Common Stock,NASDAQ,N,N,MLCI,Active
MLEC,Moolec Science SA - Ordinary Shares,NASDAQ,N,N,MLEC,Active
MLGO,"MicroAlgo, Inc. - Ordinary Shares",NASDAQ,N,N,MLGO,Active
MLI,"Mueller Industries, Inc. Common Stock",NYSE,N,N,MLI,Active
MLKN,"MillerKnoll, Inc. - Common Stock",NASDAQ,N,N,MLKN,Active
MLM,"Martin Marietta Materials, Inc. Common Stock",NYSE,N,N,MLM,Active
MLP,"Maui Land & Pineapple Company, Inc. Common Stock",NYSE,N,N,MLP,Active
MLR,"Miller Industries, Inc. Common Stock",NYSE,N,N,MLR,Active
MLSS,"Milestone Scientific, Inc. Common Stock",NYSE American,N,N,MLSS,Active
MLTX,MoonLake Immunotherapeutics - Class A Ordinary Shares,NASDAQ,N,N,MLTX,Active
MLYS,"Mineralys Therapeutics, Inc. - Common Stock",NASDAQ,N,N,MLYS,Active
MMA,Mixed Martial Arts Group Limited Ordinary Shares,NYSE American,N,N,MMA,Active
MMED,"MiniMed Group, Inc. - Common Stock",NASDAQ,N,N,MMED,Active
MMI,"Marcus & Millichap, Inc. Common Stock",NYSE,N,N,MMI,Active
MMM,3M Company Common Stock,NYSE,N,N,MMM,Active
MMS,"Maximus, Inc. Common Stock",NYSE,N,N,MMS,Active
MMSI,"Merit Medical Systems, Inc. - Common Stock",NASDAQ,N,N,MMSI,Active
MMTX,Miluna Acquisition Corp - Class A Ordinary Shares,NASDAQ,N,N,MMTX,Active
MMYT,MakeMyTrip Limited - Ordinary Shares,NASDAQ,N,N,MMYT,Active
MNDO,MIND C.T.I. Ltd. - Ordinary Shares,NASDAQ,N,N,MNDO,Active
MNDR,Mobile-health Network Solutions - Class A Ordinary Shares,NASDAQ,N,N,MNDR,Active
MNDY,monday.com Ltd. - Ordinary Shares,NASDAQ,N,N,MNDY,Active
MNKD,MannKind Corporation - Common Stock,NASDAQ,N,N,MNKD,Active
MNOV,"MediciNova, Inc. - Common Stock",NASDAQ,N,N,MNOV,Active
MNPR,Monopar Therapeutics Inc. - Common Stock,NASDAQ,N,N,MNPR,Active
MNRO,"Monro, Inc.  - Common Stock",NASDAQ,N,N,MNRO,Active
MNSB,"MainStreet Bancshares, Inc. - Common Stock",NASDAQ,N,N,MNSB,Active
MNST,Monster Beverage Corporation - Common Stock,NASDAQ,N,N,MNST,Active
MNTK,"Montauk Renewables, Inc. - Common Stock",NASDAQ,N,N,MNTK,Active
MNTN,"MNTN, Inc. Class A Common Stock",NYSE,N,N,MNTN,Active
MNTS,Momentus Inc. - Class A Common Stock,NASDAQ,N,N,MNTS,Active
MNY,MoneyHero Limited - Class A Ordinary Shares,NASDAQ,N,N,MNY,Active
MNYWW,MoneyHero Limited - Warrants,NASDAQ,N,N,MNYWW,Active
MO,"Altria Group, Inc.",NYSE,N,N,MO,Active
MOB,Mobilicom Limited - Ordinary Shares,NASDAQ,N,N,MOB,Active
MOBBW,Mobilicom Limited - Warrants,NASDAQ,N,N,MOBBW,Active
MOBI,"Mobia Medical, Inc. - Common Stock",NASDAQ,N,N,MOBI,Active
MOBX,"Mobix Labs, Inc. - Class A Common Stock",NASDAQ,N,N,MOBX,Active
MOBXW,"Mobix Labs, Inc. - Warrants",NASDAQ,N,N,MOBXW,Active
MOD,Modine Manufacturing Company Common Stock,NYSE,N,N,MOD,Active
MODD,"Modular Medical, Inc. - common stock",NASDAQ,N,N,MODD,Active
MOH,Molina Healthcare Inc Common Stock,NYSE,N,N,MOH,Active
MORN,"Morningstar, Inc. - Common Stock",NASDAQ,N,N,MORN,Active
MOS,Mosaic Company (The) Common Stock,NYSE,N,N,MOS,Active
MOV,Movado Group Inc. Common Stock,NYSE,N,N,MOV,Active
MOVE,"Corvex, Inc. - Common Stock",NASDAQ,N,N,MOVE,Active
MP,MP Materials Corp. Common Stock,NYSE,N,N,MP,Active
MPAA,"Motorcar Parts of America, Inc. - Common Stock",NASDAQ,N,N,MPAA,Active
MPB,Mid Penn Bancorp - Common Stock,NASDAQ,N,N,MPB,Active
MPC,Marathon Petroleum Corporation Common Stock,NYSE,N,N,MPC,Active
MPLT,"MapLight Therapeutics, Inc. - Common Stock",NASDAQ,N,N,MPLT,Active
MPT,"Medical Properties Trust, Inc. common stock",NYSE,N,N,MPT,Active
MPTI,"M-tron Industries, Inc. Common Stock",NYSE American,N,N,MPTI,Active
MPU,Mega Matrix Inc. Class A Ordinary Shares,NYSE American,N,N,MPU,Active
MPV,Barings Participation Investors Common Stock,NYSE,N,N,MPV,Active
MPWR,"Monolithic Power Systems, Inc. - Common Stock",NASDAQ,N,N,MPWR,Active
MQ,"Marqeta, Inc. - Class A Common Stock",NASDAQ,N,N,MQ,Active
MRAM,"Everspin Technologies, Inc. - Common Stock",NASDAQ,N,N,MRAM,Active
MRBK,Meridian Corporation - Common Stock,NASDAQ,N,N,MRBK,Active
MRCY,Mercury Systems Inc - Common Stock,NASDAQ,N,N,MRCY,Active
MRDN,Meridian Holdings Inc. - Common Stock,NASDAQ,N,N,MRDN,Active
MRK,"Merck & Company, Inc. Common Stock (new)",NYSE,N,N,MRK,Active
MRKR,"Marker Therapeutics, Inc. - Common Stock",NASDAQ,N,N,MRKR,Active
MRLN,"Merlin, Inc. - Common Stock",NASDAQ,N,N,MRLN,Active
MRNA,"Moderna, Inc. - Common Stock",NASDAQ,N,N,MRNA,Active
MRNO,Murano Global Investments PLC - Ordinary Shares,NASDAQ,N,N,MRNO,Active
MRNOW,Murano Global Investments PLC - Warrants,NASDAQ,N,N,MRNOW,Active
MRP,"Millrose Properties, Inc. Class A Common Stock",NYSE,N,N,MRP,Active
MRSH,Marsh Common Stock,NYSE,N,N,MRSH,Active
MRT,"Marti Technologies, Inc. Class A Ordinary Shares",NYSE American,N,N,MRT,Active
MRTN,"Marten Transport, Ltd. - Common Stock",NASDAQ,N,N,MRTN,Active
MRVI,"Maravai LifeSciences Holdings, Inc. - Class A common stock",NASDAQ,N,N,MRVI,Active
MRVL,"Marvell Technology, Inc. - Common Stock",NASDAQ,N,N,MRVL,Active
MRX,Marex Group Limited - Ordinary Shares,NASDAQ,N,N,MRX,Active
MS,Morgan Stanley Common Stock,NYSE,N,N,MS,Active
MSA,MSA Safety Incorporated Common Stock,NYSE,N,N,MSA,Active
MSAI,"MultiSensor AI Holdings, Inc. - Common Stock",NASDAQ,N,N,MSAI,Active
MSAIW,"MultiSensor AI Holdings, Inc. - Warrants",NASDAQ,N,N,MSAIW,Active
MSB,Mesabi Trust Common Stock,NYSE,N,N,MSB,Active
MSBI,"Midland States Bancorp, Inc. - Common Stock",NASDAQ,N,N,MSBI,Active
MSCI,MSCI Inc. Common Stock,NYSE,N,N,MSCI,Active
MSEX,Middlesex Water Company - Common Stock,NASDAQ,N,N,MSEX,Active
MSFT,Microsoft Corporation - Common Stock,NASDAQ,N,N,MSFT,Active
MSGE,Madison Square Garden Entertainment Corp. Class A Common Stock,NYSE,N,N,MSGE,Active
MSGM,Motorsport Games Inc. - Class A Common Stock,NASDAQ,N,N,MSGM,Active
MSGS,Madison Square Garden Sports Corp. Class A Common Stock (New),NYSE,N,N,MSGS,Active
MSGY,Masonglory Limited - Ordinary Shares,NASDAQ,N,N,MSGY,Active
MSI,"Motorola Solutions, Inc. Common Stock",NYSE,N,N,MSI,Active
MSLE,Satellos Bioscience Inc. - Common Stock,NASDAQ,N,N,MSLE,Active
MSM,"MSC Industrial Direct Company, Inc. Common Stock",NYSE,N,N,MSM,Active
MSN,Emerson Radio Corporation Common Stock,NYSE American,N,N,MSN,Active
MSS,Maison Solutions Inc. - Class A Common Stock,NASDAQ,N,N,MSS,Active
MSTR,Strategy Inc - Class A Common Stock,NASDAQ,N,N,MSTR,Active
MT,Arcelor Mittal NY Registry Shares NEW,NYSE,N,N,MT,Active
MTA,Metalla Royalty & Streaming Ltd. Common Shares,NYSE American,N,N,MTA,Active
MTAL,Metals Acquisition Corp. II Class A Ordinary Shares,NYSE,N,N,MTAL,Active
MTB,M&T Bank Corporation Common Stock,NYSE,N,N,MTB,Active
MTC,"MMTec, Inc. - Common Shares",NASDAQ,N,N,MTC,Active
MTCH,"Match Group, Inc. - Common Stock",NASDAQ,N,N,MTCH,Active
MTD,"Mettler-Toledo International, Inc. Common Stock",NYSE,N,N,MTD,Active
MTDR,Matador Resources Company Common Stock,NYSE,N,N,MTDR,Active
MTEK,Maris-Tech Ltd. - ordinary shares,NASDAQ,N,N,MTEK,Active
MTEKW,Maris-Tech Ltd. - Warrants,NASDAQ,N,N,MTEKW,Active
MTEN,Mingteng International Corporation Inc. - Class A Ordinary Shares,NASDAQ,N,N,MTEN,Active
MTEX,"Mannatech, Incorporated - Common Stock",NASDAQ,N,N,MTEX,Active
MTG,MGIC Investment Corporation Common Stock,NYSE,N,N,MTG,Active
MTH,Meritage Homes Corporation Common Stock,NYSE,N,N,MTH,Active
MTN,"Vail Resorts, Inc. Common Stock",NYSE,N,N,MTN,Active
MTNB,"Matinas Biopharma Holdings, Inc. Common Stock",NYSE American,N,N,MTNB,Active
MTNE,CH4 Natural Solutions Corporation Class A Ordinary Shares,NYSE,N,N,MTNE,Active
MTR,Mesa Royalty Trust Common Stock,NYSE,N,N,MTR,Active
MTRN,Materion Corporation,NYSE,N,N,MTRN,Active
MTRX,Matrix Service Company - Common Stock,NASDAQ,N,N,MTRX,Active
MTSI,"MACOM Technology Solutions Holdings, Inc. - Common Stock",NASDAQ,N,N,MTSI,Active
MTUS,Metallus Inc. Common Shares,NYSE,N,N,MTUS,Active
MTVA,MetaVia Inc.  - Common Stock,NASDAQ,N,N,MTVA,Active
MTW,"Manitowoc Company, Inc. (The) Common Stock",NYSE,N,N,MTW,Active
MTX,Minerals Technologies Inc. Common Stock,NYSE,N,N,MTX,Active
MTZ,"MasTec, Inc. Common Stock",NYSE,N,N,MTZ,Active
MU,"Micron Technology, Inc. - Common Stock",NASDAQ,N,N,MU,Active
MUFG,"Mitsubishi UFJ Financial Group, Inc. Common Stock",NYSE,N,N,MUFG,Active
MUR,Murphy Oil Corporation Common Stock,NYSE,N,N,MUR,Active
MUSA,Murphy USA Inc. Common Stock,NYSE,N,N,MUSA,Active
MUX,McEwen Inc. Common Stock,NYSE,N,N,MUX,Active
MUZE,Muzero Acquisition Corp - Class A Ordinary Shares,NASDAQ,N,N,MUZE,Active
MVBF,MVB Financial Corp. - Common Stock,NASDAQ,N,N,MVBF,Active
MVIS,"MicroVision, Inc. - Common Stock",NASDAQ,N,N,MVIS,Active
MVST,"Microvast Holdings, Inc. - Common Stock",NASDAQ,N,N,MVST,Active
MWA,MUELLER WATER PRODUCTS Common Stock,NYSE,N,N,MWA,Active
MWG,Multi Ways Holdings Limited Class A Ordinary Shares,NYSE American,N,N,MWG,Active
MWH,"SOLV Energy, Inc. - Class A common stock",NASDAQ,N,N,MWH,Active
MWYN,"Marwynn Holdings, Inc. - Common stock",NASDAQ,N,N,MWYN,Active
MX,Magnachip Semiconductor Corporation Common Stock,NYSE,N,N,MX,Active
MXC,Mexco Energy Corporation Common Stock,NYSE American,N,N,MXC,Active
MXCT,"MaxCyte, Inc. - Common Stock",NASDAQ,N,N,MXCT,Active
MXL,"MaxLinear, Inc - Common Stock",NASDAQ,N,N,MXL,Active
MYE,"Myers Industries, Inc. Common Stock",NYSE,N,N,MYE,Active
MYFW,"First Western Financial, Inc. - Common Stock",NASDAQ,N,N,MYFW,Active
MYGN,"Myriad Genetics, Inc. - Common Stock",NASDAQ,N,N,MYGN,Active
MYO,Myomo Inc. Common Stock,NYSE American,N,N,MYO,Active
MYPS,"PLAYSTUDIOS, Inc.  - Class A Common Stock",NASDAQ,N,N,MYPS,Active
MYRG,"MYR Group, Inc. - Common Stock",NASDAQ,N,N,MYRG,Active
MYSE,"Myseum.AI, Inc. - Common Stock",NASDAQ,N,N,MYSE,Active
MYSZ,"My Size, Inc. - Common Stock",NASDAQ,N,N,MYSZ,Active
MYX,Maywood Acquisition Corp. 2 - Class A Ordinary Share,NASDAQ,N,N,MYX,Active
MYXXW,Maywood Acquisition Corp. 2 - Warrants,NASDAQ,N,N,MYXXW,Active
MZTI,The Marzetti Company - Common Stock,NASDAQ,N,N,MZTI,Active
MZYX,MOZAYYX Acquisition Corp. Class A Ordinary Shares,NYSE,N,N,MZYX,Active
NABL,"N-able, Inc. Common Stock",NYSE,N,N,NABL,Active
NAGE,"Niagen Bioscience, Inc. - Common Stock",NASDAQ,N,N,NAGE,Active
NAII,"Natural Alternatives International, Inc. - Common Stock",NASDAQ,N,N,NAII,Active
NAK,"Northern Dynasty Minerals, Ltd. Common Stock",NYSE American,N,N,NAK,Active
NAKA,Nakamoto Inc. - Common Stock,NASDAQ,N,N,NAKA,Active
NAMM,Namib Minerals - Ordinary Shares,NASDAQ,N,N,NAMM,Active
NAMMW,Namib Minerals - Warrants,NASDAQ,N,N,NAMMW,Active
NAMS,NewAmsterdam Pharma Company N.V. - Ordinary Shares,NASDAQ,N,N,NAMS,Active
NAT,Nordic American Tankers Limited Common Stock,NYSE,N,N,NAT,Active
NATH,"Nathan's Famous, Inc. - Common Stock",NASDAQ,N,N,NATH,Active
NATL,NCR Atleos Corporation Common Stock,NYSE,N,N,NATL,Active
NATR,"Nature's Sunshine Products, Inc. - Common Stock",NASDAQ,N,N,NATR,Active
NAUT,"Nautilus Biotechnology, Inc. - Common Stock",NASDAQ,N,N,NAUT,Active
NAVI,Navient Corporation - Common Stock,NASDAQ,N,N,NAVI,Active
NAVN,"Navan, Inc. - Class A Common Stock",NASDAQ,N,N,NAVN,Active
NB,NioCorp Developments Ltd. - Common Stock,NASDAQ,N,N,NB,Active
NBBK,"NB Bancorp, Inc. - Common Stock",NASDAQ,N,N,NBBK,Active
NBHC,National Bank Holdings Corporation Common Stock,NYSE,N,N,NBHC,Active
NBIS,Nebius Group N.V. - Class A Ordinary Shares,NASDAQ,N,N,NBIS,Active
NBIX,"Neurocrine Biosciences, Inc. - Common Stock",NASDAQ,N,N,NBIX,Active
NBN,Northeast Bank - Common Stock,NASDAQ,N,N,NBN,Active
NBR,Nabors Industries Ltd.,NYSE,N,N,NBR,Active
NBRG,Newbridge Acquisition Limited - Class A Ordinary Share,NASDAQ,N,N,NBRG,Active
NBTB,NBT Bancorp Inc. - Common Stock,NASDAQ,N,N,NBTB,Active
NBTX,Nanobiotix S.A. - ADSs,NASDAQ,N,N,NBTX,Active
NC,"NACCO Industries, Inc. Common Stock",NYSE,N,N,NC,Active
NCDL,Nuveen Churchill Direct Lending Corp. Common Stock,NYSE,N,N,NCDL,Active
NCEL,NewcelX Ltd. - Ordinary Shares,NASDAQ,N,N,NCEL,Active
NCEW,New Century Logistics (BVI) Limited - Ordinary Shares,NASDAQ,N,N,NCEW,Active
NCI,Neo-Concept International Group Holdings Limited - Class A Ordinary Shares,NASDAQ,N,N,NCI,Active
NCL,Northann Corp. Common Stock,NYSE American,N,N,NCL,Active
NCLH,Norwegian Cruise Line Holdings Ltd. Ordinary Shares,NYSE,N,N,NCLH,Active
NCMI,"National CineMedia, Inc. - Common Stock",NASDAQ,N,N,NCMI,Active
NCNO,"nCino, Inc. - Common Stock",NASDAQ,N,N,NCNO,Active
NCPL,Netcapital Inc. - Common Stock,NASDAQ,N,N,NCPL,Active
NCPLW,Netcapital Inc. - warrants,NASDAQ,N,N,NCPLW,Active
NCRA,"Nocera, Inc. - common stock",NASDAQ,N,N,NCRA,Active
NCSM,"NCS Multistage Holdings, Inc. - Common Stock",NASDAQ,N,N,NCSM,Active
NCT,Intercont (Cayman) Limited - Class A Ordinary shares,NASDAQ,N,N,NCT,Active
NCTY,The9 Limited - American Depository Shares,NASDAQ,N,N,NCTY,Active
NDAQ,"Nasdaq, Inc. - Common Stock",NASDAQ,N,N,NDAQ,Active
NDLS,Noodles & Company - Class A Common Stock,NASDAQ,N,N,NDLS,Active
NDRA,ENDRA Life Sciences Inc. - Common Stock,NASDAQ,N,N,NDRA,Active
NDSN,Nordson Corporation - Common Stock,NASDAQ,N,N,NDSN,Active
NE,Noble Corporation plc A Ordinary Shares,NYSE,N,N,NE,Active
NECB,"NorthEast Community Bancorp, Inc. - Common Stock",NASDAQ,N,N,NECB,Active
NEE,"NextEra Energy, Inc. Common Stock",NYSE,N,N,NEE,Active
NEGG,"Newegg Commerce, Inc. - Common Shares",NASDAQ,N,N,NEGG,Active
NEM,Newmont Corporation,NYSE,N,N,NEM,Active
NEO,"NeoGenomics, Inc. - Common Stock",NASDAQ,N,N,NEO,Active
NEOG,Neogen Corporation - Common Stock,NASDAQ,N,N,NEOG,Active
NEON,Neonode Inc. - Common Stock,NASDAQ,N,N,NEON,Active
NEOV,NeoVolta Inc. - Common Stock,NASDAQ,N,N,NEOV,Active
NEPH,"Nephros, Inc. - Common Stock",NASDAQ,N,N,NEPH,Active
NERV,"Minerva Neurosciences, Inc - Common Stock",NASDAQ,N,N,NERV,Active
NESR,National Energy Services Reunited Corp - Ordinary Shares,NASDAQ,N,N,NESR,Active
NET,"Cloudflare, Inc. Class A Common Stock",NYSE,N,N,NET,Active
NEU,NewMarket Corp Common Stock,NYSE,N,N,NEU,Active
NEUP,Neuphoria Therapeutics Inc. - Common Stock,NASDAQ,N,N,NEUP,Active
NEWP,New Pacific Metals Corp. Common Shares,NYSE American,N,N,NEWP,Active
NEWT,"NewtekOne, Inc. - Common Stock",NASDAQ,N,N,NEWT,Active
NEXA,Nexa Resources S.A. Common Shares,NYSE,N,N,NEXA,Active
NEXM,NexMetals Mining Corp. - Common Stock,NASDAQ,N,N,NEXM,Active
NEXN,Nexxen International Ltd. - Ordinary Shares,NASDAQ,N,N,NEXN,Active
NEXR,Nexera Technologies Ltd - Ordinary Shares,NASDAQ,N,N,NEXR,Active
NEXT,NextDecade Corporation - Common Stock,NASDAQ,N,N,NEXT,Active
NFE,New Fortress Energy Inc. - Class A Common Stock,NASDAQ,N,N,NFE,Active
NFG,National Fuel Gas Company Common Stock,NYSE,N,N,NFG,Active
NFGC,New Found Gold Corp Common Shares,NYSE American,N,N,NFGC,Active
NFLX,"Netflix, Inc. - Common Stock",NASDAQ,N,N,NFLX,Active
NG,Novagold Resources Inc.,NYSE American,N,N,NG,Active
NGEN,NervGen Pharma Corp. - Common stock,NASDAQ,N,N,NGEN,Active
NGNE,Neurogene Inc. - Common Stock,NASDAQ,N,N,NGNE,Active
NGS,"Natural Gas Services Group, Inc. Common Stock",NYSE,N,N,NGS,Active
NGVC,"Natural Grocers by Vitamin Cottage, Inc. Common Stock",NYSE,N,N,NGVC,Active
NGVT,Ingevity Corporation Common Stock ,NYSE,N,N,NGVT,Active
NHC,National HealthCare Corporation Common Stock,NYSE American,N,N,NHC,Active
NHI,"National Health Investors, Inc. Common Stock",NYSE,N,N,NHI,Active
NHIC,NewHold Investment Corp III - Class A Ordinary shares,NASDAQ,N,N,NHIC,Active
NHICW,NewHold Investment Corp III - Warrants,NASDAQ,N,N,NHICW,Active
NHIV,NewHold Investment Corp IV - Class A Ordinary Shares,NASDAQ,N,N,NHIV,Active
NHIVW,NewHold Investment Corp IV - Warrants,NASDAQ,N,N,NHIVW,Active
NHP,"National Healthcare Properties, Inc. - Class A Common Stock",NASDAQ,N,N,NHP,Active
NHTC,Natural Health Trends Corp. - Common Stock,NASDAQ,N,N,NHTC,Active
NI,NiSource Inc Common Stock,NYSE,N,N,NI,Active
NIC,Nicolet Bankshares Inc. Common Stock,NYSE,N,N,NIC,Active
NIKI,"Niki BioSolutions, Inc. - Common Stock",NASDAQ,N,N,NIKI,Active
NINE,"Nine Energy Service, Inc. Common Stock",NYSE American,N,N,NINE,Active
NIQ,NIQ Global Intelligence plc Ordinary Shares,NYSE,N,N,NIQ,Active
NIVF,NewGenIvf Group Limited - Class A Ordinary Shares,NASDAQ,N,N,NIVF,Active
NIVFW,NewGenIvf Group Limited - Warrants,NASDAQ,N,N,NIVFW,Active
NIXX,"Nixxy, Inc. - Common Stock",NASDAQ,N,N,NIXX,Active
NJR,NewJersey Resources Corporation Common Stock,NYSE,N,N,NJR,Active
NKE,"Nike, Inc. Common Stock",NYSE,N,N,NKE,Active
NKLR,Terra Innovatum Global N.V. - Ordinary shares,NASDAQ,N,N,NKLR,Active
NKSH,"National Bankshares, Inc. - Common Stock",NASDAQ,N,N,NKSH,Active
NKTR,Nektar Therapeutics - Common Stock,NASDAQ,N,N,NKTR,Active
NKTX,"Nkarta, Inc. - Common Stock",NASDAQ,N,N,NKTX,Active
NL,"NLI Holdings, Inc. Common Stock",NYSE,N,N,NL,Active
NLY,Annaly Capital Management Inc. Common Stock,NYSE,N,N,NLY,Active
NMAD,"Nomad Power Solutions, Inc. - Common Stock",NASDAQ,N,N,NMAD,Active
NMAX,"Newsmax, Inc. Class B Common Stock",NYSE,N,N,NMAX,Active
NMFC,New Mountain Finance Corporation - Common Stock,NASDAQ,N,N,NMFC,Active
NMG,Nouveau Monde Graphite Inc. Common Shares,NYSE,N,N,NMG,Active
NMIH,NMI Holdings Inc - Common Stock,NASDAQ,N,N,NMIH,Active
NMP,NMP Acquisition Corp. - Class A Ordinary Shares,NASDAQ,N,N,NMP,Active
NMRA,"Neumora Therapeutics, Inc. - Common Stock",NASDAQ,N,N,NMRA,Active
NMRK,"Newmark Group, Inc. - Class A Common Stock",NASDAQ,N,N,NMRK,Active
NMTC,NeuroOne Medical Technologies Corporation - Common Stock,NASDAQ,N,N,NMTC,Active
NN,NextNav Inc. - Common stock,NASDAQ,N,N,NN,Active
NNBR,"NN, Inc. - Common Stock",NASDAQ,N,N,NNBR,Active
NNE,Nano Nuclear Energy Inc. - common stock,NASDAQ,N,N,NNE,Active
NNI,"Nelnet, Inc. Common Stock",NYSE,N,N,NNI,Active
NNN,"NNN REIT, Inc. Common Stock",NYSE,N,N,NNN,Active
NNNN,Anbio Biotechnology - Class A Ordinary Shares,NASDAQ,N,N,NNNN,Active
NNOX,NANO-X IMAGING LTD - Ordinary Shares,NASDAQ,N,N,NNOX,Active
NNVC,"NanoViricides, Inc. Common Stock",NYSE American,N,N,NNVC,Active
NOA,North American Construction Group Ltd. Common Shares (no par),NYSE,N,N,NOA,Active
NOC,Northrop Grumman Corporation Common Stock,NYSE,N,N,NOC,Active
NODK,"NI Holdings, Inc. - Common Stock",NASDAQ,N,N,NODK,Active
NOEM,CO2 Energy Transition Corp. - Common Stock,NASDAQ,N,N,NOEM,Active
NOG,"Northern Oil and Gas, Inc. Common Stock",NYSE,N,N,NOG,Active
NOMA,NOMADAR Corp. - Class A Common Stock,NASDAQ,N,N,NOMA,Active
NOMD,Nomad Foods Limited Ordinary Shares,NYSE,N,N,NOMD,Active
NOV,NOV Inc. Common Stock,NYSE,N,N,NOV,Active
NOVT,Novanta Inc. - Common Shares,NASDAQ,N,N,NOVT,Active
NOW,"ServiceNow, Inc. Common Stock",NYSE,N,N,NOW,Active
NP,Neptune Insurance Holdings Inc. Class A Common Stock,NYSE,N,N,NP,Active
NPAC,New Providence Acquisition Corp. III - Ordinary Shares,NASDAQ,N,N,NPAC,Active
NPACW,New Providence Acquisition Corp. III - Warrants,NASDAQ,N,N,NPACW,Active
NPB,"Northpointe Bancshares, Inc. Common Stock",NYSE,N,N,NPB,Active
NPCE,"Neuropace, Inc. - Common Stock",NASDAQ,N,N,NPCE,Active
NPK,"National Presto Industries, Inc. Common Stock",NYSE,N,N,NPK,Active
NPKI,NPK International Inc. Common Stock,NYSE,N,N,NPKI,Active
NPO,Enpro Inc. Common Stock,NYSE,N,N,NPO,Active
NPT,Texxon Holding Limited - Ordinary shares,NASDAQ,N,N,NPT,Active
NPWR,NET Power Inc. Class A Common Stock,NYSE,N,N,NPWR,Active
NRC,NRC Health - Common Stock,NASDAQ,N,N,NRC,Active
NRDS,"NerdWallet, Inc. - Class A Common Stock",NASDAQ,N,N,NRDS,Active
NRDY,Nerdy Inc. Class A Common Stock,NYSE,N,N,NRDY,Active
NREF,"NexPoint Real Estate Finance, Inc. Common Stock",NYSE,N,N,NREF,Active
NRG,"NRG Energy, Inc. Common Stock",NYSE,N,N,NRG,Active
NRGV,"Energy Vault Holdings, Inc. Common Stock",NYSE,N,N,NRGV,Active
NRIM,Northrim BanCorp Inc - Common Stock,NASDAQ,N,N,NRIM,Active
NRIX,"Nurix Therapeutics, Inc. - Common stock",NASDAQ,N,N,NRIX,Active
NRP,Natural Resource Partners LP Limited Partnership,NYSE,N,N,NRP,Active
NRSN,NeuroSense Therapeutics Ltd. - Ordinary Shares,NASDAQ,N,N,NRSN,Active
NRT,North European Oil Royality Trust Common Stock,NYSE,N,N,NRT,Active
NRXP,"NRX Pharmaceuticals, Inc. - Common Stock",NASDAQ,N,N,NRXP,Active
NRXS,"Neuraxis, Inc. Common Stock",NYSE American,N,N,NRXS,Active
NSC,Norfolk Southern Corporation Common Stock,NYSE,N,N,NSC,Active
NSIT,"Insight Enterprises, Inc. - Common Stock",NASDAQ,N,N,NSIT,Active
NSP,"Insperity, Inc. Common Stock",NYSE,N,N,NSP,Active
NSPR,InspireMD Inc. - Common Stock,NASDAQ,N,N,NSPR,Active
NSRX,Nasus Pharma Ltd. Ordinary Shares,NYSE American,N,N,NSRX,Active
NSSC,"NAPCO Security Technologies, Inc. - Common Stock",NASDAQ,N,N,NSSC,Active
NSTS,"NSTS Bancorp, Inc. - Common Stock",NASDAQ,N,N,NSTS,Active
NSYS,Nortech Systems Incorporated - Common Stock,NASDAQ,N,N,NSYS,Active
NTAP,"NetApp, Inc. - Common Stock",NASDAQ,N,N,NTAP,Active
NTB,Bank of N.T. Butterfield & Son Limited (The) Voting Ordinary Shares,NYSE,N,N,NTB,Active
NTCL,NETCLASS TECHNOLOGY INC - Class A Ordinary Shares,NASDAQ,N,N,NTCL,Active
NTCT,"NetScout Systems, Inc. - Common Stock",NASDAQ,N,N,NTCT,Active
NTGR,"NETGEAR, Inc. - Common Stock",NASDAQ,N,N,NTGR,Active
NTHI,"NeOnc Technologies Holdings, Inc. - Common Stock",NASDAQ,N,N,NTHI,Active
NTIC,Northern Technologies International Corporation - Common Stock,NASDAQ,N,N,NTIC,Active
NTIP,"Network-1 Technologies, Inc. Common Stock",NYSE American,N,N,NTIP,Active
NTLA,"Intellia Therapeutics, Inc. - Common Stock",NASDAQ,N,N,NTLA,Active
NTNX,"Nutanix, Inc. - Class A Common Stock",NASDAQ,N,N,NTNX,Active
NTR,Nutrien Ltd. Common Shares,NYSE,N,N,NTR,Active
NTRA,"Natera, Inc. - Common Stock",NASDAQ,N,N,NTRA,Active
NTRB,Nutriband Inc. - Common Stock,NASDAQ,N,N,NTRB,Active
NTRP,"NextTrip, Inc. - Common Stock",NASDAQ,N,N,NTRP,Active
NTRS,Northern Trust Corporation - Common Stock,NASDAQ,N,N,NTRS,Active
NTSK,"Netskope, Inc. - Class A Common Stock",NASDAQ,N,N,NTSK,Active
NTST,NetSTREIT Corp. Common Stock,NYSE,N,N,NTST,Active
NTWK,NETSOL Technologies Inc. - Common Stock,NASDAQ,N,N,NTWK,Active
NTWO,Newbury Street II Acquisition Corp - Class A Ordinary Shares,NASDAQ,N,N,NTWO,Active
NTZ,"Natuzzi, S.p.A.",NYSE,N,N,NTZ,Active
NU,Nu Holdings Ltd. Class A Ordinary Shares,NYSE,N,N,NU,Active
NUAI,"New Era Energy & Digital, Inc. - Common Stock",NASDAQ,N,N,NUAI,Active
NUAIW,"New Era Energy & Digital, Inc. - Warrants",NASDAQ,N,N,NUAIW,Active
NUCL,Eagle Nuclear Energy Corp. - Common stock,NASDAQ,N,N,NUCL,Active
NUCLW,Eagle Nuclear Energy Corp. - Warrants,NASDAQ,N,N,NUCLW,Active
NUE,Nucor Corporation Common Stock,NYSE,N,N,NUE,Active
NUS,"Nu Skin Enterprises, Inc. Common Stock",NYSE,N,N,NUS,Active
NUTR,Nusatrip Incorporated - Common Stock,NASDAQ,N,N,NUTR,Active
NUTX,Nutex Health Inc. - Common Stock,NASDAQ,N,N,NUTX,Active
NUVB,Nuvation Bio Inc. Class A Common Stock,NYSE,N,N,NUVB,Active
NUWE,"Nuwellis, Inc. - Common Stock",NASDAQ,N,N,NUWE,Active
NVA,Nova Minerals Corp Common Stock,NYSE American,N,N,NVA,Active
NVAX,"Novavax, Inc. - Common Stock",NASDAQ,N,N,NVAX,Active
NVCR,NovoCure Limited - Ordinary Shares,NASDAQ,N,N,NVCR,Active
NVCT,"Nuvectis Pharma, Inc. - Common Stock",NASDAQ,N,N,NVCT,Active
NVDA,NVIDIA Corporation - Common Stock,NASDAQ,N,N,NVDA,Active
NVEC,NVE Corporation - Common Stock,NASDAQ,N,N,NVEC,Active
NVGS,Navigator Holdings Ltd. Ordinary Shares (Marshall Islands),NYSE,N,N,NVGS,Active
NVMI,Nova Ltd. - Ordinary Shares,NASDAQ,N,N,NVMI,Active
NVNI,Nvni Group Limited - Ordinary Shares,NASDAQ,N,N,NVNI,Active
NVNIW,Nvni Group Limited - Warrants,NASDAQ,N,N,NVNIW,Active
NVNO,enVVeno Medical Corporation - Common Stock,NASDAQ,N,N,NVNO,Active
NVO,Novo Nordisk A/S Common Stock,NYSE,N,N,NVO,Active
NVR,"NVR, Inc. Common Stock",NYSE,N,N,NVR,Active
NVRI,Enviri Corporation Common Stock,NYSE,N,N,NVRI,Active
NVS,Novartis AG Common Stock,NYSE,N,N,NVS,Active
NVST,Envista Holdings Corporation Common Stock,NYSE,N,N,NVST,Active
NVT,nVent Electric plc Ordinary Shares ,NYSE,N,N,NVT,Active
NVTS,Navitas Semiconductor Corporation - Common Stock,NASDAQ,N,N,NVTS,Active
NVX,NOVONIX Limited - American Depository Shares,NASDAQ,N,N,NVX,Active
NWAX,New America Acquisition I Corp. Class A Common Stock,NYSE,N,N,NWAX,Active
NWBI,"Northwest Bancshares, Inc. - Common Stock",NASDAQ,N,N,NWBI,Active
NWE,"NorthWestern Energy Group, Inc.  - Common Stock",NASDAQ,N,N,NWE,Active
NWFL,Norwood Financial Corp. - Common Stock,NASDAQ,N,N,NWFL,Active
NWL,Newell Brands Inc. - Common Stock,NASDAQ,N,N,NWL,Active
NWN,Northwest Natural Holding Company Common Stock,NYSE,N,N,NWN,Active
NWPX,"NWPX Infrastructure, Inc. - Common Stock",NASDAQ,N,N,NWPX,Active
NWS,News Corporation - Class B Common Stock,NASDAQ,N,N,NWS,Active
NWSA,News Corporation - Class A Common Stock,NASDAQ,N,N,NWSA,Active
NWTG,"Newton Golf Company, Inc. - Common Stock",NASDAQ,N,N,NWTG,Active
NX,Quanex Building Products Corporation Common Stock,NYSE,N,N,NX,Active
NXB,NextBoat Inc. Common Stcok,NYSE American,N,N,NXB,Active
NXDR,"Nextdoor Holdings, Inc. Class A Common Stock",NYSE,N,N,NXDR,Active
NXDT,NexPoint Diversified Real Estate Trust Common Stock,NYSE,N,N,NXDT,Active
NXE,Nexgen Energy Ltd. Common Shares,NYSE,N,N,NXE,Active
NXGL,"NexGel, Inc - Common Stock",NASDAQ,N,N,NXGL,Active
NXL,"Nexalin Technology, Inc. - Common Stock",NASDAQ,N,N,NXL,Active
NXP,Nuveen Select Tax Free Income Portfolio Common Stock,NYSE,N,N,NXP,Active
NXPI,NXP Semiconductors N.V. - Common Stock,NASDAQ,N,N,NXPI,Active
NXPL,NextPlat Corp - Common Stock,NASDAQ,N,N,NXPL,Active
NXRT,"NexPoint Residential Trust, Inc. Common Stock",NYSE,N,N,NXRT,Active
NXST,"Nexstar Media Group, Inc. - Common Stock",NASDAQ,N,N,NXST,Active
NXT,Nextpower Inc. - Class A Common Stock,NASDAQ,N,N,NXT,Active
NXTC,"NextCure, Inc. - Common Stock",NASDAQ,N,N,NXTC,Active
NXTS,Nexentis Technologies Inc. - Common Stock,NASDAQ,N,N,NXTS,Active
NXTT,Next Technology Holding Inc. - Ordinary Shares,NASDAQ,N,N,NXTT,Active
NXXT,"NextNRG, Inc. - Common Stock",NASDAQ,N,N,NXXT,Active
NYAX,Nayax Ltd. - Ordinary Shares,NASDAQ,N,N,NYAX,Active
NYC,American Strategic Investment Co. Class A Common Stock,NYSE,N,N,NYC,Active
NYT,New York Times Company (The) Common Stock,NYSE,N,N,NYT,Active
NYXH,Nyxoah SA - Ordinary Shares,NASDAQ,N,N,NYXH,Active
O,Realty Income Corporation Common Stock,NYSE,N,N,O,Active
OABI,"OmniAb, Inc. - Common Stock",NASDAQ,N,N,OABI,Active
OACC,Oaktree Acquisition Corp. III Life Sciences - Class A Ordinary Share,NASDAQ,N,N,OACC,Active
OBA,Oxley Bridge Acquisition Limited - Class A Ordinary Shares,NASDAQ,N,N,OBA,Active
OBAWW,Oxley Bridge Acquisition Limited - Warrants,NASDAQ,N,N,OBAWW,Active
OBDC,Blue Owl Capital Corporation Common Stock,NYSE,N,N,OBDC,Active
OBE,Obsidian Energy Ltd. Common Shares,NYSE American,N,N,OBE,Active
OBIO,"Orchestra BioMed Holdings, Inc. - Ordinary Shares",NASDAQ,N,N,OBIO,Active
OBK,"Origin Bancorp, Inc. Common Stock",NYSE,N,N,OBK,Active
OBT,"Orange County Bancorp, Inc. - Common Stock",NASDAQ,N,N,OBT,Active
OC,Owens Corning Inc Common Stock New,NYSE,N,N,OC,Active
OCC,Optical Cable Corporation - Common Stock,NASDAQ,N,N,OCC,Active
OCFC,OceanFirst Financial Corp. - Common Stock,NASDAQ,N,N,OCFC,Active
OCG,Oriental Culture Holding LTD - Ordinary Shares,NASDAQ,N,N,OCG,Active
OCGN,"Ocugen, Inc. - Common Stock",NASDAQ,N,N,OCGN,Active
OCS,Oculis Holding AG - Ordinary shares,NASDAQ,N,N,OCS,Active
OCSAW,Oculis Holding AG - Warrants,NASDAQ,N,N,OCSAW,Active
OCTV,Octave Intelligence plc - Class B Ordinary Shares,NASDAQ,N,N,OCTV,Active
OCUL,"Ocular Therapeutix, Inc. - Common Stock",NASDAQ,N,N,OCUL,Active
ODC,Oil-Dri Corporation Of America Common Stock,NYSE,N,N,ODC,Active
ODD,ODDITY Tech Ltd. - Class A Ordinary Shares,NASDAQ,N,N,ODD,Active
ODFL,"Old Dominion Freight Line, Inc. - Common Stock",NASDAQ,N,N,ODFL,Active
ODTX,"Odyssey Therapeutics, Inc. - Common Stock",NASDAQ,N,N,ODTX,Active
ODYS,Odysight.ai Inc. - Common Stock,NASDAQ,N,N,ODYS,Active
OEC,Orion S.A. Common Shares,NYSE,N,N,OEC,Active
OESX,"Orion Energy Systems, Inc. - Common Stock",NASDAQ,N,N,OESX,Active
OFAL,OFA Group - Class A Ordinary Shares,NASDAQ,N,N,OFAL,Active
OFG,OFG Bancorp Common Stock,NYSE,N,N,OFG,Active
OFIX,Orthofix Medical Inc.  - Common Stock,NASDAQ,N,N,OFIX,Active
OFLX,"Omega Flex, Inc. - Common Stock",NASDAQ,N,N,OFLX,Active
OFRM,"Once Upon a Farm, PBC Common Stock",NYSE,N,N,OFRM,Active
OGC,OceanaGold Corporation Common Shares,NYSE,N,N,OGC,Active
OGE,OGE Energy Corp Common Stock,NYSE,N,N,OGE,Active
OGEN,Oragenics Inc. Common Stock,NYSE American,N,N,OGEN,Active
OGG,Osisko Gold Group Inc. Common Shares,NYSE,N,N,OGG,Active
OGI,Organigram Global Inc. - Common Shares,NASDAQ,N,N,OGI,Active
OGN,Organon & Co. Common Stock ,NYSE,N,N,OGN,Active
OGS,"ONE Gas, Inc. Common Stock",NYSE,N,N,OGS,Active
OHAC,Oceanhawk Acquisition Corp. - Class A Ordinary Shares,NASDAQ,N,N,OHAC,Active
OHI,"Omega Healthcare Investors, Inc. Common Stock",NYSE,N,N,OHI,Active
OI,"O-I Glass, Inc. Common Stock",NYSE,N,N,OI,Active
OIA,Invesco Municipal Income Opportunities Trust Common Stock,NYSE,N,N,OIA,Active
OII,"Oceaneering International, Inc. Common Stock",NYSE,N,N,OII,Active
OIM,OneIM Acquisition Corp. - Class A Ordinary Shares,NASDAQ,N,N,OIM,Active
OIO,OIO Group - Ordinary Shares,NASDAQ,N,N,OIO,Active
OIOWW,OIO Group - Warrants,NASDAQ,N,N,OIOWW,Active
OIS,"Oil States International, Inc. Common Stock",NYSE,N,N,OIS,Active
OKE,"ONEOK, Inc. Common Stock",NYSE,N,N,OKE,Active
OKLO,Oklo Inc. Class A common stock,NYSE,N,N,OKLO,Active
OKTA,"Okta, Inc. - Class A Common Stock",NASDAQ,N,N,OKTA,Active
OKUR,"OnKure Therapeutics, Inc. - Class A Common Stock",NASDAQ,N,N,OKUR,Active
OKYO,OKYO Pharma Limited - Ordinary Shares,NASDAQ,N,N,OKYO,Active
OLB,"The OLB Group, Inc. - Common Stock",NASDAQ,N,N,OLB,Active
OLED,Universal Display Corporation - Common Stock,NASDAQ,N,N,OLED,Active
OLLI,"Ollie's Bargain Outlet Holdings, Inc. - Common Stock",NASDAQ,N,N,OLLI,Active
OLMA,"Olema Pharmaceuticals, Inc. - Common Stock",NASDAQ,N,N,OLMA,Active
OLN,Olin Corporation Common Stock,NYSE,N,N,OLN,Active
OLOX,Olenox Industries Inc. - Common Stock,NASDAQ,N,N,OLOX,Active
OLP,"One Liberty Properties, Inc. Common Stock",NYSE,N,N,OLP,Active
OM,"Outset Medical, Inc. - Common Stock",NASDAQ,N,N,OM,Active
OMC,Omnicom Group Inc. Common Stock,NYSE,N,N,OMC,Active
OMCL,"Omnicell, Inc. - Common Stock",NASDAQ,N,N,OMCL,Active
OMDA,"Omada Health, Inc. - Common Stock",NASDAQ,N,N,OMDA,Active
OMER,Omeros Corporation - Common Stock,NASDAQ,N,N,OMER,Active
OMEX,"Odyssey Marine Exploration, Inc. - Common Stock",NASDAQ,N,N,OMEX,Active
OMF,"OneMain Holdings, Inc. Common Stock",NYSE,N,N,OMF,Active
OMH,Ohmyhome Limited - Class A Ordinary Shares,NASDAQ,N,N,OMH,Active
OMSE,OMS Energy Technologies Inc. - Ordinary Shares,NASDAQ,N,N,OMSE,Active
ON,ON Semiconductor Corporation - Common Stock,NASDAQ,N,N,ON,Active
ONB,Old National Bancorp - Common Stock,NASDAQ,N,N,ONB,Active
ONCH,1RT Acquisition Corp. - Class A Ordinary Share,NASDAQ,N,N,ONCH,Active
ONCO,"Onconetix, Inc.  - Common Stock",NASDAQ,N,N,ONCO,Active
ONCY,Oncolytics Biotech Inc. - Common Stock,NASDAQ,N,N,ONCY,Active
ONDS,Ondas Inc - Common Stock,NASDAQ,N,N,ONDS,Active
ONEG,OneConstruction Group Limited - Ordinary Shares,NASDAQ,N,N,ONEG,Active
ONEW,OneWater Marine Inc. - Class A Common Stock,NASDAQ,N,N,ONEW,Active
ONFO,Onfolio Holdings Inc. - Common Stock,NASDAQ,N,N,ONFO,Active
ONIT,Onity Group Inc. Common Stock,NYSE,N,N,ONIT,Active
ONL,Orion Properties Inc. Common Stock,NYSE,N,N,ONL,Active
ONMD,OneMedNet Corp - Class A Common Stock,NASDAQ,N,N,ONMD,Active
ONON,On Holding AG Class A Ordinary Shares,NYSE,N,N,ONON,Active
ONT,"Onterris, Inc. Common Stock",NYSE,N,N,ONT,Active
ONTO,Onto Innovation Inc. Common Stock,NYSE,N,N,ONTO,Active
OOMA,"Ooma, Inc. Common Stock",NYSE,N,N,OOMA,Active
OPAD,Offerpad Solutions Inc. Class A Common Stock,NYSE,N,N,OPAD,Active
OPAL,OPAL Fuels Inc. - Class A Common Stock,NASDAQ,N,N,OPAL,Active
OPBK,OP Bancorp - Common Stock,NASDAQ,N,N,OPBK,Active
OPCH,"Option Care Health, Inc. - Common Stock",NASDAQ,N,N,OPCH,Active
OPEN,Opendoor Technologies Inc  - Common Stock,NASDAQ,N,N,OPEN,Active
OPFI,OppFi Inc. Class A Common Stock,NYSE,N,N,OPFI,Active
OPHC,"OptimumBank Holdings, Inc. Common Stock",NYSE American,N,N,OPHC,Active
OPK,"Opko Health, Inc. - Common Stock",NASDAQ,N,N,OPK,Active
OPLN,"OPENLANE, Inc. Common Stock",NYSE,N,N,OPLN,Active
OPRT,Oportun Financial Corporation - common stock,NASDAQ,N,N,OPRT,Active
OPRX,OptimizeRx Corporation - Common Stock,NASDAQ,N,N,OPRX,Active
OPTH,Optimi Health Corp. - Common Shares,NASDAQ,N,N,OPTH,Active
OPTT,"Ocean Power Technologies, Inc. Common Stock",NYSE American,N,N,OPTT,Active
OPTU,"Optimum Communications, Inc. Class A common stock",NYSE,N,N,OPTU,Active
OPTX,"Syntec Optics Holdings, Inc. - Class A Common Stock",NASDAQ,N,N,OPTX,Active
OPXS,"Optex Systems Holdings, Inc. - Common Stock",NASDAQ,N,N,OPXS,Active
OPY,"Oppenheimer Holdings, Inc. Class A Common Stock (DE)",NYSE,N,N,OPY,Active
OR,OR Royalties Inc. Common Shares,NYSE,N,N,OR,Active
ORA,"Ormat Technologies, Inc. Common Stock",NYSE,N,N,ORA,Active
ORBS,Eightco Holdings Inc. - Common Stock,NASDAQ,N,N,ORBS,Active
ORC,"Orchid Island Capital, Inc. Common Stock",NYSE,N,N,ORC,Active
ORCL,Oracle Corporation Common Stock,NYSE,N,N,ORCL,Active
ORGO,Organogenesis Holdings Inc.  - Class A ,NASDAQ,N,N,ORGO,Active
ORI,Old Republic International Corporation Common Stock,NYSE,N,N,ORI,Active
ORIC,"Oric Pharmaceuticals, Inc. - Common Stock",NASDAQ,N,N,ORIC,Active
ORIO,Orion Digital Corp. - Common Shares,NASDAQ,N,N,ORIO,Active
ORIQ,Origin Investment Corp I - Ordinary Shares,NASDAQ,N,N,ORIQ,Active
ORKA,"Oruka Therapeutics, Inc. - Common Stock",NASDAQ,N,N,ORKA,Active
ORKT,Orangekloud Technology Inc. - Class A Ordinary Shares,NASDAQ,N,N,ORKT,Active
ORLA,Orla Mining Ltd. Common Shares,NYSE American,N,N,ORLA,Active
ORLY,"O'Reilly Automotive, Inc. - Common Stock",NASDAQ,N,N,ORLY,Active
ORMP,Oramed Pharmaceuticals Inc. - Common Stock,NASDAQ,N,N,ORMP,Active
ORN,"Orion Group Holdings, Inc. Common",NYSE,N,N,ORN,Active
ORRF,"Orrstown Financial Services, Inc. - Common Stock",NASDAQ,N,N,ORRF,Active
OSBC,"Old Second Bancorp, Inc. - Common Stock",NASDAQ,N,N,OSBC,Active
OSCR,"Oscar Health, Inc. Class A Common Stock",NYSE,N,N,OSCR,Active
OSG,"Octave Specialty Group, Inc. Common Stock",NYSE,N,N,OSG,Active
OSIS,"OSI Systems, Inc. - Common Stock",NASDAQ,N,N,OSIS,Active
OSK,Oshkosh Corporation (Holding Company)Common Stock,NYSE,N,N,OSK,Active
OSPN,OneSpan Inc. - Common Stock,NASDAQ,N,N,OSPN,Active
OSRH,"OSR Health, Inc. - Common Stock",NASDAQ,N,N,OSRH,Active
OSS,"One Stop Systems, Inc. - Common Stock",NASDAQ,N,N,OSS,Active
OST,"Ostin Technology Group Co., Ltd. - Class A Ordinary Shares",NASDAQ,N,N,OST,Active
OSTX,OS Therapies Incorporated Common Stock,NYSE American,N,N,OSTX,Active
OSUR,"OraSure Technologies, Inc. - Common Stock",NASDAQ,N,N,OSUR,Active
OSW,OneSpaWorld Holdings Limited - Common Shares,NASDAQ,N,N,OSW,Active
OTAI,Starlink AI Acquisition Corporation Ordinary Shares,NYSE,N,N,OTAI,Active
OTEX,Open Text Corporation - Common Shares,NASDAQ,N,N,OTEX,Active
OTF,Blue Owl Technology Finance Corp. Common Stock,NYSE,N,N,OTF,Active
OTGA,OTG Acquisition Corp. I - Class A Ordinary Share,NASDAQ,N,N,OTGA,Active
OTGAW,OTG Acquisition Corp. I - Warrants,NASDAQ,N,N,OTGAW,Active
OTIS,Otis Worldwide Corporation Common Stock ,NYSE,N,N,OTIS,Active
OTLK,"Outlook Therapeutics, Inc. - Common Stock",NASDAQ,N,N,OTLK,Active
OTTR,Otter Tail Corporation - Common Stock,NASDAQ,N,N,OTTR,Active
OUST,"Ouster, Inc. - Common Stock",NASDAQ,N,N,OUST,Active
OUT,OUTFRONT Media Inc. Common Stock,NYSE,N,N,OUT,Active
OVBC,Ohio Valley Banc Corp. - Common Stock,NASDAQ,N,N,OVBC,Active
OVID,Ovid Therapeutics Inc. - Common Stock,NASDAQ,N,N,OVID,Active
OVLY,Oak Valley Bancorp (CA) - Common Stock,NASDAQ,N,N,OVLY,Active
OVV,Ovintiv Inc. (DE),NYSE,N,N,OVV,Active
OWL,Blue Owl Capital Inc. Class A Common Stock,NYSE,N,N,OWL,Active
OWLS,OBOOK Holdings Inc. - Class A Common Shares,NASDAQ,N,N,OWLS,Active
OWLT,"Owlet, Inc. Class A Common Stock",NYSE,N,N,OWLT,Active
OXBR,Oxbridge Re Holdings Limited - Ordinary Shares,NASDAQ,N,N,OXBR,Active
OXM,"Oxford Industries, Inc. Common Stock",NYSE,N,N,OXM,Active
OXY,Occidental Petroleum Corporation Common Stock,NYSE,N,N,OXY,Active
OYSE,Oyster Enterprises II Acquisition Corp - Class A Ordinary Shares,NASDAQ,N,N,OYSE,Active
OZK,Bank OZK - Common Stock,NASDAQ,N,N,OZK,Active
P,"Everpure, Inc. Class A common stock",NYSE,N,N,P,Active
PAAC,Proem Acquisition Corp I - Ordinary Shares,NASDAQ,N,N,PAAC,Active
PAACW,Proem Acquisition Corp I - Warrants,NASDAQ,N,N,PAACW,Active
PAAS,Pan American Silver Corp. Common Stock,NYSE,N,N,PAAS,Active
PAC,"Grupo Aeroportuario Del Pacifico, S.A. B. de C.V. Grupo Aeroportuario Del Pacifico, S.A. de C.V. (each representing 10 Series B shares)",NYSE,N,N,PAC,Active
PACB,"Pacific Biosciences of California, Inc. - Common Stock",NASDAQ,N,N,PACB,Active
PACH,Pioneer Acquisition I Corp - Class A Ordinary Shares,NASDAQ,N,N,PACH,Active
PACHW,Pioneer Acquisition I Corp - Warrants,NASDAQ,N,N,PACHW,Active
PACK,Ranpak Holdings Corp Class A Common Stock,NYSE,N,N,PACK,Active
PACS,"PACS Group, Inc. Common Stock",NYSE,N,N,PACS,Active
PAG,"Penske Automotive Group, Inc. Common Stock",NYSE,N,N,PAG,Active
PAGP,"Plains GP Holdings, L.P. - Class A Shares representing limited partner interests",NASDAQ,N,N,PAGP,Active
PAGS,PagSeguro Digital Ltd. Class A Common Shares,NYSE,N,N,PAGS,Active
PAHC,Phibro Animal Health Corporation - Class A Common Stock,NASDAQ,N,N,PAHC,Active
PAII,Pyrophyte Acquisition Corp. II Class A Ordinary Shares,NYSE,N,N,PAII,Active
PAL,"Proficient Auto Logistics, Inc. - Common Stock",NASDAQ,N,N,PAL,Active
PALI,"Palisade Bio, Inc. - Common Stock",NASDAQ,N,N,PALI,Active
PALO,Paloma Acquisition Corp I - Class A Ordinary Shares,NASDAQ,N,N,PALO,Active
PALOW,Paloma Acquisition Corp I - Warrants,NASDAQ,N,N,PALOW,Active
PAM,Pampa Energia S.A.,NYSE,N,N,PAM,Active
PAMT,PAMT CORP - Common Stock,NASDAQ,N,N,PAMT,Active
PANL,Pangaea Logistics Solutions Ltd. - Common Stock,NASDAQ,N,N,PANL,Active
PANW,"Palo Alto Networks, Inc. - Common Stock",NASDAQ,N,N,PANW,Active
PAPL,Pineapple Financial Inc. Common Stock,NYSE American,N,N,PAPL,Active
PAR,PAR Technology Corporation Common Stock,NYSE,N,N,PAR,Active
PARK,"Park Dental Partners, Inc. - Common Stock",NASDAQ,N,N,PARK,Active
PARR,"Par Pacific Holdings, Inc.  Common Stock",NYSE,N,N,PARR,Active
PASG,"Passage Bio, Inc. - Common Stock",NASDAQ,N,N,PASG,Active
PASW,"Ping An Biomedical Co., Ltd. - Class A Ordinary Shares",NASDAQ,N,N,PASW,Active
PATH,"UiPath, Inc. Class A Common Stock",NYSE,N,N,PATH,Active
PATK,"Patrick Industries, Inc. - Common Stock",NASDAQ,N,N,PATK,Active
PAVM,PAVmed Inc. - Common Stock,NASDAQ,N,N,PAVM,Active
PAVS,Paranovus Entertainment Technology Ltd. - Class A Ordinary Shares,NASDAQ,N,N,PAVS,Active
PAX,Patria Investments Limited - Class A Common Shares,NASDAQ,N,N,PAX,Active
PAY,"Paymentus Holdings, Inc. Class A Common Stock",NYSE,N,N,PAY,Active
PAYC,"Paycom Software, Inc. Common Stock",NYSE,N,N,PAYC,Active
PAYO,Payoneer Global Inc. - Common Stock,NASDAQ,N,N,PAYO,Active
PAYP,PayPay Corporation - American Depository Shares,NASDAQ,N,N,PAYP,Active
PAYS,"Paysign, Inc. - Common Stock",NASDAQ,N,N,PAYS,Active
PAYX,"Paychex, Inc. - Common Stock",NASDAQ,N,N,PAYX,Active
PB,"Prosperity Bancshares, Inc. Common Stock",NYSE,N,N,PB,Active
PBA,Pembina Pipeline Corp. Ordinary Shares (Canada),NYSE,N,N,PBA,Active
PBF,PBF Energy Inc. Class A Common Stock,NYSE,N,N,PBF,Active
PBFS,"Pioneer Bancorp, Inc. - Common Stock",NASDAQ,N,N,PBFS,Active
PBH,Prestige Consumer Healthcare Inc. Common Stock,NYSE,N,N,PBH,Active
PBHC,"Pathfinder Bancorp, Inc. - Common Stock",NASDAQ,N,N,PBHC,Active
PBI,Pitney Bowes Inc. Common Stock,NYSE,N,N,PBI,Active
PBK,PowerBank Corporation - Common Stock,NASDAQ,N,N,PBK,Active
PBLS,"Parabilis Medicines, Inc. - Common Stock",NASDAQ,N,N,PBLS,Active
PBM,Psyence Biomedical Ltd. - Common Shares,NASDAQ,N,N,PBM,Active
PBR,Petroleo Brasileiro S.A. Petrobras ADS,NYSE,N,N,PBR,Active
PBT,Permian Basin Royalty Trust Common Stock,NYSE,N,N,PBT,Active
PBYI,Puma Biotechnology Inc - Common Stock,NASDAQ,N,N,PBYI,Active
PC,Premium Catering (Holdings) Limited - Ordinary Shares,NASDAQ,N,N,PC,Active
PCAP,ProCap Acquisition Corp - Class A Ordinary Shares,NASDAQ,N,N,PCAP,Active
PCAR,PACCAR Inc. - Common Stock,NASDAQ,N,N,PCAR,Active
PCB,PCB Bancorp - Common Stock,NASDAQ,N,N,PCB,Active
PCG,Pacific Gas & Electric Co. Common Stock,NYSE,N,N,PCG,Active
PCOR,"Procore Technologies, Inc. Common Stock",NYSE,N,N,PCOR,Active
PCRX,"Pacira BioSciences, Inc. - Common Stock",NASDAQ,N,N,PCRX,Active
PCSA,"Processa Pharmaceuticals, Inc. - Common Stock",NASDAQ,N,N,PCSA,Active
PCT,"PureCycle Technologies, Inc. - Common stock",NASDAQ,N,N,PCT,Active
PCTY,Paylocity Holding Corporation - Common Stock,NASDAQ,N,N,PCTY,Active
PCVX,"Vaxcyte, Inc. - Common Stock",NASDAQ,N,N,PCVX,Active
PCYO,Pure Cycle Corporation - Common Stock,NASDAQ,N,N,PCYO,Active
PD,"PagerDuty, Inc. Common Stock",NYSE,N,N,PD,Active
PDCC,Pearl Diver Credit Company Inc. Common Stock,NYSE,N,N,PDCC,Active
PDEX,"Pro-Dex, Inc. - Common Stock",NASDAQ,N,N,PDEX,Active
PDFS,"PDF Solutions, Inc. - Common Stock",NASDAQ,N,N,PDFS,Active
PDLB,"Ponce Financial Group, Inc. - Common Stock",NASDAQ,N,N,PDLB,Active
PDM,"Piedmont Realty Trust, Inc. Class A Common Stock",NYSE,N,N,PDM,Active
PDS,Precision Drilling Corporation Common Stock,NYSE,N,N,PDS,Active
PDSB,PDS Biotechnology Corporation - Common Stock,NASDAQ,N,N,PDSB,Active
PDYN,Palladyne AI Corp. - Common stock,NASDAQ,N,N,PDYN,Active
PEBK,"Peoples Bancorp of North Carolina, Inc. - Common Stock",NASDAQ,N,N,PEBK,Active
PEBO,Peoples Bancorp Inc. - Common Stock,NASDAQ,N,N,PEBO,Active
PECE,Peace Acquisition Corp - Ordinary Shares,NASDAQ,N,N,PECE,Active
PECO,"Phillips Edison & Company, Inc. - Common Stock",NASDAQ,N,N,PECO,Active
PED,Pedevco Corp. Common Stock,NYSE American,N,N,PED,Active
PEG,Public Service Enterprise Group Incorporated Common Stock,NYSE,N,N,PEG,Active
PEGA,Pegasystems Inc. - Common Stock,NASDAQ,N,N,PEGA,Active
PEN,"Penumbra, Inc. Common Stock",NYSE,N,N,PEN,Active
PENG,"Penguin Solutions, Inc. - Common Stock",NASDAQ,N,N,PENG,Active
PENN,"PENN Entertainment, Inc. - Common Stock",NASDAQ,N,N,PENN,Active
PEP,"PepsiCo, Inc. - Common Stock",NASDAQ,N,N,PEP,Active
PEPG,PepGen Inc. - Common Stock,NASDAQ,N,N,PEPG,Active
PERF,Perfect Corp. Class A Ordinary Share,NYSE,N,N,PERF,Active
PERI,Perion Network Ltd - Ordinary Shares,NASDAQ,N,N,PERI,Active
PESI,"Perma-Fix Environmental Services, Inc. - Common Stock",NASDAQ,N,N,PESI,Active
PETS,"PetMed Express, Inc. - Common Stock",NASDAQ,N,N,PETS,Active
PETZ,"TDH Holdings, Inc. - Common Shares",NASDAQ,N,N,PETZ,Active
PEW,GrabAGun Digital Holdings Inc. Common Stock,NYSE,N,N,PEW,Active
PFAI,Pinnacle Food Group Limited - Class A Common Shares,NASDAQ,N,N,PFAI,Active
PFE,"Pfizer, Inc. Common Stock",NYSE,N,N,PFE,Active
PFG,Principal Financial Group Inc - Common Stock,NASDAQ,N,N,PFG,Active
PFGC,Performance Food Group Company Common Stock,NYSE,N,N,PFGC,Active
PFIS,Peoples Financial Services Corp.  - Common Stock,NASDAQ,N,N,PFIS,Active
PFLT,PennantPark Floating Rate Capital Ltd. Common Stock,NYSE,N,N,PFLT,Active
PFS,"Provident Financial Services, Inc Common Stock",NYSE,N,N,PFS,Active
PFSA,"Profusa, Inc. - Common Stock",NASDAQ,N,N,PFSA,Active
PFSI,"PennyMac Financial Services, Inc. Common Stock",NYSE,N,N,PFSI,Active
PFX,PhenixFIN Corporation  - Common Stock,NASDAQ,N,N,PFX,Active
PG,Procter & Gamble Company (The) Common Stock,NYSE,N,N,PG,Active
PGAC,Pantages Capital Acquisition Corporation - Class A Ordinary Shares,NASDAQ,N,N,PGAC,Active
PGC,Peapack-Gladstone Financial Corporation - Common Stock,NASDAQ,N,N,PGC,Active
PGEN,"Precigen, Inc. - Common Stock",NASDAQ,N,N,PGEN,Active
PGNY,"Progyny, Inc. - Common Stock",NASDAQ,N,N,PGNY,Active
PGR,Progressive Corporation (The) Common Stock,NYSE,N,N,PGR,Active
PGY,Pagaya Technologies Ltd. - Class A Ordinary Shares,NASDAQ,N,N,PGY,Active
PGYWW,Pagaya Technologies Ltd. - Warrants,NASDAQ,N,N,PGYWW,Active
PH,Parker-Hannifin Corporation Common Stock,NYSE,N,N,PH,Active
PHAR,"Pharming Group N.V. - ADS, each representing 10 ordinary shares",NASDAQ,N,N,PHAR,Active
PHAT,"Phathom Pharmaceuticals, Inc. - Common Stock",NASDAQ,N,N,PHAT,Active
PHG,Koninklijke Philips N.V. NY Registry Shares,NYSE,N,N,PHG,Active
PHGE,BiomX Inc. COmmon Stock,NYSE American,N,N,PHGE,Active
PHI,PLDT Inc. Sponsored ADR,NYSE,N,N,PHI,Active
PHIN,PHINIA Inc. Common Stock,NYSE,N,N,PHIN,Active
PHIO,Phio Pharmaceuticals Corp. - Common Stock,NASDAQ,N,N,PHIO,Active
PHM,"PulteGroup, Inc. Common Stock",NYSE,N,N,PHM,Active
PHOE,Phoenix Asia Holdings Limited - Ordinary Shares,NASDAQ,N,N,PHOE,Active
PHR,"Phreesia, Inc. Common Stock",NYSE,N,N,PHR,Active
PHUN,"Phunware, Inc. - Common Stock",NASDAQ,N,N,PHUN,Active
PHVS,Pharvaris N.V. - Ordinary Shares,NASDAQ,N,N,PHVS,Active
PI,"Impinj, Inc. - Common Stock",NASDAQ,N,N,PI,Active
PICS,PicS N.V. - Class A Common Shares,NASDAQ,N,N,PICS,Active
PII,Polaris Inc. Common Stock,NYSE,N,N,PII,Active
PIII,P3 Health Partners Inc. - Class A Common Stock,NASDAQ,N,N,PIII,Active
PINE,"Alpine Income Property Trust, Inc. Common Stock",NYSE,N,N,PINE,Active
PINS,"Pinterest, Inc. Class A Common Stock",NYSE,N,N,PINS,Active
PIPR,Piper Sandler Companies Common Stock,NYSE,N,N,PIPR,Active
PJT,PJT Partners Inc. Class A Common Stock,NYSE,N,N,PJT,Active
PK,Park Hotels & Resorts Inc. Common Stock ,NYSE,N,N,PK,Active
PKBK,"Parke Bancorp, Inc. - Common Stock",NASDAQ,N,N,PKBK,Active
PKE,Park Aerospace Corp. Common Stock,NYSE,N,N,PKE,Active
PKG,Packaging Corporation of America Common Stock,NYSE,N,N,PKG,Active
PKOH,Park-Ohio Holdings Corp. - Common Stock,NASDAQ,N,N,PKOH,Active
PL,Planet Labs PBC Class A Common Stock,NYSE,N,N,PL,Active
PLAB,"Photronics, Inc. - Common Stock",NASDAQ,N,N,PLAB,Active
PLAG,Planet Green Holdings Corp. Common Stock,NYSE American,N,N,PLAG,Active
PLAY,"Dave & Buster's Entertainment, Inc. - Common Stock",NASDAQ,N,N,PLAY,Active
PLBC,Plumas Bancorp - Common Stock,NASDAQ,N,N,PLBC,Active
PLBL,Polibeli Group Ltd - Class A Ordinary Shares,NASDAQ,N,N,PLBL,Active
PLBY,"Playboy, Inc. - Common Stock",NASDAQ,N,N,PLBY,Active
PLCE,"Children's Place, Inc. (The) - Common Stock",NASDAQ,N,N,PLCE,Active
PLD,"Prologis, Inc. Common Stock",NYSE,N,N,PLD,Active
PLG,Platinum Group Metals Ltd. Ordinary Shares (Canada),NYSE American,N,N,PLG,Active
PLGO,Pelagos Insurance Capital Limited Common Shares,NYSE,N,N,PLGO,Active
PLMK,Plum Acquisition Corp. IV - Class A Ordinary Shares,NASDAQ,N,N,PLMK,Active
PLMKW,Plum Acquisition Corp. IV - Warrants,NASDAQ,N,N,PLMKW,Active
PLMR,"Palomar Holdings, Inc. - Common stock",NASDAQ,N,N,PLMR,Active
PLNT,"Planet Fitness, Inc. Common Stock",NYSE,N,N,PLNT,Active
PLOW,"Douglas Dynamics, Inc. Common Stock",NYSE,N,N,PLOW,Active
PLPC,Preformed Line Products Company - Common Stock,NASDAQ,N,N,PLPC,Active
PLRX,"Pliant Therapeutics, Inc. - Common Stock",NASDAQ,N,N,PLRX,Active
PLRZ,Polyrizon Ltd. - Ordinary Shares,NASDAQ,N,N,PLRZ,Active
PLSE,"Pulse Biosciences, Inc - Common Stock",NASDAQ,N,N,PLSE,Active
PLSM,Pulsenmore Ltd. - Ordinary Shares,NASDAQ,N,N,PLSM,Active
PLTK,Playtika Holding Corp. - Common Stock,NASDAQ,N,N,PLTK,Active
PLTR,Palantir Technologies Inc. - Class A Common Stock,NASDAQ,N,N,PLTR,Active
PLTS,Platinum Analytics Cayman Limited - Class A Ordinary Shares,NASDAQ,N,N,PLTS,Active
PLUG,"Plug Power, Inc. - Common Stock",NASDAQ,N,N,PLUG,Active
PLUN,Plutonian Acquisition Corp II Class A Ordinary Shares,NYSE,N,N,PLUN,Active
PLUR,Pluri Inc. - Common Stock,NASDAQ,N,N,PLUR,Active
PLUS,ePlus inc. - Common Stock,NASDAQ,N,N,PLUS,Active
PLUT,Plutus Financial Group Limited - Ordinary Shares,NASDAQ,N,N,PLUT,Active
PLX,"Protalix BioTherapeutics, Inc. (DE) Common Stock",NYSE American,N,N,PLX,Active
PLXS,Plexus Corp. - Common Stock,NASDAQ,N,N,PLXS,Active
PLYX,"Polaryx Therapeutics, Inc. - Common Stock",NASDAQ,N,N,PLYX,Active
PM,Philip Morris International Inc Common Stock,NYSE,N,N,PM,Active
PMA,Ming Shing Group Holdings Limited - Ordinary Shares,NASDAQ,N,N,PMA,Active
PMAX,Powell Max Limited - Class A Ordinary Shares,NASDAQ,N,N,PMAX,Active
PMCB,"PharmaCyte  Biotech, Inc. - Common Stock",NASDAQ,N,N,PMCB,Active
PMEC,Primech Holdings Ltd. - Ordinary Shares,NASDAQ,N,N,PMEC,Active
PMI,"Picard Medical, Inc. Common Stock",NYSE American,N,N,PMI,Active
PMN,ProMIS Neurosciences Inc. - Common Shares,NASDAQ,N,N,PMN,Active
PMTR,Perimeter Acquisition Corp. I - Class A Ordinary Shares,NASDAQ,N,N,PMTR,Active
PMTS,CPI Card Group Inc. - Common Stock,NASDAQ,N,N,PMTS,Active
PMVP,"PMV Pharmaceuticals, Inc. - Common Stock",NASDAQ,N,N,PMVP,Active
PN,PN Smart Energy Limited - Class A Ordinary Shares,NASDAQ,N,N,PN,Active
PNBK,Patriot National Bancorp Inc. - Common Stock,NASDAQ,N,N,PNBK,Active
PNC,"PNC Financial Services Group, Inc. (The) Common Stock",NYSE,N,N,PNC,Active
PNFP,"Pinnacle Financial Partners, Inc. Common stock",NYSE,N,N,PNFP,Active
PNNT,PennantPark Investment Corporation Common Stock,NYSE,N,N,PNNT,Active
PNR,Pentair plc. Ordinary Share,NYSE,N,N,PNR,Active
PNRG,PrimeEnergy Resources Corporation - Common Stock,NASDAQ,N,N,PNRG,Active
PNTG,"The Pennant Group, Inc. - Common Stock",NASDAQ,N,N,PNTG,Active
PNW,Pinnacle West Capital Corporation Common Stock,NYSE,N,N,PNW,Active
POAS,Phaos Technology Holdings (Cayman) Limited Class A Ordinary Shares,NYSE American,N,N,POAS,Active
POCI,"Precision Optics Corporation, Inc. - Common stock",NASDAQ,N,N,POCI,Active
PODC,"PodcastOne, Inc. - Common Stock",NASDAQ,N,N,PODC,Active
PODD,Insulet Corporation - Common Stock,NASDAQ,N,N,PODD,Active
POET,POET Technologies Inc. - Common Shares,NASDAQ,N,N,POET,Active
POLA,"Polar Power, Inc. - Common Stock",NASDAQ,N,N,POLA,Active
POLE,Andretti Acquisition Corp. II - Class A Ordinary Shares,NASDAQ,N,N,POLE,Active
PONO,"Pono Capital Four, Inc. - Class A Ordinary Shares",NASDAQ,N,N,PONO,Active
POOL,Pool Corporation - Common Stock,NASDAQ,N,N,POOL,Active
POR,Portland General Electric Co Common Stock,NYSE,N,N,POR,Active
POST,"Post Holdings, Inc. Common Stock",NYSE,N,N,POST,Active
POWI,"Power Integrations, Inc. - Common Stock",NASDAQ,N,N,POWI,Active
POWL,"Powell Industries, Inc. - Common Stock",NASDAQ,N,N,POWL,Active
POWW,Outdoor Holding Company - Common Stock,NASDAQ,N,N,POWW,Active
PPC,Pilgrim's Pride Corporation - Common Stock,NASDAQ,N,N,PPC,Active
PPCB,"Propanc Biopharma, Inc. - Common Stock",NASDAQ,N,N,PPCB,Active
PPG,"PPG Industries, Inc. Common Stock",NYSE,N,N,PPG,Active
PPHC,"Public Policy Holding Company, Inc. - Common Stock",NASDAQ,N,N,PPHC,Active
PPIH,"Perma-Pipe International Holdings, Inc. - Common Stock",NASDAQ,N,N,PPIH,Active
PPL,PPL Corporation Common Stock,NYSE,N,N,PPL,Active
PPLI,People Incorporated - Common Stock,NASDAQ,N,N,PPLI,Active
PPSI,"Pioneer Power Solutions, Inc. - Common Stock",NASDAQ,N,N,PPSI,Active
PPTA,Perpetua Resources Corp. - Common Shares,NASDAQ,N,N,PPTA,Active
PR,Permian Resources Corporation Class A Common Stock,NYSE,N,N,PR,Active
PRAA,"PRA Group, Inc. - Common Stock",NASDAQ,N,N,PRAA,Active
PRAX,"Praxis Precision Medicines, Inc. - Common Stock",NASDAQ,N,N,PRAX,Active
PRCH,"Porch Group, Inc. - Common Stock",NASDAQ,N,N,PRCH,Active
PRCT,PROCEPT BioRobotics Corporation - Common Stock,NASDAQ,N,N,PRCT,Active
PRDO,Perdoceo Education Corporation - Common Stock,NASDAQ,N,N,PRDO,Active
PRE,Prenetics Global Limited - Class A Ordinary Share,NASDAQ,N,N,PRE,Active
PRFX,PRF Technologies Ltd. - Ordinary Shares,NASDAQ,N,N,PRFX,Active
PRG,"PROG Holdings, Inc. Common Stock",NYSE,N,N,PRG,Active
PRGO,Perrigo Company plc Ordinary Shares,NYSE,N,N,PRGO,Active
PRGS,Progress Software Corporation - Common Stock,NASDAQ,N,N,PRGS,Active
PRHI,"Presurance Holdings, Inc. - Common Stock",NASDAQ,N,N,PRHI,Active
PRI,"Primerica, Inc. Common Stock",NYSE,N,N,PRI,Active
PRIM,Primoris Services Corporation Common Stock,NYSE,N,N,PRIM,Active
PRK,Park National Corporation Common Stock,NYSE American,N,N,PRK,Active
PRKS,United Parks & Resorts Inc. Common Stock,NYSE,N,N,PRKS,Active
PRLB,"Proto Labs, Inc. Common stock",NYSE,N,N,PRLB,Active
PRLD,Prelude Therapeutics Incorporated - Common Stock,NASDAQ,N,N,PRLD,Active
PRM,"Perimeter Solutions, SA Common Stock",NYSE,N,N,PRM,Active
PRMB,Primo Brands Corporation Class A Common Stock,NYSE,N,N,PRMB,Active
PRME,"Prime Medicine, Inc. - Common Stock",NASDAQ,N,N,PRME,Active
PROF,Profound Medical Corp. - common stock,NASDAQ,N,N,PROF,Active
PROK,ProKidney Corp. - Class A Ordinary Shares,NASDAQ,N,N,PROK,Active
PROP,Prairie Operating Co. - Common Stock,NASDAQ,N,N,PROP,Active
PROV,"Provident Financial Holdings, Inc. - Common Stock",NASDAQ,N,N,PROV,Active
PRPL,"Purple Innovation, Inc. - Common Stock",NASDAQ,N,N,PRPL,Active
PRPO,"Precipio, Inc. - Common Stock",NASDAQ,N,N,PRPO,Active
PRQR,ProQR Therapeutics N.V. - Ordinary Shares,NASDAQ,N,N,PRQR,Active
PRSO,Peraso Inc. - Common Stock,NASDAQ,N,N,PRSO,Active
PRSU,"Pursuit Attractions and Hospitality, Inc. Common Stock",NYSE,N,N,PRSU,Active
PRTA,Prothena Corporation plc - Ordinary Shares,NASDAQ,N,N,PRTA,Active
PRTH,"Priority Technology Holdings, Inc. - Common Stock",NASDAQ,N,N,PRTH,Active
PRTS,"CarParts.com, Inc. - Common Stock",NASDAQ,N,N,PRTS,Active
PRU,"Prudential Financial, Inc. Common Stock",NYSE,N,N,PRU,Active
PRVA,"Privia Health Group, Inc. - Common Stock",NASDAQ,N,N,PRVA,Active
PRZO,ParaZero Technologies Ltd. - Ordinary Shares,NASDAQ,N,N,PRZO,Active
PS,Pershing Square Inc. Common Stock,NYSE,N,N,PS,Active
PSA,Public Storage Common Stock,NYSE,N,N,PSA,Active
PSBD,Palmer Square Capital BDC Inc. Common Stock,NYSE,N,N,PSBD,Active
PSFE,Paysafe Limited Common Shares,NYSE,N,N,PSFE,Active
PSHG,Performance Shipping Inc. - Common Shares,NASDAQ,N,N,PSHG,Active
PSIG,PS International Group Ltd. - Ordinary Shares,NASDAQ,N,N,PSIG,Active
PSIX,"Power Solutions International, Inc. - Common Stock",NASDAQ,N,N,PSIX,Active
PSKY,Paramount Skydance Corporation - Class B Common Stock,NASDAQ,N,N,PSKY,Active
PSMT,"PriceSmart, Inc. - Common Stock",NASDAQ,N,N,PSMT,Active
PSN,Parsons Corporation Common Stock,NYSE,N,N,PSN,Active
PSNL,"Personalis, Inc. - Common Stock",NASDAQ,N,N,PSNL,Active
PSNY,Polestar Automotive Holding UK Limited - Class A ADS,NASDAQ,N,N,PSNY,Active
PSNYW,Polestar Automotive Holding UK Limited - Class C-1 ADS (ADW),NASDAQ,N,N,PSNYW,Active
PSO,"Pearson, Plc Common Stock",NYSE,N,N,PSO,Active
PSQH,"PSQ Holdings, Inc. Class A Common Stock",NYSE,N,N,PSQH,Active
PSTL,"Postal Realty Trust, Inc. Class A Common Stock",NYSE,N,N,PSTL,Active
PSTV,"PLUS THERAPEUTICS, Inc. - Common Stock",NASDAQ,N,N,PSTV,Active
PSUS,"Pershing Square USA, Ltd. Common Shares",NYSE,N,N,PSUS,Active
PSX,Phillips 66 Common Stock,NYSE,N,N,PSX,Active
PTAC,Patriot Acquisition Corp. - Class A Ordinary Shares,NASDAQ,N,N,PTAC,Active
PTACW,Patriot Acquisition Corp. - Warrants,NASDAQ,N,N,PTACW,Active
PTC,PTC Inc. - Common Stock,NASDAQ,N,N,PTC,Active
PTCT,"PTC Therapeutics, Inc. - Common Stock",NASDAQ,N,N,PTCT,Active
PTEN,"Patterson-UTI Energy, Inc. - Common Stock",NASDAQ,N,N,PTEN,Active
PTGX,"Protagonist Therapeutics, Inc. - Common Stock",NASDAQ,N,N,PTGX,Active
PTHS,Pelthos Therapeutics Inc. Common Stock,NYSE American,N,N,PTHS,Active
PTLE,PTL LTD - Class A Ordinary Shares,NASDAQ,N,N,PTLE,Active
PTLO,Portillo's Inc. - Class A Common Stock,NASDAQ,N,N,PTLO,Active
PTN,"Palatin Technologies, Inc. - Common Stock",NASDAQ,N,N,PTN,Active
PTON,"Peloton Interactive, Inc. - Common Stock",NASDAQ,N,N,PTON,Active
PTOR,Praetorian Acquisition Corp. - Class A Ordinary Shares,NASDAQ,N,N,PTOR,Active
PTRN,Pattern Group Inc. - Series A Common Stock,NASDAQ,N,N,PTRN,Active
PUBM,"PubMatic, Inc. - Class A Common Stock",NASDAQ,N,N,PUBM,Active
PUK,Prudential Public Limited Company Common Stock,NYSE,N,N,PUK,Active
PULM,"Pulmatrix, Inc. - Common Stock",NASDAQ,N,N,PULM,Active
PUMP,ProPetro Holding Corp. Common Stock,NYSE,N,N,PUMP,Active
PURR,Hyperliquid Strategies Inc - Common Stock,NASDAQ,N,N,PURR,Active
PUSA,Aureus Greenway Holdings Inc. - Common Stock,NASDAQ,N,N,PUSA,Active
PVH,PVH Corp. Common Stock,NYSE,N,N,PVH,Active
PVLA,"Palvella Therapeutics, Inc. - Common Stock",NASDAQ,N,N,PVLA,Active
PW,Power REIT (MD) Common Stock,NYSE American,N,N,PW,Active
PWCM,"PowerCompute, Inc. - Common Stock",NASDAQ,N,N,PWCM,Active
PWP,Perella Weinberg Partners - Class A Common Stock,NASDAQ,N,N,PWP,Active
PWR,"Quanta Services, Inc. Common Stock",NYSE,N,N,PWR,Active
PWRL,Powerlaw Corp. - Common Stock,NASDAQ,N,N,PWRL,Active
PXED,"Phoenix Education Partners, Inc. Common Stock",NYSE,N,N,PXED,Active
PXLW,"Pixelworks, Inc. - Common Stock",NASDAQ,N,N,PXLW,Active
PXS,Pyxis Tankers Inc. - Common Stock,NASDAQ,N,N,PXS,Active
PYPD,PolyPid Ltd. - Ordinary Shares,NASDAQ,N,N,PYPD,Active
PYPL,"PayPal Holdings, Inc. - Common Stock",NASDAQ,N,N,PYPL,Active
PYT,PPlus Tr GSC-2 Tr Ctf Fltg Rate,NYSE,N,N,PYT,Active
PYXS,"Pyxis Oncology, Inc. - Common Stock",NASDAQ,N,N,PYXS,Active
PZG,Paramount Gold Nevada Corp. Common Stock,NYSE American,N,N,PZG,Active
PZZA,"Papa John's International, Inc. - Common Stock",NASDAQ,N,N,PZZA,Active
Q,"Qnity Electronics, Inc. Common Stock",NYSE,N,N,Q,Active
QADR,QDRO Acquisition Corp. - Class A Ordinary Shares,NASDAQ,N,N,QADR,Active
QBTS,D-Wave Quantum Inc. Common Shares,NYSE,N,N,QBTS,Active
QCLS,"Q/C Technologies, Inc. - Common Stock",NASDAQ,N,N,QCLS,Active
QCOM,QUALCOMM Incorporated - Common Stock,NASDAQ,N,N,QCOM,Active
QCRH,"QCR Holdings, Inc. - Common Stock",NASDAQ,N,N,QCRH,Active
QDEL,QuidelOrtho Corporation - Common Stock,NASDAQ,N,N,QDEL,Active
QETA,Quetta Acquisition Corporation - Common Stock,NASDAQ,N,N,QETA,Active
QGEN,Qiagen N.V. Common Shares,NYSE,N,N,QGEN,Active
QH,Quhuo Limited - Class A Ordinary Shares,NASDAQ,N,N,QH,Active
QLEP,Quantum Leap Acquisition Corp Class A Ordinary Shares,NYSE,N,N,QLEP,Active
QLYS,"Qualys, Inc. - Common Stock",NASDAQ,N,N,QLYS,Active
QMCO,Quantum Corporation - Common Stock,NASDAQ,N,N,QMCO,Active
QMLS,"QumulusAI, Inc. - Common Stock",NASDAQ,N,N,QMLS,Active
QMMM,QMMM Holdings Limited - Class A Ordinary Shares,NASDAQ,N,N,QMMM,Active
QNC,Quantum eMotion Corp. Common Shares,NYSE American,N,N,QNC,Active
QNCX,"Quince Therapeutics, Inc. - Common Stock",NASDAQ,N,N,QNCX,Active
QNST,"QuinStreet, Inc. - Common Stock",NASDAQ,N,N,QNST,Active
QNT,Quantinuum Inc. - Class A Common Stock,NASDAQ,N,N,QNT,Active
QNTM,Quantum Biopharma Ltd. - Class B Subordinate Voting Shares,NASDAQ,N,N,QNTM,Active
QRED,QuasarEdge Acquisition Corporation Ordinary Shares,NYSE,N,N,QRED,Active
QRHC,Quest Resource Holding Corporation - Common Stock,NASDAQ,N,N,QRHC,Active
QRVO,"Qorvo, Inc. - Common Stock",NASDAQ,N,N,QRVO,Active
QS,QuantumScape Corporation - Common Stock,NASDAQ,N,N,QS,Active
QSEA,Quartzsea Acquisition Corporation - Ordinary Shares,NASDAQ,N,N,QSEA,Active
QSI,Quantum-Si Incorporated - Class A Common Stock,NASDAQ,N,N,QSI,Active
QSR,Restaurant Brands International Inc. Common Shares,NYSE,N,N,QSR,Active
QTEX,QTREX Quantum Ltd. - Ordinary Shares,NASDAQ,N,N,QTEX,Active
QTI,"QT Imaging Holdings, Inc. - Common Stock",NASDAQ,N,N,QTI,Active
QTRX,Quanterix Corporation - Common Stock,NASDAQ,N,N,QTRX,Active
QTTB,Q32 Bio Inc. - Common Stock,NASDAQ,N,N,QTTB,Active
QTWO,"Q2 Holdings, Inc. Common Stock",NYSE,N,N,QTWO,Active
QUAD,"Quad Graphics, Inc Class A Common Stock",NYSE,N,N,QUAD,Active
QUBT,Quantum Computing Inc. - Common Stock,NASDAQ,N,N,QUBT,Active
QUCY,Quantum Cyber N.V. - Ordinary Shares,NASDAQ,N,N,QUCY,Active
QUIK,QuickLogic Corporation - Common Stock,NASDAQ,N,N,QUIK,Active
QUMS,Quantumsphere Acquisition Corp. - Ordinary Shares,NASDAQ,N,N,QUMS,Active
QURE,uniQure N.V. - Ordinary Shares,NASDAQ,N,N,QURE,Active
QXL,Quantum X Labs Inc. - Common Stock,NASDAQ,N,N,QXL,Active
QXO,"QXO, Inc. Common Stock",NYSE,N,N,QXO,Active
R,"Ryder System, Inc. Common Stock",NYSE,N,N,R,Active
RAC,Rithm Acquisition Corp. Class A Ordinary Shares,NYSE,N,N,RAC,Active
RACC,Research Alliance Corporation III - Class A Ordinary Shares,NASDAQ,N,N,RACC,Active
RACD,Research Alliance Corporation IV - Class A Ordinary Shares,NASDAQ,N,N,RACD,Active
RACE,Ferrari N.V. Common Shares,NYSE,N,N,RACE,Active
RAIL,"Freightcar America, Inc. - Common Stock",NASDAQ,N,N,RAIL,Active
RAIN,"Rain Enhancement Technologies Holdco, Inc. - Class A Common Stock",NASDAQ,N,N,RAIN,Active
RAINW,"Rain Enhancement Technologies Holdco, Inc. - Warrants",NASDAQ,N,N,RAINW,Active
RAL,Ralliant Corporation Common Stock,NYSE,N,N,RAL,Active
RAMP,"LiveRamp Holdings, Inc. Common Stock",NYSE,N,N,RAMP,Active
RANG,Range Capital Acquisition Corp. - Ordinary Shares,NASDAQ,N,N,RANG,Active
RANI,"Rani Therapeutics Holdings, Inc. - Class A Common Stock",NASDAQ,N,N,RANI,Active
RAPP,"Rapport Therapeutics, Inc. - Common Stock",NASDAQ,N,N,RAPP,Active
RARE,Ultragenyx Pharmaceutical Inc. - Common Stock,NASDAQ,N,N,RARE,Active
RAVE,"Rave Restaurant Group, Inc. - Common Stock",NASDAQ,N,N,RAVE,Active
RAY,Raytech Holding Limited - Ordinary Shares,NASDAQ,N,N,RAY,Active
RAYA,Erayak Power Solution Group Inc. - Class A Ordinary Shares,NASDAQ,N,N,RAYA,Active
RBA,"RB Global, Inc. Common Stock",NYSE,N,N,RBA,Active
RBB,RBB Bancorp - Common Stock,NASDAQ,N,N,RBB,Active
RBBN,Ribbon Communications Inc.  - Common Stock,NASDAQ,N,N,RBBN,Active
RBC,RBC Bearings Incorporated Common Stock,NYSE,N,N,RBC,Active
RBCAA,"Republic Bancorp, Inc. - Class A Common Stock",NASDAQ,N,N,RBCAA,Active
RBKB,"Rhinebeck Bancorp, Inc. - Common Stock",NASDAQ,N,N,RBKB,Active
RBLX,Roblox Corporation Class A Common Stock,NYSE,N,N,RBLX,Active
RBNE,Robin Energy Ltd. - Common Stock,NASDAQ,N,N,RBNE,Active
RBRK,"Rubrik, Inc. Class A Common Stock",NYSE,N,N,RBRK,Active
RC,Ready Capital Corporation Common Stock,NYSE,N,N,RC,Active
RCAT,"Red Cat Holdings, Inc. - Common Stock",NASDAQ,N,N,RCAT,Active
RCEL,"Avita Medical, Inc. - Common Stock",NASDAQ,N,N,RCEL,Active
RCI,"Rogers Communication, Inc. Common Stock",NYSE,N,N,RCI,Active
RCKT,"Rocket Pharmaceuticals, Inc. - Common Stock",NASDAQ,N,N,RCKT,Active
RCKY,"Rocky Brands, Inc. - Common Stock",NASDAQ,N,N,RCKY,Active
RCL,Royal Caribbean Cruises Ltd. Common Stock,NYSE,N,N,RCL,Active
RCMT,"RCM Technologies, Inc. - Common Stock",NASDAQ,N,N,RCMT,Active
RCON,"Recon Technology, Ltd. - Class A Ordinary Shares",NASDAQ,N,N,RCON,Active
RCT,RedCloud Holdings plc - Ordinary Shares,NASDAQ,N,N,RCT,Active
RCUS,"Arcus Biosciences, Inc. Common Stock",NYSE,N,N,RCUS,Active
RDAC,Rising Dragon Acquisition Corp. - Ordinary Shares,NASDAQ,N,N,RDAC,Active
RDAG,Republic Digital Acquisition Company - Class A Ordinary Shares,NASDAQ,N,N,RDAG,Active
RDAGW,Republic Digital Acquisition Company - Warrants,NASDAQ,N,N,RDAGW,Active
RDCM,Radcom Ltd. - Ordinary Shares,NASDAQ,N,N,RDCM,Active
RDDT,"Reddit, Inc. Class A Common Stock",NYSE,N,N,RDDT,Active
RDGT,"Ridgetech, Inc. - Ordinary Shares",NASDAQ,N,N,RDGT,Active
RDI,Reading International Inc - Class A Non-voting Common Stock,NASDAQ,N,N,RDI,Active
RDIB,Reading International Inc - Class B Voting Common Stock,NASDAQ,N,N,RDIB,Active
RDN,Radian Group Inc. Common Stock,NYSE,N,N,RDN,Active
RDNT,"RadNet, Inc. - Common Stock",NASDAQ,N,N,RDNT,Active
RDNW,"RideNow Group, Inc. - Class B Common Stock",NASDAQ,N,N,RDNW,Active
RDVT,"Red Violet, Inc. - Common Stock ",NASDAQ,N,N,RDVT,Active
RDW,Redwire Corporation Common Stock,NYSE,N,N,RDW,Active
RDWR,Radware Ltd. - Ordinary Shares,NASDAQ,N,N,RDWR,Active
RDY,Dr. Reddy's Laboratories Ltd Common Stock,NYSE,N,N,RDY,Active
RDZN,"Roadzen, Inc. - Ordinary Shares",NASDAQ,N,N,RDZN,Active
RDZNW,"Roadzen, Inc. - Warrants",NASDAQ,N,N,RDZNW,Active
REA,"Rare Earths Americas, Inc. Common Stock",NYSE American,N,N,REA,Active
REAL,"The RealReal, Inc. - Common Stock",NASDAQ,N,N,REAL,Active
REAX,"The Real Brokerage, Inc. - Common Shares",NASDAQ,N,N,REAX,Active
REBN,"Reborn Coffee, Inc. - Common Stock",NASDAQ,N,N,REBN,Active
RECT,Rectitude Holdings Ltd - Ordinary Shares,NASDAQ,N,N,RECT,Active
REED,"Reed's, Inc. Common Stock",NYSE American,N,N,REED,Active
REFI,"Chicago Atlantic Real Estate Finance, Inc. - Common Stock",NASDAQ,N,N,REFI,Active
REFR,Research Frontiers Incorporated - Common Stock,NASDAQ,N,N,REFR,Active
REG,Regency Centers Corporation - Common Stock,NASDAQ,N,N,REG,Active
REGN,"Regeneron Pharmaceuticals, Inc. - Common Stock",NASDAQ,N,N,REGN,Active
REI,"Ring Energy, Inc. Common Stock",NYSE American,N,N,REI,Active
REKR,"Rekor Systems, Inc. - Common Stock",NASDAQ,N,N,REKR,Active
RELL,"Richardson Electronics, Ltd. - Common Stock",NASDAQ,N,N,RELL,Active
RELY,"Remitly Global, Inc. - Common stock",NASDAQ,N,N,RELY,Active
RENT,"Rent the Runway, Inc. - Class A Common Stock",NASDAQ,N,N,RENT,Active
RENX,RenX Enterprises Corp. - Common Stock,NASDAQ,N,N,RENX,Active
REPL,"Replimune Group, Inc. - Common Stock",NASDAQ,N,N,REPL,Active
REPX,"Riley Exploration Permian, Inc. Common Stock",NYSE American,N,N,REPX,Active
RES,"RPC, Inc. Common Stock",NYSE,N,N,RES,Active
RETO,"ReTo Eco-Solutions, Inc. - Class A Shares",NASDAQ,N,N,RETO,Active
REVB,"Revelation Biosciences, Inc. - Common Stock",NASDAQ,N,N,REVB,Active
REX,REX American Resources Corporation,NYSE,N,N,REX,Active
REXR,"Rexford Industrial Realty, Inc. Common Stock",NYSE,N,N,REXR,Active
REYN,Reynolds Consumer Products Inc. - Common Stock,NASDAQ,N,N,REYN,Active
REZI,"Resideo Technologies, Inc. Common Stock ",NYSE,N,N,REZI,Active
RF,Regions Financial Corporation Common Stock,NYSE,N,N,RF,Active
RFAI,RF Acquisition Corp II - Ordinary Shares,NASDAQ,N,N,RFAI,Active
RFAM,RF Acquisition Corp III - Ordinary Shares,NASDAQ,N,N,RFAM,Active
RFIL,"RF Industries, Ltd. - Common Stock",NASDAQ,N,N,RFIL,Active
RFL,"Rafael Holdings, Inc. Class B Common Stock",NYSE,N,N,RFL,Active
RGA,"Reinsurance Group of America, Incorporated Common Stock",NYSE,N,N,RGA,Active
RGC,Regencell Bioscience Holdings Limited - Ordinary Shares,NASDAQ,N,N,RGC,Active
RGCO,RGC Resources Inc. - Common Stock,NASDAQ,N,N,RGCO,Active
RGEN,Repligen Corporation - Common Stock,NASDAQ,N,N,RGEN,Active
RGLD,"Royal Gold, Inc. - Common Stock",NASDAQ,N,N,RGLD,Active
RGNT,Regentis Biomaterials Ltd. Ordinary Shares,NYSE American,N,N,RGNT,Active
RGNX,REGENXBIO Inc. - Common Stock,NASDAQ,N,N,RGNX,Active
RGP,"Resources Connection, Inc. - Common Stock",NASDAQ,N,N,RGP,Active
RGR,"Sturm, Ruger & Company, Inc. Common Stock",NYSE,N,N,RGR,Active
RGS,Regis Corporation - Common Stock,NASDAQ,N,N,RGS,Active
RGT,"Royce Global Trust, Inc. Common Stock",NYSE,N,N,RGT,Active
RGTI,"Rigetti Computing, Inc.  - Common stock",NASDAQ,N,N,RGTI,Active
RH,RH Common Stock,NYSE,N,N,RH,Active
RHI,Robert Half Inc. Common Stock,NYSE,N,N,RHI,Active
RHLD,Resolute Holdings Management Common Stock ,NYSE,N,N,RHLD,Active
RHP,"Ryman Hospitality Properties, Inc. (REIT)",NYSE,N,N,RHP,Active
RIBB,Ribbon Acquisition Corp - Class A Ordinary Shares,NASDAQ,N,N,RIBB,Active
RICK,"RCI Hospitality Holdings, Inc. - Common Stock",NASDAQ,N,N,RICK,Active
RIG,Transocean Ltd (Switzerland) Common Stock,NYSE,N,N,RIG,Active
RIGL,"Rigel Pharmaceuticals, Inc. - Common Stock",NASDAQ,N,N,RIGL,Active
RILY,"BRC Group Holdings, Inc. - Common Stock",NASDAQ,N,N,RILY,Active
RIME,"Algorhythm Holdings, Inc. - Common Stock",NASDAQ,N,N,RIME,Active
RIO,Rio Tinto Plc Common Stock,NYSE,N,N,RIO,Active
RIOT,"Riot Platforms, Inc. - Common Stock",NASDAQ,N,N,RIOT,Active
RITM,Rithm Capital Corp. Common Stock,NYSE,N,N,RITM,Active
RITR,Reitar Logtech Holdings Limited - Ordinary shares,NASDAQ,N,N,RITR,Active
RIVN,"Rivian Automotive, Inc. - Class A Common Stock",NASDAQ,N,N,RIVN,Active
RJET,Republic Airways Holdings Inc. - Common Stock,NASDAQ,N,N,RJET,Active
RJF,"Raymond James Financial, Inc. Common Stock",NYSE,N,N,RJF,Active
RKDA,"Arcadia Biosciences, Inc. - Common Stock",NASDAQ,N,N,RKDA,Active
RKLB,Rocket Lab Corporation - Common Stock,NASDAQ,N,N,RKLB,Active
RKT,"Rocket Companies, Inc. Class A Common Stock",NYSE,N,N,RKT,Active
RKTO,Rocket One Inc. - Common Stock,NASDAQ,N,N,RKTO,Active
RL,Ralph Lauren Corporation Common Stock,NYSE,N,N,RL,Active
RLAY,"Relay Therapeutics, Inc. - Common Stock",NASDAQ,N,N,RLAY,Active
RLGT,"Radiant Logistics, Inc. Common Stock",NYSE American,N,N,RLGT,Active
RLI,RLI Corp. Common Stock (DE),NYSE,N,N,RLI,Active
RLMD,"Relmada Therapeutics, Inc. - Common Stock",NASDAQ,N,N,RLMD,Active
RLYB,Rallybio Corporation - Common Stock,NASDAQ,N,N,RLYB,Active
RM,Regional Management Corp. Common Stock,NYSE,N,N,RM,Active
RMAX,"RE/MAX Holdings, Inc. Class A Common Stock",NYSE,N,N,RMAX,Active
RMBI,"Richmond Mutual Bancorporation, Inc. - Common Stock",NASDAQ,N,N,RMBI,Active
RMBS,"Rambus, Inc. - Common Stock",NASDAQ,N,N,RMBS,Active
RMCF,"Rocky Mountain Chocolate Factory, Inc. - Common Stock",NASDAQ,N,N,RMCF,Active
RMCO,Royalty Management Holding Corporation - Class A Common Stock,NASDAQ,N,N,RMCO,Active
RMD,ResMed Inc. Common Stock,NYSE,N,N,RMD,Active
RMIX,"Suncrete, Inc. - Class A Common Stock",NASDAQ,N,N,RMIX,Active
RMNI,"Rimini Street, Inc. - Common Stock",NASDAQ,N,N,RMNI,Active
RMR,The RMR Group Inc. - Class A Common Stock,NASDAQ,N,N,RMR,Active
RMSG,Real Messenger Corporation - Ordinary Shares,NASDAQ,N,N,RMSG,Active
RMSGW,Real Messenger Corporation - Warrants,NASDAQ,N,N,RMSGW,Active
RMT,"Royce Micro-Cap Trust, Inc. Common Stock",NYSE,N,N,RMT,Active
RMTI,"Rockwell Medical, Inc. - Common Stock",NASDAQ,N,N,RMTI,Active
RNA,"Atrium Therapeutics, Inc. - Common Stock",NASDAQ,N,N,RNA,Active
RNAC,"Cartesian Therapeutics, Inc. - Common Stock",NASDAQ,N,N,RNAC,Active
RNAZ,"TransCode Therapeutics, Inc. - Common Stock",NASDAQ,N,N,RNAZ,Active
RNG,"RingCentral, Inc. Class A Common Stock",NYSE,N,N,RNG,Active
RNGR,"Ranger Energy Services, Inc. Class A Common Stock",NYSE,N,N,RNGR,Active
RNGT,Range Capital Acquisition Corp II - Class A Ordinary Shares,NASDAQ,N,N,RNGT,Active
RNGTW,Range Capital Acquisition Corp II - Warrants,NASDAQ,N,N,RNGTW,Active
RNR,RenaissanceRe Holdings Ltd. Common Stock,NYSE,N,N,RNR,Active
RNST,Renasant Corporation Common Stock,NYSE,N,N,RNST,Active
RNTX,"Rein Therapeutics, Inc. - Common Stock",NASDAQ,N,N,RNTX,Active
RNW,ReNew Energy Global plc - Class A Shares,NASDAQ,N,N,RNW,Active
RNXT,"RenovoRx, Inc. - Common Stock",NASDAQ,N,N,RNXT,Active
ROAD,"Construction Partners, Inc. - Common Stock",NASDAQ,N,N,ROAD,Active
ROC,Rank One Computing Corporation - Common stock,NASDAQ,N,N,ROC,Active
ROCK,"Gibraltar Industries, Inc. - Common Stock",NASDAQ,N,N,ROCK,Active
ROG,Rogers Corporation Common Stock,NYSE,N,N,ROG,Active
ROIV,Roivant Sciences Ltd. - Common Shares,NASDAQ,N,N,ROIV,Active
ROK,"Rockwell Automation, Inc. Common Stock",NYSE,N,N,ROK,Active
ROKU,"Roku, Inc. - Class A Common Stock",NASDAQ,N,N,ROKU,Active
ROL,"Rollins, Inc. Common Stock",NYSE,N,N,ROL,Active
ROLR,"High Roller Technologies, Inc. Common Stock",NYSE American,N,N,ROLR,Active
ROMA,Roma Green Finance Limited - Class A Ordinary Shares,NASDAQ,N,N,ROMA,Active
ROOT,"Root, Inc. - Common Stock",NASDAQ,N,N,ROOT,Active
ROP,"Roper Technologies, Inc. - Common Stock",NASDAQ,N,N,ROP,Active
ROST,"Ross Stores, Inc. - Common Stock",NASDAQ,N,N,ROST,Active
RPAY,Repay Holdings Corporation - Class A Common Stock,NASDAQ,N,N,RPAY,Active
RPC,"Ridgepost Capital, Inc. Class A Common Stock",NYSE,N,N,RPC,Active
RPD,"Rapid7, Inc. - Common Stock",NASDAQ,N,N,RPD,Active
RPGL,Republic Power Group Limited - Class A Ordinary Shares,NASDAQ,N,N,RPGL,Active
RPID,"Rapid Micro Biosystems, Inc. - Class A Common Stock",NASDAQ,N,N,RPID,Active
RPM,RPM International Inc. Common Stock,NYSE,N,N,RPM,Active
RPRX,Royalty Pharma plc - Class A Ordinary Shares,NASDAQ,N,N,RPRX,Active
RPT,Rithm Property Trust Inc. Common stock,NYSE,N,N,RPT,Active
RR,Richtech Robotics Inc. - Class B Common Stock,NASDAQ,N,N,RR,Active
RRBI,"Red River Bancshares, Inc. - Common Stock",NASDAQ,N,N,RRBI,Active
RRC,Range Resources Corporation Common Stock,NYSE,N,N,RRC,Active
RREV,RRE Ventures Acquisition Corp. - Class A Ordinary Shares,NASDAQ,N,N,RREV,Active
RREVW,RRE Ventures Acquisition Corp. - Warrants,NASDAQ,N,N,RREVW,Active
RRGB,"Red Robin Gourmet Burgers, Inc. - Common Stock",NASDAQ,N,N,RRGB,Active
RRR,"Red Rock Resorts, Inc. - Class A Common Stock",NASDAQ,N,N,RRR,Active
RRX,Regal Rexnord Corporation Common Stock,NYSE,N,N,RRX,Active
RS,"Reliance, Inc. Common Stock",NYSE,N,N,RS,Active
RSG,"Republic Services, Inc. Common Stock",NYSE,N,N,RSG,Active
RSI,"Rush Street Interactive, Inc. Class A Common Stock",NYSE,N,N,RSI,Active
RSKD,Riskified Ltd. Class A Ordinary Shares,NYSE,N,N,RSKD,Active
RSSS,"Research Solutions, Inc - Common Stock",NASDAQ,N,N,RSSS,Active
RSVR,"Reservoir Media, Inc.. - Common Stock",NASDAQ,N,N,RSVR,Active
RTAC,Renatus Tactical Acquisition Corp I - Class A Ordinary Shares,NASDAQ,N,N,RTAC,Active
RTB,"RTB Digital, Inc. - Common Stock",NASDAQ,N,N,RTB,Active
RTX,RTX Corporation Common Stock,NYSE,N,N,RTX,Active
RUBI,Rubico Inc. - Common Stock,NASDAQ,N,N,RUBI,Active
RUM,RUM Group Inc. - Class A Common Stock,NASDAQ,N,N,RUM,Active
RUN,Sunrun Inc. - Common Stock,NASDAQ,N,N,RUN,Active
RUSHA,"Rush Enterprises, Inc. - Class A Common Stock",NASDAQ,N,N,RUSHA,Active
RUSHB,"Rush Enterprises, Inc. - Class B Common Stock",NASDAQ,N,N,RUSHB,Active
RVLV,"Revolve Group, Inc. Class A Common Stock",NYSE,N,N,RVLV,Active
RVMD,"Revolution Medicines, Inc. - Common Stock",NASDAQ,N,N,RVMD,Active
RVP,"Retractable Technologies, Inc. Common Stock",NYSE American,N,N,RVP,Active
RVSB,Riverview Bancorp Inc - Common Stock,NASDAQ,N,N,RVSB,Active
RVSN,Rail Vision Ltd. - Ordinary Shares,NASDAQ,N,N,RVSN,Active
RVT,"Royce Small-Cap Trust, Inc. Common Stock",NYSE,N,N,RVT,Active
RVTY,"Revvity, Inc. Common Stock",NYSE,N,N,RVTY,Active
RWAY,Runway Growth Finance Corp. - Common Stock,NASDAQ,N,N,RWAY,Active
RWT,"Redwood Trust, Inc. Common Stock",NYSE,N,N,RWT,Active
RXO,"RXO, Inc. Common Stock",NYSE,N,N,RXO,Active
RXRX,"Recursion Pharmaceuticals, Inc. - Class A Common Stock",NASDAQ,N,N,RXRX,Active
RXST,"RxSight, Inc. - Common Stock",NASDAQ,N,N,RXST,Active
RXT,"Rackspace Technology, Inc. - Common Stock",NASDAQ,N,N,RXT,Active
RY,Royal Bank Of Canada Common Stock,NYSE,N,N,RY,Active
RYAM,Rayonier Advanced Materials Inc. Common Stock,NYSE,N,N,RYAM,Active
RYAN,"Ryan Specialty Holdings, Inc. Class A Common Stock",NYSE,N,N,RYAN,Active
RYDE,Ryde Group Ltd. Class A Ordinary Shares,NYSE American,N,N,RYDE,Active
RYET,Ruanyun Edai Technology Inc. - Ordinary shares,NASDAQ,N,N,RYET,Active
RYM,"RYTHM, Inc. - Common Stock",NASDAQ,N,N,RYM,Active
RYN,Rayonier Inc. REIT Common Stock,NYSE,N,N,RYN,Active
RYOJ,"rYojbaba Co., Ltd. - Common Shares",NASDAQ,N,N,RYOJ,Active
RYTM,"Rhythm Pharmaceuticals, Inc. - Common Stock",NASDAQ,N,N,RYTM,Active
RYZ,Ryerson Holding Corporation Common Stock,NYSE,N,N,RYZ,Active
RZC,"Reinsurance Group of America, Incorporated 7.125% Fixed-Rate Reset Subordinated Debentures due 2052",NYSE,N,N,RZC,Active
RZLT,"Rezolute, Inc. - Common Stock (NV)",NASDAQ,N,N,RZLT,Active
RZLV,Rezolve AI PLC - Ordinary Shares,NASDAQ,N,N,RZLV,Active
RZLVW,Rezolve AI PLC - Warrants,NASDAQ,N,N,RZLVW,Active
S,"SentinelOne, Inc. Class A Common Stock",NYSE,N,N,S,Active
SA,"Seabridge Gold, Inc. Common Shares New",NYSE,N,N,SA,Active
SAAQ,Space Asset Acquisition Corp. - Class A Ordinary Shares,NASDAQ,N,N,SAAQ,Active
SAAQW,Space Asset Acquisition Corp. - Warrants,NASDAQ,N,N,SAAQW,Active
SABR,Sabre Corporation - Common Stock,NASDAQ,N,N,SABR,Active
SABS,"SAB Biotherapeutics, Inc. - Common Stock",NASDAQ,N,N,SABS,Active
SAC,Safeguard Acquisition Corp. Class A Ordinary Shares,NYSE,N,N,SAC,Active
SACH,Sachem Capital Corp. Common Shares,NYSE American,N,N,SACH,Active
SAFE,Safehold Inc. New Common Stock ,NYSE,N,N,SAFE,Active
SAFT,"Safety Insurance Group, Inc. - Common Stock",NASDAQ,N,N,SAFT,Active
SAFX,"XCF Global, Inc. - Class A Common Stock",NASDAQ,N,N,SAFX,Active
SAGT,SAGTEC GLOBAL LIMITED - Class A Ordinary shares,NASDAQ,N,N,SAGT,Active
SAGU,Shreya Acquisition Group Class A Ordinary Shares,NYSE,N,N,SAGU,Active
SAH,"Sonic Automotive, Inc. Common Stock",NYSE,N,N,SAH,Active
SAIA,"Saia, Inc. - Common Stock",NASDAQ,N,N,SAIA,Active
SAIC,Science Applications International Corporation - Common Stock,NASDAQ,N,N,SAIC,Active
SAIH,SAIHEAT Limited - Class A Ordinary Shares,NASDAQ,N,N,SAIH,Active
SAIL,"SailPoint, Inc. - Common Stock",NASDAQ,N,N,SAIL,Active
SAM,"Boston Beer Company, Inc. (The) Common Stock",NYSE,N,N,SAM,Active
SAMG,Silvercrest Asset Management Group Inc. - Common Stock,NASDAQ,N,N,SAMG,Active
SAN,"Banco Santander, S.A. Sponsored ADR (Spain)",NYSE,N,N,SAN,Active
SANA,"Sana Biotechnology, Inc. - Common Stock",NASDAQ,N,N,SANA,Active
SANG,Sangoma Technologies Corporation - Common Shares,NASDAQ,N,N,SANG,Active
SANM,Sanmina Corporation - Common Stock,NASDAQ,N,N,SANM,Active
SAP,SAP  SE ADS,NYSE,N,N,SAP,Active
SAR,Saratoga Investment Corp New,NYSE,N,N,SAR,Active
SARO,"StandardAero, Inc. Common Stock",NYSE,N,N,SARO,Active
SATL,Satellogic Inc. - Class A Common Stock,NASDAQ,N,N,SATL,Active
SB,"Safe Bulkers, Inc Common Stock ($0.001 par value)",NYSE,N,N,SB,Active
SBAC,SBA Communications Corporation - Class A Common Stock,NASDAQ,N,N,SBAC,Active
SBC,SBC Medical Group Holdings Incorporated - Common Stock,NASDAQ,N,N,SBC,Active
SBCF,Seacoast Banking Corporation of Florida - Common Stock,NASDAQ,N,N,SBCF,Active
SBCWW,SBC Medical Group Holdings Incorporated - Warrants,NASDAQ,N,N,SBCWW,Active
SBET,"Sharplink, Inc. - Common Stock",NASDAQ,N,N,SBET,Active
SBEV,"Splash Beverage Group, Inc. (NV) Common Stock",NYSE American,N,N,SBEV,Active
SBFG,"SB Financial Group, Inc. - Common Stock",NASDAQ,N,N,SBFG,Active
SBFM,Sunshine Biopharma Inc. - Common stock,NASDAQ,N,N,SBFM,Active
SBGI,"Sinclair, Inc. - Class A Common Stock",NASDAQ,N,N,SBGI,Active
SBH,"Sally Beauty Holdings, Inc. (Name to be changed from Sally Holdings, Inc.) Common Stock",NYSE,N,N,SBH,Active
SBLK,Star Bulk Carriers Corp. - Common Shares,NASDAQ,N,N,SBLK,Active
SBMT,Silver Bow Mining Corp. Common Shares,NYSE American,N,N,SBMT,Active
SBR,Sabine Royalty Trust Common Stock,NYSE,N,N,SBR,Active
SBRA,"Sabra Health Care REIT, Inc. - Common Stock",NASDAQ,N,N,SBRA,Active
SBSI,"Southside Bancshares, Inc. Common Stock",NYSE,N,N,SBSI,Active
SBSW,D/B/A Sibanye-Stillwater Limited ADS,NYSE,N,N,SBSW,Active
SBUX,Starbucks Corporation - Common Stock,NASDAQ,N,N,SBUX,Active
SBXD,SilverBox Corp IV Class A Ordinary Shares,NYSE,N,N,SBXD,Active
SBXE,SilverBox Corp V Class A Ordinary Shares,NYSE,N,N,SBXE,Active
SCAGW,Scage Future - Warrants,NASDAQ,N,N,SCAGW,Active
SCCO,Southern Copper Corporation Common Stock,NYSE,N,N,SCCO,Active
SCHL,Scholastic Corporation - Common Stock,NASDAQ,N,N,SCHL,Active
SCHW,Charles Schwab Corporation (The) Common Stock,NYSE,N,N,SCHW,Active
SCI,Service Corporation International Common Stock,NYSE,N,N,SCI,Active
SCII,SC II Acquisition Corp. - Class A ordinary share,NASDAQ,N,N,SCII,Active
SCKT,"Socket Mobile, Inc. - Common Stock",NASDAQ,N,N,SCKT,Active
SCL,Stepan Company Common Stock,NYSE,N,N,SCL,Active
SCLX,Scilex Holding Company - Common Stock,NASDAQ,N,N,SCLX,Active
SCM,Stellus Capital Investment Corporation Common Stock,NYSE,N,N,SCM,Active
SCNX,"Scienture Holdings, Inc. - Common Stock",NASDAQ,N,N,SCNX,Active
SCOR,"comScore, Inc. - Common Stock",NASDAQ,N,N,SCOR,Active
SCPQ,Social Commerce Partners Corporation - Class A Ordinary Shares,NASDAQ,N,N,SCPQ,Active
SCSC,"ScanSource, Inc. - Common Stock",NASDAQ,N,N,SCSC,Active
SCTX,Scribe Therapeutics Inc. - Common Stock,NASDAQ,N,N,SCTX,Active
SCWO,374Water Inc. - common stock,NASDAQ,N,N,SCWO,Active
SCYX,"SCYNEXIS, Inc. - Common Stock",NASDAQ,N,N,SCYX,Active
SCZM,Santacruz Silver Mining Ltd. - Common Shares,NASDAQ,N,N,SCZM,Active
SD,"SandRidge Energy, Inc. Common Stock",NYSE,N,N,SD,Active
SDA,SunCar Technology Group Inc. - Ordinary Shares,NASDAQ,N,N,SDA,Active
SDEV,Stablecoin Development Corporation Common Stock,NYSE American,N,N,SDEV,Active
SDGR,"Schrodinger, Inc. - Common Stock",NASDAQ,N,N,SDGR,Active
SDHC,Smith Douglas Homes Corp. Class A Common Stock,NYSE,N,N,SDHC,Active
SDHI,Siddhi Acquisition Corp - Class A Common stock,NASDAQ,N,N,SDHI,Active
SDOT,Sadot Group Inc. - Common Stock,NASDAQ,N,N,SDOT,Active
SDRL,Seadrill Limited Common Shares,NYSE,N,N,SDRL,Active
SDST,Stardust Power Inc. - Common Stock,NASDAQ,N,N,SDST,Active
SEAT,Vivid Seats Inc. - Class A common stock,NASDAQ,N,N,SEAT,Active
SEB,Seaboard Corporation Common Stock,NYSE American,N,N,SEB,Active
SECZ,Securitize Corp. Common Stock,NYSE,N,N,SECZ,Active
SEDG,"SolarEdge Technologies, Inc. - Common Stock",NASDAQ,N,N,SEDG,Active
SEED,Origin Agritech Limited - Ordinary Shares,NASDAQ,N,N,SEED,Active
SEER,"Seer, Inc. - Class A Common Stock",NASDAQ,N,N,SEER,Active
SEG,Seaport Entertainment Group Inc. Common Stock,NYSE,N,N,SEG,Active
SEGG,Sports Entertainment Gaming Global Corporation  - Common Stock,NASDAQ,N,N,SEGG,Active
SEI,"Solaris Energy Infrastructure, Inc. Class A Common Stock",NYSE,N,N,SEI,Active
SEIC,SEI Investments Company - Common Stock,NASDAQ,N,N,SEIC,Active
SELF,"Global Self Storage, Inc. - Common Stock",NASDAQ,N,N,SELF,Active
SENEA,Seneca Foods Corp. - Class A Common Stock,NASDAQ,N,N,SENEA,Active
SENEB,Seneca Foods Corp. - Class B Common Stock,NASDAQ,N,N,SENEB,Active
SENS,"Senseonics Holdings, Inc. - Common Stock",NASDAQ,N,N,SENS,Active
SEPN,"Septerna, Inc. - Common Stock",NASDAQ,N,N,SEPN,Active
SER,"Serina Therapeutics, Inc. Common Stock",NYSE American,N,N,SER,Active
SERA,"Sera Prognostics, Inc. - Class A Common Stock",NASDAQ,N,N,SERA,Active
SERV,Serve Robotics Inc. - Common Stock,NASDAQ,N,N,SERV,Active
SES,SES AI Corporation Class A Common Stock,NYSE,N,N,SES,Active
SEV,Aptera Motors Corp. - Class B Common Stock,NASDAQ,N,N,SEV,Active
SEVN,Seven Hills Realty Trust  - Common Stock,NASDAQ,N,N,SEVN,Active
SEZL,Sezzle Inc. - Common Stock,NASDAQ,N,N,SEZL,Active
SF,Stifel Financial Corporation Common Stock,NYSE,N,N,SF,Active
SFBC,"Sound Financial Bancorp, Inc. - Common Stock",NASDAQ,N,N,SFBC,Active
SFBS,"ServisFirst Bancshares, Inc. Common Stock",NYSE,N,N,SFBS,Active
SFD,"Smithfield Foods, Inc. - Common Stock",NASDAQ,N,N,SFD,Active
SFHG,Samfine Creation Holdings Group Limited - Class A Ordinary Share,NASDAQ,N,N,SFHG,Active
SFIX,"Stitch Fix, Inc. - Class A Common Stock",NASDAQ,N,N,SFIX,Active
SFL,SFL Corporation Ltd,NYSE,N,N,SFL,Active
SFM,"Sprouts Farmers Market, Inc. - Common Stock",NASDAQ,N,N,SFM,Active
SFNC,Simmons First National Corporation - Common Stock,NASDAQ,N,N,SFNC,Active
SFST,"Southern First Bancshares, Inc. - Common Stock",NASDAQ,N,N,SFST,Active
SFWL,Shengfeng Development Limited - Class A Ordinary Shares,NASDAQ,N,N,SFWL,Active
SG,"Sweetgreen, Inc. Class A Common Stock",NYSE,N,N,SG,Active
SGA,"Saga Communications, Inc. - Class A Common Stock",NASDAQ,N,N,SGA,Active
SGC,"Superior Group of Companies, Inc. - Common Stock",NASDAQ,N,N,SGC,Active
SGHC,Super Group (SGHC) Limited Ordinary Shares,NYSE,N,N,SGHC,Active
SGHT,"Sight Sciences, Inc. - Common Stock",NASDAQ,N,N,SGHT,Active
SGI,Somnigroup International Inc. Common Stock,NYSE,N,N,SGI,Active
SGLY,Singularity Future Technology Ltd. - Common Stock,NASDAQ,N,N,SGLY,Active
SGML,Sigma Lithium Corporation - common shares,NASDAQ,N,N,SGML,Active
SGMT,Sagimet Biosciences Inc. - Series A Common Stock,NASDAQ,N,N,SGMT,Active
SGP,"SpyGlass Pharma, Inc. - Common Stock",NASDAQ,N,N,SGP,Active
SGRY,"Surgery Partners, Inc. - Common Stock",NASDAQ,N,N,SGRY,Active
SGU,Star Group L.P. Common Stock,NYSE,N,N,SGU,Active
SHAK,"Shake Shack, Inc. Class A Common Stock",NYSE,N,N,SHAK,Active
SHAZ,"SharonAI Holdings, Inc. - Class A Common Stock",NASDAQ,N,N,SHAZ,Active
SHBI,"Shore Bancshares, Inc. - Common Stock",NASDAQ,N,N,SHBI,Active
SHC,Sotera Health Company - Common Stock,NASDAQ,N,N,SHC,Active
SHEN,Shenandoah Telecommunications Co - Common Stock,NASDAQ,N,N,SHEN,Active
SHFS,"SHF Holdings, Inc. - Class A Common Stock",NASDAQ,N,N,SHFS,Active
SHFSW,"SHF Holdings, Inc. - Warrants",NASDAQ,N,N,SHFSW,Active
SHIM,Shimmick Corporation - Common Stock,NASDAQ,N,N,SHIM,Active
SHIP,Seanergy Maritime Holdings Corp. - Common Stock,NASDAQ,N,N,SHIP,Active
SHLS,"Shoals Technologies Group, Inc. - Class A Common Stock",NASDAQ,N,N,SHLS,Active
SHMD,SCHMID Group N.V. - Class A Ordinary Shares,NASDAQ,N,N,SHMD,Active
SHMDW,SCHMID Group N.V. - Warrants,NASDAQ,N,N,SHMDW,Active
SHO,"Sunstone Hotel Investors, Inc. Sunstone Hotel Investors, Inc. Common Shares",NYSE,N,N,SHO,Active
SHOE,"Shoe Station Group, Inc. - Common Stock",NASDAQ,N,N,SHOE,Active
SHOO,"Steven Madden, Ltd. - Common Stock",NASDAQ,N,N,SHOO,Active
SHOP,Shopify Inc. - Class A Subordinate Voting Shares,NASDAQ,N,N,SHOP,Active
SHOT,RMG ML Sports Holdings - Class A Ordinary Shares,NASDAQ,N,N,SHOT,Active
SHPH,"Shuttle Pharmaceuticals Holdings, Inc. - common stock",NASDAQ,N,N,SHPH,Active
SHW,Sherwin-Williams Company (The) Common Stock,NYSE,N,N,SHW,Active
SI,"Shoulder Innovations, Inc. Common Stock",NYSE,N,N,SI,Active
SIBN,"SI-BONE, Inc. - Common Stock",NASDAQ,N,N,SIBN,Active
SID,Companhia Siderurgica Nacional S.A. Common Stock,NYSE,N,N,SID,Active
SIDU,"Sidus Space, Inc. - Class A Common Stock",NASDAQ,N,N,SIDU,Active
SIEB,Siebert Financial Corp. - Common Stock,NASDAQ,N,N,SIEB,Active
SIF,"SIFCO Industries, Inc. Common Stock",NYSE American,N,N,SIF,Active
SIFY,Sify Technologies Limited - American Depository Shares,NASDAQ,N,N,SIFY,Active
SIG,Signet Jewelers Limited Common Shares,NYSE,N,N,SIG,Active
SIGA,SIGA Technologies Inc. - Common Stock,NASDAQ,N,N,SIGA,Active
SIGI,"Selective Insurance Group, Inc. - Common Stock",NASDAQ,N,N,SIGI,Active
SII,Sprott Inc. Common Shares,NYSE,N,N,SII,Active
SILC,Silicom Ltd - Ordinary Shares,NASDAQ,N,N,SILC,Active
SILO,"Silo Pharma, Inc. - Common Stock",NASDAQ,N,N,SILO,Active
SIMA,SIM Acquisition Corp. I - Class A Ordinary Shares,NASDAQ,N,N,SIMA,Active
SIND,Sinda Ltd. Common Stock,NYSE,N,N,SIND,Active
SINT,"SiNtx Technologies, Inc. - Common Stock",NASDAQ,N,N,SINT,Active
SION,"Sionna Therapeutics, Inc. - Common Stock",NASDAQ,N,N,SION,Active
SIRI,SiriusXM Holdings Inc. - Common Stock,NASDAQ,N,N,SIRI,Active
SITC,SITE Centers Corp. Common Stock,NYSE,N,N,SITC,Active
SITE,"SiteOne Landscape Supply, Inc. Common Stock",NYSE,N,N,SITE,Active
SITM,SiTime Corporation - Common Stock,NASDAQ,N,N,SITM,Active
SJ,Scienjoy Holding Corporation - Class A Ordinary Shares,NASDAQ,N,N,SJ,Active
SJM,The J.M. Smucker Company Common Stock,NYSE,N,N,SJM,Active
SJT,San Juan Basin Royalty Trust Common Stock,NYSE,N,N,SJT,Active
SKE,Skeena Resources Limited Common Shares,NYSE,N,N,SKE,Active
SKIL,Skillsoft Corp. Class A Common Stock,NYSE,N,N,SKIL,Active
SKIN,SkinHealth Systems Inc. - Class A Common Stock,NASDAQ,N,N,SKIN,Active
SKK,SKK Holdings Limited - Class A Ordinary Shares,NASDAQ,N,N,SKK,Active
SKM,"SK Telecom Co., Ltd. Common Stock",NYSE,N,N,SKM,Active
SKT,Tanger Inc. Common Stock,NYSE,N,N,SKT,Active
SKWD,"Skyward Specialty Insurance Group, Inc. - Common Stock",NASDAQ,N,N,SKWD,Active
SKY,"Champion Homes, Inc. Common Stock",NYSE,N,N,SKY,Active
SKYA,"SkyAI, Inc. - Common Stock",NASDAQ,N,N,SKYA,Active
SKYE,"Skye Bioscience, Inc. - Common Stock",NASDAQ,N,N,SKYE,Active
SKYH,Sky Harbour Group Corporation Class A Common Stock,NYSE,N,N,SKYH,Active
SKYQ,Sky Quarry Inc. - Common Stock,NASDAQ,N,N,SKYQ,Active
SKYT,"SkyWater Technology, Inc. - Common Stock",NASDAQ,N,N,SKYT,Active
SKYW,"SkyWest, Inc. - Common Stock",NASDAQ,N,N,SKYW,Active
SKYX,SKYX Platforms Corp. - Common Stock,NASDAQ,N,N,SKYX,Active
SLAB,"Silicon Laboratories, Inc. - Common Stock",NASDAQ,N,N,SLAB,Active
SLB,SLB Limited Common Shares,NYSE,N,N,SLB,Active
SLBT,SL Science Holding Limited - Ordinary Shares,NASDAQ,N,N,SLBT,Active
SLDB,Solid Biosciences Inc. - Common Stock,NASDAQ,N,N,SLDB,Active
SLDE,"Slide Insurance Holdings, Inc. - Common Stock",NASDAQ,N,N,SLDE,Active
SLDP,"Solid Power, Inc. - Class A Common Stock",NASDAQ,N,N,SLDP,Active
SLE,"Super League Enterprise, Inc. - Common Stock",NASDAQ,N,N,SLE,Active
SLF,Sun Life Financial Inc. Common Stock,NYSE,N,N,SLF,Active
SLG,SL Green Realty Corp Common Stock,NYSE,N,N,SLG,Active
SLGB,Smart Logistics Global Limited - Class A Ordinary Shares,NASDAQ,N,N,SLGB,Active
SLGL,Sol-Gel Technologies Ltd. - Ordinary Shares,NASDAQ,N,N,SLGL,Active
SLGN,Silgan Holdings Inc. Common Stock,NYSE,N,N,SLGN,Active
SLI,Standard Lithium Ltd. Common Shares,NYSE American,N,N,SLI,Active
SLM,SLM Corporation - Common Stock,NASDAQ,N,N,SLM,Active
SLMT,Brera Holdings PLC - Class B Ordinary Shares,NASDAQ,N,N,SLMT,Active
SLN,Silence Therapeutics Plc - American Depository Share,NASDAQ,N,N,SLN,Active
SLND,"Southland Holdings, Inc. Common Stock",NYSE American,N,N,SLND,Active
SLNG,"Stabilis Solutions, Inc. - Common Stock",NASDAQ,N,N,SLNG,Active
SLNH,"Soluna Holdings, Inc. - Common Stock",NASDAQ,N,N,SLNH,Active
SLP,"Simulations Plus, Inc. - Common Stock",NASDAQ,N,N,SLP,Active
SLQT,"SelectQuote, Inc. Common Stock",NYSE,N,N,SLQT,Active
SLS,"SELLAS Life Sciences Group, Inc.  - Common Stock",NASDAQ,N,N,SLS,Active
SLSN,"Solesence, Inc. - Common stock",NASDAQ,N,N,SLSN,Active
SLSR,Solaris Resources Inc. Common Shares,NYSE American,N,N,SLSR,Active
SLVM,Sylvamo Corporation Common Stock,NYSE,N,N,SLVM,Active
SLXN,Silexion Therapeutics Corp - Ordinary Shares,NASDAQ,N,N,SLXN,Active
SM,SM Energy Company Common Stock,NYSE,N,N,SM,Active
SMA,"SmartStop Self Storage REIT, Inc. Common Stock",NYSE,N,N,SMA,Active
SMBC,"Southern Missouri Bancorp, Inc. - Common Stock",NASDAQ,N,N,SMBC,Active
SMBK,"SmartFinancial, Inc. Common Stock",NYSE,N,N,SMBK,Active
SMC,Summit Midstream Corporation Common Stock,NYSE,N,N,SMC,Active
SMCI,"Super Micro Computer, Inc. - Common Stock",NASDAQ,N,N,SMCI,Active
SMG,Scotts Miracle-Gro Company (The) Common Stock,NYSE,N,N,SMG,Active
SMHI,SEACOR Marine Holdings Inc. Common Stock ,NYSE,N,N,SMHI,Active
SMID,Smith-Midland Corporation - Common Stock,NASDAQ,N,N,SMID,Active
SMJF,SMJ International Holdings Inc. Class A Ordinary Shares,NYSE American,N,N,SMJF,Active
SMMT,Summit Therapeutics Inc.  - Common Stock,NASDAQ,N,N,SMMT,Active
SMP,"Standard Motor Products, Inc. Common Stock",NYSE,N,N,SMP,Active
SMPL,The Simply Good Foods Company - Common Stock,NASDAQ,N,N,SMPL,Active
SMR,NuScale Power Corporation Class A Common Stock,NYSE,N,N,SMR,Active
SMRT,"SmartRent, Inc. Class A Common Stock",NYSE,N,N,SMRT,Active
SMSI,"Smith Micro Software, Inc. - Common Stock",NASDAQ,N,N,SMSI,Active
SMTC,Semtech Corporation - Common Stock,NASDAQ,N,N,SMTC,Active
SMTI,Sanara MedTech Inc. - Common Stock,NASDAQ,N,N,SMTI,Active
SMTK,"SmartKem, Inc. - Common Stock",NASDAQ,N,N,SMTK,Active
SMWB,Similarweb Ltd. Ordinary Shares,NYSE,N,N,SMWB,Active
SMX,SMX (Security Matters) Public Limited Company - Ordinary Shares,NASDAQ,N,N,SMX,Active
SMXT,Solarmax Technology Inc. - Common Stock,NASDAQ,N,N,SMXT,Active
SN,"SharkNinja, Inc. Ordinary Shares",NYSE,N,N,SN,Active
SNA,Snap-On Incorporated Common Stock,NYSE,N,N,SNA,Active
SNAL,"Snail, Inc. - Class A Common Stock",NASDAQ,N,N,SNAL,Active
SNAP,Snap Inc. Class A Common Stock,NYSE,N,N,SNAP,Active
SND,"Smart Sand, Inc. - Common Stock",NASDAQ,N,N,SND,Active
SNDA,"Sonida Senior Living, Inc. Common Stock",NYSE,N,N,SNDA,Active
SNDK,Sandisk Corporation - Common Stock When-Issued,NASDAQ,N,N,SNDK,Active
SNDL,SNDL Inc. - Common Shares,NASDAQ,N,N,SNDL,Active
SNDR,"Schneider National, Inc. Common Stock",NYSE,N,N,SNDR,Active
SNDX,"Syndax Pharmaceuticals, Inc. - Common Stock",NASDAQ,N,N,SNDX,Active
SNES,"SenesTech, Inc. - Common Stock",NASDAQ,N,N,SNES,Active
SNEX,StoneX Group Inc. - Common Stock,NASDAQ,N,N,SNEX,Active
SNFCA,Security National Financial Corporation - Class A Common Stock,NASDAQ,N,N,SNFCA,Active
SNGX,"Soligenix, Inc. - Common Stock",NASDAQ,N,N,SNGX,Active
SNN,"Smith & Nephew SNATS, Inc. Common Stock",NYSE,N,N,SNN,Active
SNOA,"Sonoma Pharmaceuticals, Inc. - Common Stock",NASDAQ,N,N,SNOA,Active
SNOW,Snowflake Inc. Common Stock,NYSE,N,N,SNOW,Active
SNPS,"Synopsys, Inc. - Common Stock",NASDAQ,N,N,SNPS,Active
SNT,Senstar Technologies Corporation - Common Shares,NASDAQ,N,N,SNT,Active
SNTG,Sentage Holdings Inc. - Class A Ordinary Shares,NASDAQ,N,N,SNTG,Active
SNTI,"Senti Biosciences Holdings, Inc. - Common Stock",NASDAQ,N,N,SNTI,Active
SNWV,"SANUWAVE Health, Inc. - Common Stock",NASDAQ,N,N,SNWV,Active
SNX,TD SYNNEX Corporation Common Stock,NYSE,N,N,SNX,Active
SNYR,Synergy CHC Corp. - Common Stock,NASDAQ,N,N,SNYR,Active
SO,Southern Company (The) Common Stock,NYSE,N,N,SO,Active
SOAR,"Volato Group, Inc. Class A Common Stock",NYSE American,N,N,SOAR,Active
SOBO,South Bow Corporation Common Shares,NYSE,N,N,SOBO,Active
SOBR,"SOBR Safe, Inc. - Common Stock",NASDAQ,N,N,SOBR,Active
SOC,Sable Offshore Corp. Common Stock,NYSE,N,N,SOC,Active
SOCA,Solarius Capital Acquisition Corp. - Class A Ordinary Share,NASDAQ,N,N,SOCA,Active
SOFI,"SoFi Technologies, Inc.  - Common Stock",NASDAQ,N,N,SOFI,Active
SOLS,Solstice Advanced Materials Inc. - Common Stock,NASDAQ,N,N,SOLS,Active
SOLV,Solventum Corporation Common Stock,NYSE,N,N,SOLV,Active
SON,Sonoco Products Company Common Stock,NYSE,N,N,SON,Active
SONM,"DNA X, Inc. - Common Stock",NASDAQ,N,N,SONM,Active
SONO,"Sonos, Inc. - Common Stock",NASDAQ,N,N,SONO,Active
SOPH,SOPHiA GENETICS SA - Ordinary Shares,NASDAQ,N,N,SOPH,Active
SOR,"Source Capital, Inc. Cmn Shs of BI",NYSE,N,N,SOR,Active
SORA,AsiaStrategy - Ordinary Shares,NASDAQ,N,N,SORA,Active
SORN,Soren Acquisition Corp. - Class A Ordinary Shares,NASDAQ,N,N,SORN,Active
SOS,SOS Limited Class A Ordinary Shares,NYSE,N,N,SOS,Active
SOTK,Sono-Tek Corporation - Common Stock,NASDAQ,N,N,SOTK,Active
SOUL,Soulpower Acquisition Corporation Class A Ordinary Shares,NYSE,N,N,SOUL,Active
SOUN,"SoundHound AI, Inc. - Class A Common Stock",NASDAQ,N,N,SOUN,Active
SOWG,Sow Good Inc. - Common Stock,NASDAQ,N,N,SOWG,Active
SPAI,Safe Pro Group Inc. - Common Stock,NASDAQ,N,N,SPAI,Active
SPB,"Spectrum Brands Holdings, Inc. Common Stock",NYSE,N,N,SPB,Active
SPCB,"SuperCom, Ltd. - Ordinary Shares",NASDAQ,N,N,SPCB,Active
SPCE,"Virgin Galactic Holdings, Inc. Common Stock",NYSE,N,N,SPCE,Active
SPCX,Space Exploration Technologies Corp. - Class A Common Stock,NASDAQ,N,N,SPCX,Active
SPEG,Silver Pegasus Acquisition Corp - Class A Ordinary Shares,NASDAQ,N,N,SPEG,Active
SPFI,"South Plains Financial, Inc. - Common Stock",NASDAQ,N,N,SPFI,Active
SPG,"Simon Property Group, Inc. Common Stock",NYSE,N,N,SPG,Active
SPGI,S&P Global Inc. Common Stock,NYSE,N,N,SPGI,Active
SPH,"Suburban Propane Partners, L.P. Common Stock",NYSE,N,N,SPH,Active
SPHL,Springview Holdings Ltd - Ordinary shares,NASDAQ,N,N,SPHL,Active
SPHR,Sphere Entertainment Co. Class A Common Stock,NYSE,N,N,SPHR,Active
SPIR,"Spire Global, Inc. Class A Common Stock",NYSE,N,N,SPIR,Active
SPKL,Spark I Acquisition Corp. - Class A Ordinary Share,NASDAQ,N,N,SPKL,Active
SPMC,"Sound Point Meridian Capital, Inc. Common Stock",NYSE,N,N,SPMC,Active
SPNT,SiriusPoint Ltd. Common Shares,NYSE,N,N,SPNT,Active
SPOK,"Spok Holdings, Inc. - Common Stock",NASDAQ,N,N,SPOK,Active
SPOT,Spotify Technology S.A. Ordinary Shares,NYSE,N,N,SPOT,Active
SPPL,SIMPPLE LTD. - Ordinary Shares,NASDAQ,N,N,SPPL,Active
SPRB,"Spruce Biosciences, Inc. - Common Stock",NASDAQ,N,N,SPRB,Active
SPRC,SciSparc Ltd. - Ordinary Shares,NASDAQ,N,N,SPRC,Active
SPRO,"Spero Therapeutics, Inc. - Common Stock",NASDAQ,N,N,SPRO,Active
SPRU,Spruce Power Holding Corporation Class A Common Stock,NYSE,N,N,SPRU,Active
SPRY,"ARS Pharmaceuticals, Inc. - Common Stock",NASDAQ,N,N,SPRY,Active
SPSC,"SPS Commerce, Inc. - Common Stock",NASDAQ,N,N,SPSC,Active
SPT,"Sprout Social, Inc - Class A Common Stock",NASDAQ,N,N,SPT,Active
SPTX,"Seaport Therapeutics, Inc. - Common Stock",NASDAQ,N,N,SPTX,Active
SPWH,"Sportsman's Warehouse Holdings, Inc. - Common Stock",NASDAQ,N,N,SPWH,Active
SPWR,SunPower Inc. - Common Stock,NASDAQ,N,N,SPWR,Active
SPXC,"SPX Technologies, Inc. Common Stock",NYSE,N,N,SPXC,Active
SQFT,"Presidio Property Trust, Inc. - Class A Common Stock",NASDAQ,N,N,SQFT,Active
SQFTW,"Presidio Property Trust, Inc. - Series A Common Stock Purchase Warrants",NASDAQ,N,N,SQFTW,Active
SQM,Sociedad Quimica y Minera S.A. Common Stock,NYSE,N,N,SQM,Active
SR,Spire Inc. Common Stock,NYSE,N,N,SR,Active
SRAD,Sportradar Group AG - Class A Ordinary Shares,NASDAQ,N,N,SRAD,Active
SRBK,"SR Bancorp, Inc. - Common stock",NASDAQ,N,N,SRBK,Active
SRCE,1st Source Corporation - Common Stock,NASDAQ,N,N,SRCE,Active
SRE,DBA Sempra Common Stock,NYSE,N,N,SRE,Active
SRFM,Surf Air Mobility Inc. Common Stock,NYSE,N,N,SRFM,Active
SRG,Seritage Growth Properties Class A Common Stock,NYSE,N,N,SRG,Active
SRI,"Stoneridge, Inc. Common Stock",NYSE,N,N,SRI,Active
SRL,Scully Royalty Ltd.,NYSE,N,N,SRL,Active
SRPT,"Sarepta Therapeutics, Inc. - Common Stock",NASDAQ,N,N,SRPT,Active
SRRK,Scholar Rock Holding Corporation - Common Stock,NASDAQ,N,N,SRRK,Active
SRTA,"Strata Critical Medical, Inc. - Class A Common Stock",NASDAQ,N,N,SRTA,Active
SRTS,"Sensus Healthcare, Inc. - Common Stock",NASDAQ,N,N,SRTS,Active
SRXH,SRX Global Inc. Common Stock,NYSE American,N,N,SRXH,Active
SRZN,"Surrozen, Inc. - Common Stock",NASDAQ,N,N,SRZN,Active
SSAC,SPACSphere Acquisition Corp. - Class A Ordinary Shares,NASDAQ,N,N,SSAC,Active
SSB,SouthState Bank Corporation Common Stock,NYSE,N,N,SSB,Active
SSBI,Summit State Bank - Common Stock,NASDAQ,N,N,SSBI,Active
SSD,"Simpson Manufacturing Company, Inc. Common Stock",NYSE,N,N,SSD,Active
SSEA,Starry Sea Acquisition Corp - Ordinary Shares,NASDAQ,N,N,SSEA,Active
SSII,SS Innovations International Inc. - Common Stock,NASDAQ,N,N,SSII,Active
SSM,Sono Group N.V. - Ordinary Shares,NASDAQ,N,N,SSM,Active
SSMR,Sunshine Silver Mining & Refining Company Common Stock,NYSE,N,N,SSMR,Active
SSNC,"SS&C Technologies Holdings, Inc. - Common Stock",NASDAQ,N,N,SSNC,Active
SSP,E.W. Scripps Company (The) - Class A Common Stock,NASDAQ,N,N,SSP,Active
SSRM,SSR Mining Inc. - Common Stock,NASDAQ,N,N,SSRM,Active
SST,"System1, Inc. Class A Common Stock",NYSE,N,N,SST,Active
SSTI,"SoundThinking, Inc. - Common Stock",NASDAQ,N,N,SSTI,Active
SSTK,"Shutterstock, Inc. Common Stock",NYSE,N,N,SSTK,Active
SSYS,"Stratasys, Ltd. - Common Stock",NASDAQ,N,N,SSYS,Active
ST,Sensata Technologies Holding plc Ordinary Shares,NYSE,N,N,ST,Active
STAA,STAAR Surgical Company - Common Stock,NASDAQ,N,N,STAA,Active
STAG,"Stag Industrial, Inc. Common Stock",NYSE,N,N,STAG,Active
STAK,STAK Inc. - Class A Ordinary Shares,NASDAQ,N,N,STAK,Active
STBA,"S&T Bancorp, Inc. - Common Stock",NASDAQ,N,N,STBA,Active
STC,Stewart Information Services Corporation Common Stock,NYSE,N,N,STC,Active
STDN,"Standard Nuclear, Inc. Class A Common Stock",NYSE,N,N,STDN,Active
STE,STERIS plc (Ireland) Ordinary Shares,NYSE,N,N,STE,Active
STEM,"Stem, Inc. Class A Common Stock",NYSE,N,N,STEM,Active
STEP,StepStone Group Inc. - Class A Common Stock,NASDAQ,N,N,STEP,Active
STEX,Streamex Corp. - Common Stock,NASDAQ,N,N,STEX,Active
STFS,Star Fashion Culture Holdings Limited - Class A Ordinary Shares,NASDAQ,N,N,STFS,Active
STGW,Stagwell Inc. - Class A Common Stock,NASDAQ,N,N,STGW,Active
STI,"Solidion Technology, Inc. - Common Stock",NASDAQ,N,N,STI,Active
STIM,"Neuronetics, Inc. - Common Stock",NASDAQ,N,N,STIM,Active
STKE,Sol Strategies Inc. - Common Shares,NASDAQ,N,N,STKE,Active
STKS,"The ONE Group Hospitality, Inc. - Common Stock",NASDAQ,N,N,STKS,Active
STLA,Stellantis N.V. Common Shares,NYSE,N,N,STLA,Active
STLD,"Steel Dynamics, Inc. - Common Stock",NASDAQ,N,N,STLD,Active
STM,STMicroelectronics N.V. Common Stock,NYSE,N,N,STM,Active
STN,Stantec Inc Common Stock,NYSE,N,N,STN,Active
STNE,StoneCo Ltd. - Class A Common Share,NASDAQ,N,N,STNE,Active
STNG,Scorpio Tankers Inc. Common Shares,NYSE,N,N,STNG,Active
STOK,"Stoke Therapeutics, Inc. - Common Stock",NASDAQ,N,N,STOK,Active
STRA,"Strategic Education, Inc. - Common Stock",NASDAQ,N,N,STRA,Active
STRL,"Sterling Infrastructure, Inc. - Common Stock",NASDAQ,N,N,STRL,Active
STRO,"Sutro Biopharma, Inc. - Common Stock",NASDAQ,N,N,STRO,Active
STRR,"Star Equity Holdings, Inc. - Common Stock",NASDAQ,N,N,STRR,Active
STRS,Stratus Properties Inc. - Common Stock,NASDAQ,N,N,STRS,Active
STRT,STRATTEC SECURITY CORPORATION - Common Stock,NASDAQ,N,N,STRT,Active
STRW,"Strawberry Fields REIT, Inc. Common Stock",NYSE American,N,N,STRW,Active
STRZ,Starz Entertainment Corp. - Common Shares,NASDAQ,N,N,STRZ,Active
STT,State Street Corporation Common Stock,NYSE,N,N,STT,Active
STTK,"Shattuck Labs, Inc. - Common Stock",NASDAQ,N,N,STTK,Active
STUB,"StubHub Holdings, Inc. Class A Common Stock",NYSE,N,N,STUB,Active
STVN,Stevanato Group S.p.A. Ordinary Shares,NYSE,N,N,STVN,Active
STWD,"STARWOOD PROPERTY TRUST, INC. Starwood Property Trust Inc.",NYSE,N,N,STWD,Active
STX,Seagate Technology Holdings PLC - Ordinary Shares (Ireland),NASDAQ,N,N,STX,Active
STXS,"Stereotaxis, Inc. Common Stock",NYSE American,N,N,STXS,Active
STZ,"Constellation Brands, Inc. Common Stock",NYSE,N,N,STZ,Active
SU,Suncor Energy  Inc. Common Stock,NYSE,N,N,SU,Active
SUGP,SU Group Holdings Limited - Class A Ordinary Shares,NASDAQ,N,N,SUGP,Active
SUI,"Sun Communities, Inc. Common Stock",NYSE,N,N,SUI,Active
SUIG,Sui Group Holdings Limited - Common Stock,NASDAQ,N,N,SUIG,Active
SUJA,"Suja Life, Inc. - Class A Common Stock",NASDAQ,N,N,SUJA,Active
SUMA,SUMA Acquisition Corporation - Class A Ordinary Shares,NASDAQ,N,N,SUMA,Active
SUNB,"Sunbelt Rentals Holdings, Inc. Common Stock",NYSE,N,N,SUNB,Active
SUNE,"SUNation Energy, Inc. - Common Stock",NASDAQ,N,N,SUNE,Active
SUNS,"Sunrise Realty Trust, Inc. - Common Stock",NASDAQ,N,N,SUNS,Active
SUPN,"Supernus Pharmaceuticals, Inc. - Common Stock",NASDAQ,N,N,SUPN,Active
SUPX,SuperX AI Technology Limited - Ordinary Shares,NASDAQ,N,N,SUPX,Active
SURG,"SurgePays, Inc. - Common Stock",NASDAQ,N,N,SURG,Active
SVA,"Sinovac Biotech, Ltd. - Ordinary Shares (Antigua/Barbudo)",NASDAQ,N,N,SVA,Active
SVAQ,Silicon Valley Acquisition Corp. - Class A Ordinary Shares,NASDAQ,N,N,SVAQ,Active
SVAQW,Silicon Valley Acquisition Corp. - Warrants,NASDAQ,N,N,SVAQW,Active
SVCC,Stellar V Capital Corp. - Class A Ordinary Shares,NASDAQ,N,N,SVCC,Active
SVCO,"Silvaco Group, Inc. - Common Stock",NASDAQ,N,N,SVCO,Active
SVIV,Spring Valley Acquisition Corp. IV - Class A Ordinary Shares,NASDAQ,N,N,SVIV,Active
SVIVW,Spring Valley Acquisition Corp. IV - Warrants,NASDAQ,N,N,SVIVW,Active
SVM,Silvercorp Metals Inc. Common Shares,NYSE American,N,N,SVM,Active
SVRA,"Savara, Inc. - Common Stock",NASDAQ,N,N,SVRA,Active
SVRN,OceanPal Inc. - Common Stock,NASDAQ,N,N,SVRN,Active
SVV,"Savers Value Village, Inc. Common Stock",NYSE,N,N,SVV,Active
SW,Smurfit WestRock plc Ordinary Shares,NYSE,N,N,SW,Active
SWAG,"Stran & Company, Inc. - Common Stock",NASDAQ,N,N,SWAG,Active
SWBI,"Smith & Wesson Brands, Inc. - Common Stock",NASDAQ,N,N,SWBI,Active
SWIM,"Latham Group, Inc. - Common Stock",NASDAQ,N,N,SWIM,Active
SWK,"Stanley Black & Decker, Inc. Common Stock",NYSE,N,N,SWK,Active
SWKS,"Skyworks Solutions, Inc. - Common Stock",NASDAQ,N,N,SWKS,Active
SWMR,"Swarmer, Inc - common stock",NASDAQ,N,N,SWMR,Active
SWVL,Swvl Holdings Corp - Ordinary Shares,NASDAQ,N,N,SWVL,Active
SWX,"Southwest Gas Holdings, Inc. Common Stock (DE)",NYSE,N,N,SWX,Active
SXC,"SunCoke Energy, Inc. Common Stock",NYSE,N,N,SXC,Active
SXI,Standex International Corporation Common Stock,NYSE,N,N,SXI,Active
SXT,Sensient Technologies Corporation Common Stock,NYSE,N,N,SXT,Active
SXTC,"China SXT Pharmaceuticals, Inc. - Class A Ordinary Shares",NASDAQ,N,N,SXTC,Active
SXTP,"60 Degrees Pharmaceuticals, Inc. - Common Stock",NASDAQ,N,N,SXTP,Active
SY,So-Young International Inc. - American Depository Shares,NASDAQ,N,N,SY,Active
SYBT,"Stock Yards Bancorp, Inc. - Common Stock",NASDAQ,N,N,SYBT,Active
SYF,Synchrony Financial Common Stock,NYSE,N,N,SYF,Active
SYK,Stryker Corporation Common Stock,NYSE,N,N,SYK,Active
SYM,Symbotic Inc. - Class A Common Stock,NASDAQ,N,N,SYM,Active
SYNA,Synaptics Incorporated - Common Stock,NASDAQ,N,N,SYNA,Active
SYNX,Silynxcom Ltd. Ordinary Shares,NYSE American,N,N,SYNX,Active
SYPR,"Sypris Solutions, Inc. - Common Stock",NASDAQ,N,N,SYPR,Active
SYRE,"Spyre Therapeutics, Inc. - Common Stock",NASDAQ,N,N,SYRE,Active
SYY,Sysco Corporation Common Stock,NYSE,N,N,SYY,Active
SZZL,Sizzle Acquisition Corp. II - Class A ordinary shares,NASDAQ,N,N,SZZL,Active
T,AT&T Inc.,NYSE,N,N,T,Active
TAC,TransAlta Corporation Ordinary Shares,NYSE,N,N,TAC,Active
TACH,Titan Acquisition Corp. - Class A Ordinary Shares,NASDAQ,N,N,TACH,Active
TACHW,Titan Acquisition Corp. - Warrants,NASDAQ,N,N,TACHW,Active
TACO,Berto Acquisition Corp. - Ordinary Shares,NASDAQ,N,N,TACO,Active
TACT,TransAct Technologies Incorporated - Common Stock,NASDAQ,N,N,TACT,Active
TALK,"Talkspace, Inc. - Common Stock",NASDAQ,N,N,TALK,Active
TALO,"Talos Energy, Inc. Common Stock",NYSE,N,N,TALO,Active
TANH,Tantech Holdings Ltd. - Class A Common Shares,NASDAQ,N,N,TANH,Active
TAOP,Taoping Inc. - Ordinary Shares,NASDAQ,N,N,TAOP,Active
TAOX,Tao Synergies Inc. - Common Stock,NASDAQ,N,N,TAOX,Active
TAP,Molson Coors Beverage Company Class B Common Stock,NYSE,N,N,TAP,Active
TARA,"Protara Therapeutics, Inc.  - Common Stock",NASDAQ,N,N,TARA,Active
TARS,"Tarsus Pharmaceuticals, Inc. - Common Stock",NASDAQ,N,N,TARS,Active
TASK,"TaskUs, Inc. - Class A Common Stock",NASDAQ,N,N,TASK,Active
TATT,TAT Technologies Ltd. - Ordinary Shares,NASDAQ,N,N,TATT,Active
TAVI,Tavia Acquisition Corp. - Ordinary Shares,NASDAQ,N,N,TAVI,Active
TAYD,"Taylor Devices, Inc. - Common Stock",NASDAQ,N,N,TAYD,Active
TBBB,BBB Foods Inc. Class A Common Shares,NYSE,N,N,TBBB,Active
TBBK,"The Bancorp, Inc. - Common Stock",NASDAQ,N,N,TBBK,Active
TBCH,Turtle Beach Corporation - Common Stock,NASDAQ,N,N,TBCH,Active
TBI,"TrueBlue, Inc. Common Stock",NYSE,N,N,TBI,Active
TBLA,Taboola.com Ltd. - Ordinary Shares,NASDAQ,N,N,TBLA,Active
TBN,Tamboran Resources Corporation Common stock,NYSE,N,N,TBN,Active
TBPH,"Theravance Biopharma, Inc. - Ordinary Shares",NASDAQ,N,N,TBPH,Active
TCBI,"Texas Capital Bancshares, Inc. - Common Stock",NASDAQ,N,N,TCBI,Active
TCBK,TriCo Bancshares - Common Stock,NASDAQ,N,N,TCBK,Active
TCBS,"Texas Community Bancshares, Inc. - Common Stock",NASDAQ,N,N,TCBS,Active
TCBX,"Third Coast Bancshares, Inc. Common Stock",NYSE,N,N,TCBX,Active
TCI,"Transcontinental Realty Investors, Inc. Common Stock",NYSE,N,N,TCI,Active
TCMD,"Tactile Systems Technology, Inc. - Common Stock",NASDAQ,N,N,TCMD,Active
TCRT,"Alaunos Therapeutics, Inc. - Common Stock",NASDAQ,N,N,TCRT,Active
TCRX,"TScan Therapeutics, Inc. - Common Stock",NASDAQ,N,N,TCRX,Active
TCX,Tucows Inc. - Common Stock,NASDAQ,N,N,TCX,Active
TD,Toronto Dominion Bank (The) Common Stock,NYSE,N,N,TD,Active
TDAC,Translational Development Acquisition Corp. - Ordinary Shares,NASDAQ,N,N,TDAC,Active
TDACW,Translational Development Acquisition Corp. - Warrants,NASDAQ,N,N,TDACW,Active
TDAY,"USA TODAY Co., Inc. Common Stock",NYSE,N,N,TDAY,Active
TDC,Teradata Corporation Common Stock,NYSE,N,N,TDC,Active
TDG,Transdigm Group Incorporated Common Stock,NYSE,N,N,TDG,Active
TDIC,Dreamland Limited - Class A Ordinary Shares,NASDAQ,N,N,TDIC,Active
TDOC,"Teladoc Health, Inc. Common Stock",NYSE,N,N,TDOC,Active
TDS,"Telephone and Data Systems, Inc. Common Shares",NYSE,N,N,TDS,Active
TDTH,Trident Digital Tech Holdings Ltd - Class B Ordinary Shares,NASDAQ,N,N,TDTH,Active
TDUP,ThredUp Inc. - Class A Common Stock,NASDAQ,N,N,TDUP,Active
TDW,Tidewater Inc. Common Stock,NYSE,N,N,TDW,Active
TDWD,Tailwind 2.0 Acquisition Corp. - Class A Ordinary Shares,NASDAQ,N,N,TDWD,Active
TDY,Teledyne Technologies Incorporated Common Stock,NYSE,N,N,TDY,Active
TE,T1 Energy Inc. Common Stock,NYSE,N,N,TE,Active
TEAD,Teads Holding Co. - Common Stock,NASDAQ,N,N,TEAD,Active
TEAM,Atlassian Corporation  - Class A Common Stock,NASDAQ,N,N,TEAM,Active
TECH,Bio-Techne Corp - Common Stock,NASDAQ,N,N,TECH,Active
TECK,Teck Resources Ltd Ordinary Shares,NYSE,N,N,TECK,Active
TECX,"Tectonic Therapeutic, Inc. - Common Stock",NASDAQ,N,N,TECX,Active
TEL,TE Connectivity plc Ordinary Shares,NYSE,N,N,TEL,Active
TELA,"TELA Bio, Inc. - Common stock",NASDAQ,N,N,TELA,Active
TELO,"Telomir Pharmaceuticals, Inc. - Common Stock",NASDAQ,N,N,TELO,Active
TEM,"Tempus AI, Inc. - Class A Common Stock",NASDAQ,N,N,TEM,Active
TEN,Tsakos Energy Navigation Ltd Common Shares,NYSE,N,N,TEN,Active
TENB,"Tenable Holdings, Inc. - Common Stock",NASDAQ,N,N,TENB,Active
TENX,"Tenax Therapeutics, Inc. - Common Stock",NASDAQ,N,N,TENX,Active
TEO,Telecom Argentina SA,NYSE,N,N,TEO,Active
TER,"Teradyne, Inc. - Common Stock",NASDAQ,N,N,TER,Active
TEX,Terex Corporation Common Stock,NYSE,N,N,TEX,Active
TFC,Truist Financial Corporation Common Stock,NYSE,N,N,TFC,Active
TFII,TFI International Inc. Common Shares,NYSE,N,N,TFII,Active
TFIN,"Triumph Financial, Inc. Common Stock",NYSE,N,N,TFIN,Active
TFPM,Triple Flag Precious Metals Corp. Common Shares,NYSE,N,N,TFPM,Active
TFSL,TFS Financial Corporation - Common Stock,NASDAQ,N,N,TFSL,Active
TFX,Teleflex Incorporated Common Stock,NYSE,N,N,TFX,Active
TG,Tredegar Corporation Common Stock,NYSE,N,N,TG,Active
TGB,Trekor Metals Limited Common Shares,NYSE American,N,N,TGB,Active
TGE,The Generation Essentials Group Class A Ordinary Shares,NYSE,N,N,TGE,Active
TGEN,Tecogen Inc. Common Stock,NYSE American,N,N,TGEN,Active
TGHL,The GrowHub Limited - Class A Ordinary Shares,NASDAQ,N,N,TGHL,Active
TGL,Treasure Global Inc. - Common Stock,NASDAQ,N,N,TGL,Active
TGLS,Tecnoglass Inc. Common Stock,NYSE,N,N,TGLS,Active
TGS,Transportadora de Gas del Sur SA TGS Common Stock,NYSE,N,N,TGS,Active
TGT,Target Corporation Common Stock,NYSE,N,N,TGT,Active
TGTX,"TG Therapeutics, Inc. - Common Stock",NASDAQ,N,N,TGTX,Active
TH,Target Hospitality Corp. - Common Stock,NASDAQ,N,N,TH,Active
THC,Tenet Healthcare Corporation Common Stock,NYSE,N,N,THC,Active
THCH,TH International Limited - Ordinary shares,NASDAQ,N,N,THCH,Active
THFF,First Financial Corporation  - Common Stock,NASDAQ,N,N,THFF,Active
THG,Hanover Insurance Group Inc,NYSE,N,N,THG,Active
THH,TryHard Holdings Limited - Ordinary Shares,NASDAQ,N,N,THH,Active
THM,"International Tower Hill Mines, Ltd. Ordinary Shares (Canada)",NYSE American,N,N,THM,Active
THO,"Thor Industries, Inc. Common Stock",NYSE,N,N,THO,Active
THRM,Gentherm Inc - Common Stock,NASDAQ,N,N,THRM,Active
THRY,"Thryv Holdings, Inc. - Common Stock",NASDAQ,N,N,THRY,Active
TIC,"TIC Solutions, Inc. Common Stock",NYSE,N,N,TIC,Active
TIGO,Millicom International Cellular S.A. - Common Stock,NASDAQ,N,N,TIGO,Active
TII,Titan Mining Corporation Common Shares,NYSE American,N,N,TII,Active
TIL,"Instil Bio, Inc. - Common Stock",NASDAQ,N,N,TIL,Active
TILE,"Interface, Inc. - Common Stock",NASDAQ,N,N,TILE,Active
TIPT,Tiptree Inc. - Common Stock,NASDAQ,N,N,TIPT,Active
TISI,"Team, Inc. Common Stock",NYSE,N,N,TISI,Active
TITN,Titan Machinery Inc. - Common Stock,NASDAQ,N,N,TITN,Active
TJGC,TJGC Group Limited - ordinary shares,NASDAQ,N,N,TJGC,Active
TJX,"TJX Companies, Inc. (The) Common Stock",NYSE,N,N,TJX,Active
TK,Teekay Corporation Ltd. Common Stock,NYSE,N,N,TK,Active
TKC,Turkcell Iletisim Hizmetleri AS Common Stock,NYSE,N,N,TKC,Active
TKNO,"Alpha Teknova, Inc. - Common Stock",NASDAQ,N,N,TKNO,Active
TKO,"TKO Group Holdings, Inc. Class A Common Stock",NYSE,N,N,TKO,Active
TKR,Timken Company (The) Common Stock,NYSE,N,N,TKR,Active
TLF,"Tandy Leather Factory, Inc. - common stock",NASDAQ,N,N,TLF,Active
TLIH,Ten-League International Holdings Limited - Ordinary Shares,NASDAQ,N,N,TLIH,Active
TLK,"PT Telekomunikasi Indonesia, Tbk",NYSE,N,N,TLK,Active
TLN,Talen Energy Corporation - Common Stock,NASDAQ,N,N,TLN,Active
TLNC,Talon Capital Corp. - Class A Ordinary Shares,NASDAQ,N,N,TLNC,Active
TLNCW,Talon Capital Corp. - Warrants,NASDAQ,N,N,TLNCW,Active
TLPH,"Talphera, Inc. - Common Stock",NASDAQ,N,N,TLPH,Active
TLRY,"Tilray Brands, Inc. - Common Stock",NASDAQ,N,N,TLRY,Active
TLS,Telos Corporation - Common Stock,NASDAQ,N,N,TLS,Active
TLSA,Tiziana Life Sciences Ltd - Common Shares,NASDAQ,N,N,TLSA,Active
TLSI,"TriSalus Life Sciences, Inc. - Common Stock",NASDAQ,N,N,TLSI,Active
TLYS,"Tilly's, Inc. Common Stock",NYSE,N,N,TLYS,Active
TM,Toyota Motor Corporation Common Stock,NYSE,N,N,TM,Active
TMC,TMC the metals company Inc. - Common Stock,NASDAQ,N,N,TMC,Active
TMCI,"Treace Medical Concepts, Inc. - Common Stock",NASDAQ,N,N,TMCI,Active
TMCR,The Metals Royalty Company Inc. - Common Stock,NASDAQ,N,N,TMCR,Active
TMDE,TMD Energy Limited Ordinary Shares,NYSE American,N,N,TMDE,Active
TMDX,"TransMedics Group, Inc. - Common Stock",NASDAQ,N,N,TMDX,Active
TMO,Thermo Fisher Scientific Inc Common Stock,NYSE,N,N,TMO,Active
TMP,Tompkins Financial Corporation Common Stock,NYSE American,N,N,TMP,Active
TMQ,Trilogy Metals Inc. Common Stock,NYSE American,N,N,TMQ,Active
TMS,Teamshares Inc. - Common Stock,NASDAQ,N,N,TMS,Active
TMSWW,Teamshares Inc. - Warrants,NASDAQ,N,N,TMSWW,Active
TMTS,Spartacus Acquisition Corp. II - Class A Ordinary Shares,NASDAQ,N,N,TMTS,Active
TMTSW,Spartacus Acquisition Corp. II - Warrants,NASDAQ,N,N,TMTSW,Active
TMUS,"T-Mobile US, Inc. - Common Stock",NASDAQ,N,N,TMUS,Active
TNC,Tennant Company Common Stock,NYSE,N,N,TNC,Active
TNDM,"Tandem Diabetes Care, Inc. - Common Stock",NASDAQ,N,N,TNDM,Active
TNET,"TriNet Group, Inc. Common Stock",NYSE,N,N,TNET,Active
TNGX,"Tango Therapeutics, Inc. - Common Stock",NASDAQ,N,N,TNGX,Active
TNK,Teekay Tankers Ltd.,NYSE,N,N,TNK,Active
TNL,Travel   Leisure Co. Common  Stock,NYSE,N,N,TNL,Active
TNMG,TNL Mediagene - Ordinary Shares,NASDAQ,N,N,TNMG,Active
TNON,"Tenon Medical, Inc. - Common Stock",NASDAQ,N,N,TNON,Active
TNXP,Tonix Pharmaceuticals Holding Corp. - Common Stock,NASDAQ,N,N,TNXP,Active
TNYA,"Tenaya Therapeutics, Inc. - Common Stock",NASDAQ,N,N,TNYA,Active
TOI,"The Oncology Institute, Inc. - Common Stock",NASDAQ,N,N,TOI,Active
TOL,"Toll Brothers, Inc. Common Stock",NYSE,N,N,TOL,Active
TOMZ,"TOMI Environmental Solutions, Inc. - Common Stock",NASDAQ,N,N,TOMZ,Active
TONX,TON Strategy Company - Common Stock,NASDAQ,N,N,TONX,Active
TOON,"Kartoon Studios, Inc. Common Stock",NYSE American,N,N,TOON,Active
TOP,TOP Financial Group Limited - Class A Ordinary Shares,NASDAQ,N,N,TOP,Active
TOPP,Toppoint Holdings Inc. Common Stock,NYSE American,N,N,TOPP,Active
TOPS,"TOP Ships, Inc. Common Stock",NYSE American,N,N,TOPS,Active
TORO,Toro Corp. - Common stock,NASDAQ,N,N,TORO,Active
TOST,"Toast, Inc. Class A Common Stock",NYSE,N,N,TOST,Active
TOVX,"Theriva Biologics, Inc. Common Stock",NYSE American,N,N,TOVX,Active
TOWN,Towne Bank - Common Stock,NASDAQ,N,N,TOWN,Active
TOYO,"TOYO Co., Ltd - Ordinary Shares",NASDAQ,N,N,TOYO,Active
TPB,"Turning Point Brands, Inc. Common Stock",NYSE,N,N,TPB,Active
TPC,Tutor Perini Corporation Common Stock,NYSE,N,N,TPC,Active
TPCS,TechPrecision Corporation - Common stock,NASDAQ,N,N,TPCS,Active
TPET,Trio Petroleum Corp. Common Stock,NYSE American,N,N,TPET,Active
TPG,TPG Inc. - Class A Common Stock,NASDAQ,N,N,TPG,Active
TPL,Texas Pacific Land Corporation Common Stock,NYSE,N,N,TPL,Active
TPR,"Tapestry, Inc. Common Stock",NYSE,N,N,TPR,Active
TPST,"Tempest Therapeutics, Inc. - Common Stock",NASDAQ,N,N,TPST,Active
TPVG,TriplePoint Venture Growth BDC Corp. Common Stock,NYSE,N,N,TPVG,Active
TR,"Tootsie Roll Industries, Inc. Common Stock",NYSE,N,N,TR,Active
TRAD,APEX Tech Acquisition Inc. Ordinary Shares,NYSE,N,N,TRAD,Active
TRAK,"ReposiTrak, Inc. Common Stock",NYSE,N,N,TRAK,Active
TRAW,"Traws Pharma, Inc. - Common Stock",NASDAQ,N,N,TRAW,Active
TRAX,"First Tracks Biotherapeutics, Inc. - Ordinary Shares",NASDAQ,N,N,TRAX,Active
TRC,Tejon Ranch Co Common Stock,NYSE,N,N,TRC,Active
TRDA,"Entrada Therapeutics, Inc. - Common Stock",NASDAQ,N,N,TRDA,Active
TREE,"LendingTree, Inc. - Common Stock",NASDAQ,N,N,TREE,Active
TREX,"Trex Company, Inc. Common Stock",NYSE,N,N,TREX,Active
TRGP,"Targa Resources, Inc. Common Stock",NYSE,N,N,TRGP,Active
TRGS,TRG Latin America Acquisitions Corp. - Class A Ordinary Shares,NASDAQ,N,N,TRGS,Active
TRI,Thomson Reuters Corp - Common Shares,NASDAQ,N,N,TRI,Active
TRIN,Trinity Capital Inc. - Common Stock,NASDAQ,N,N,TRIN,Active
TRIP,"TripAdvisor, Inc. - Common Stock",NASDAQ,N,N,TRIP,Active
TRLV,Trulieve Cannabis Corp. Subordinate Voting Shares,NYSE,N,N,TRLV,Active
TRMB,Trimble Inc. - Common Stock,NASDAQ,N,N,TRMB,Active
TRMD,TORM plc - Class A Common Stock,NASDAQ,N,N,TRMD,Active
TRMK,Trustmark Corporation - Common Stock,NASDAQ,N,N,TRMK,Active
TRN,"Trinity Industries, Inc. Common Stock",NYSE,N,N,TRN,Active
TRNO,Terreno Realty Corporation Common Stock,NYSE,N,N,TRNO,Active
TRNR,Interactive Strength Inc. - Common Stock,NASDAQ,N,N,TRNR,Active
TRNS,"Transcat, Inc. - Common Stock",NASDAQ,N,N,TRNS,Active
TRON,Tron Inc. - Common Stock,NASDAQ,N,N,TRON,Active
TROO,"TROOPS, Inc.  - Ordinary Shares",NASDAQ,N,N,TROO,Active
TROW,"T. Rowe Price Group, Inc. - Common Stock",NASDAQ,N,N,TROW,Active
TROX,Tronox Holdings plc Ordinary Shares (UK),NYSE,N,N,TROX,Active
TRP,TC Energy Corporation Common Stock,NYSE,N,N,TRP,Active
TRS,TriMas Corporation - Common Stock,NASDAQ,N,N,TRS,Active
TRSG,Tungray Technologies Inc - Class A Ordinary Shares,NASDAQ,N,N,TRSG,Active
TRST,TrustCo Bank Corp NY - Common Stock,NASDAQ,N,N,TRST,Active
TRT,Trio-Tech International Common Stock,NYSE American,N,N,TRT,Active
TRTX,"TPG RE Finance Trust, Inc. Common Stock",NYSE,N,N,TRTX,Active
TRU,TransUnion Common Stock,NYSE,N,N,TRU,Active
TRUG,"TruGolf Holdings, Inc. - Class A Common Stock",NASDAQ,N,N,TRUG,Active
TRUP,"Trupanion, Inc. - Common Stock",NASDAQ,N,N,TRUP,Active
TRV,"The Travelers Companies, Inc. Common Stock",NYSE,N,N,TRV,Active
TRVI,"Trevi Therapeutics, Inc. - Common Stock",NASDAQ,N,N,TRVI,Active
TRX,TRX Gold Corporation Common Stock,NYSE American,N,N,TRX,Active
TSAT,Telesat Corporation - Class A Common Shares and Class B Variable Voting Shares,NASDAQ,N,N,TSAT,Active
TSBK,"Timberland Bancorp, Inc. - Common Stock",NASDAQ,N,N,TSBK,Active
TSCO,Tractor Supply Company - Common Stock,NASDAQ,N,N,TSCO,Active
TSEM,Tower Semiconductor Ltd. - Ordinary Shares,NASDAQ,N,N,TSEM,Active
TSHA,"Taysha Gene Therapies, Inc. - Common Stock",NASDAQ,N,N,TSHA,Active
TSLA,"Tesla, Inc.  - Common Stock",NASDAQ,N,N,TSLA,Active
TSLX,"Sixth Street Specialty Lending, Inc. Common Stock",NYSE,N,N,TSLX,Active
TSM,Taiwan Semiconductor Manufacturing Company Ltd.,NYSE,N,N,TSM,Active
TSN,"Tyson Foods, Inc. Common Stock",NYSE,N,N,TSN,Active
TSQ,"Townsquare Media, Inc. Class A Common Stock",NYSE,N,N,TSQ,Active
TSSI,"TSS, Inc. - Common Stock",NASDAQ,N,N,TSSI,Active
TT,Trane Technologies plc,NYSE,N,N,TT,Active
TTAM,Titan America SA Common Shares,NYSE,N,N,TTAM,Active
TTAN,"ServiceTitan, Inc. - Class A Common Stock",NASDAQ,N,N,TTAN,Active
TTC,Toro Company (The) Common Stock,NYSE,N,N,TTC,Active
TTD,"The Trade Desk, Inc. - Class A Common Stock",NASDAQ,N,N,TTD,Active
TTE,TotalEnergies SE Ordinary Shares,NYSE,N,N,TTE,Active
TTEC,"TTEC Holdings, Inc. - Common Stock",NASDAQ,N,N,TTEC,Active
TTEK,"Tetra Tech, Inc. - Common Stock",NASDAQ,N,N,TTEK,Active
TTGT,"TechTarget, Inc. - Common Stock",NASDAQ,N,N,TTGT,Active
TTI,"Tetra Technologies, Inc. Common Stock",NYSE,N,N,TTI,Active
TTMI,"TTM Technologies, Inc. - Common Stock",NASDAQ,N,N,TTMI,Active
TTRX,Turn Therapeutics Inc. - Common Stock,NASDAQ,N,N,TTRX,Active
TTWO,"Take-Two Interactive Software, Inc. - Common Stock",NASDAQ,N,N,TTWO,Active
TU,Telus Corporation Ordinary Shares,NYSE,N,N,TU,Active
TULP,"Bloomia Holdings, Inc. - Common Stock",NASDAQ,N,N,TULP,Active
TUSK,"Mammoth Energy Services, Inc. - Common Stock",NASDAQ,N,N,TUSK,Active
TV,Grupo Televisa S.A.B. Common Stock,NYSE,N,N,TV,Active
TVA,Texas Ventures Acquisition III Corp - Class A Ordinary Share,NASDAQ,N,N,TVA,Active
TVACW,Texas Ventures Acquisition III Corp - Warrants,NASDAQ,N,N,TVACW,Active
TVAI,Thayer Ventures Acquisition Corporation II - Class A Ordinary Shares,NASDAQ,N,N,TVAI,Active
TVC,Tennessee Valley Authority Common Stock,NYSE,N,N,TVC,Active
TVE,Tennessee Valley Authority,NYSE,N,N,TVE,Active
TVGN,Tevogen Bio Holdings Inc. - Common Stock,NASDAQ,N,N,TVGN,Active
TVIV,Texas Ventures Acquisition IV Corp - Class A Ordinary Shares,NASDAQ,N,N,TVIV,Active
TVRD,"Tvardi Therapeutics, Inc. - Common Stock",NASDAQ,N,N,TVRD,Active
TVTX,"Travere Therapeutics, Inc. - Common Stock",NASDAQ,N,N,TVTX,Active
TW,Tradeweb Markets Inc. - Class A Common Stock,NASDAQ,N,N,TW,Active
TWAV,"TaoWeave, Inc. - Common Stock",NASDAQ,N,N,TWAV,Active
TWFG,"TWFG, Inc. - Common Stock",NASDAQ,N,N,TWFG,Active
TWG,Top Wealth Group Holding Limited - Class A Ordinary Shares,NASDAQ,N,N,TWG,Active
TWI,"Titan International, Inc. (DE) Common Stock",NYSE,N,N,TWI,Active
TWIN,"Twin Disc, Incorporated - Common Stock",NASDAQ,N,N,TWIN,Active
TWLO,Twilio Inc. Class A Common Stock,NYSE,N,N,TWLO,Active
TWLV,Twelve Seas Investment Company III - Class A Ordinary Shares,NASDAQ,N,N,TWLV,Active
TWO,Two Harbors Investment Corp,NYSE,N,N,TWO,Active
TWST,Twist Bioscience Corporation - Common Stock,NASDAQ,N,N,TWST,Active
TXG,"10x Genomics, Inc. - Common Stock",NASDAQ,N,N,TXG,Active
TXMD,"TherapeuticsMD, Inc. - Common Stock",NASDAQ,N,N,TXMD,Active
TXN,Texas Instruments Incorporated - Common Stock,NASDAQ,N,N,TXN,Active
TXNM,"TXNM Energy, Inc. Common Stock",NYSE,N,N,TXNM,Active
TXRH,"Texas Roadhouse, Inc. - Common Stock",NASDAQ,N,N,TXRH,Active
TXT,Textron Inc. Common Stock,NYSE,N,N,TXT,Active
TY,Tri Continental Corporation Common Stock,NYSE,N,N,TY,Active
TYG,Tortoise Energy Infrastructure Corporation Common Stock,NYSE,N,N,TYG,Active
TYGO,"Tigo Energy, Inc. - Common Stock",NASDAQ,N,N,TYGO,Active
TYL,"Tyler Technologies, Inc. Common Stock",NYSE,N,N,TYL,Active
TYRA,"Tyra Biosciences, Inc. - Common Stock",NASDAQ,N,N,TYRA,Active
TZOO,Travelzoo - Common Stock,NASDAQ,N,N,TZOO,Active
U,Unity Software Inc. Common Stock,NYSE,N,N,U,Active
UA,"Under Armour, Inc. Class C Common Stock",NYSE,N,N,UA,Active
UAA,"Under Armour, Inc. Class A Common Stock",NYSE,N,N,UAA,Active
UAC,United Acquisition Corp. I Class A Ordinary Shares,NYSE American,N,N,UAC,Active
UAL,"United Airlines Holdings, Inc. - Common Stock",NASDAQ,N,N,UAL,Active
UAMY,United States Antimony Corporation Common Stock,NYSE,N,N,UAMY,Active
UAVS,"AgEagle Aerial Systems, Inc. Common Stock",NYSE American,N,N,UAVS,Active
UBCP,"United Bancorp, Inc. - Common Stock",NASDAQ,N,N,UBCP,Active
UBER,"Uber Technologies, Inc. Common Stock",NYSE,N,N,UBER,Active
UBS,UBS Group AG Registered Ordinary Shares,NYSE,N,N,UBS,Active
UBSI,"United Bankshares, Inc. - Common Stock",NASDAQ,N,N,UBSI,Active
UCAR,U Power Limited - Class A Ordinary Shares,NASDAQ,N,N,UCAR,Active
UCB,"United Community Banks, Inc. Common Stock",NYSE,N,N,UCB,Active
UCFI,CN Healthy Food Tech Group Corp. - Common Stock,NASDAQ,N,N,UCFI,Active
UCTT,"Ultra Clean Holdings, Inc. - Common Stock",NASDAQ,N,N,UCTT,Active
UDR,"UDR, Inc. Common Stock",NYSE,N,N,UDR,Active
UEC,Uranium Energy Corp. Common Stock,NYSE American,N,N,UEC,Active
UEIC,Universal Electronics Inc. - Common Stock,NASDAQ,N,N,UEIC,Active
UFCS,"United Fire Group, Inc - Common Stock",NASDAQ,N,N,UFCS,Active
UFG,Uni-Fuels Holdings Limited - Class A Ordinary Shares,NASDAQ,N,N,UFG,Active
UFI,"Unifi, Inc. New Common Stock",NYSE,N,N,UFI,Active
UFPI,"UFP Industries, Inc. - Common Stock",NASDAQ,N,N,UFPI,Active
UFPT,"UFP Technologies, Inc. - Common Stock",NASDAQ,N,N,UFPT,Active
UG,"United-Guardian, Inc. - Common Stock",NASDAQ,N,N,UG,Active
UGI,UGI Corporation Common Stock,NYSE,N,N,UGI,Active
UHAL,U-Haul Holding Company Common Stock,NYSE,N,N,UHAL,Active
UHS,"Universal Health Services, Inc. Common Stock",NYSE,N,N,UHS,Active
UHT,Universal Health Realty Income Trust Common Stock,NYSE,N,N,UHT,Active
UI,Ubiquiti Inc. Common Stock,NYSE,N,N,UI,Active
UIS,Unisys Corporation New Common Stock,NYSE,N,N,UIS,Active
UK,Ucommune International Ltd  - Class A Ordinary Shares,NASDAQ,N,N,UK,Active
ULBI,Ultralife Corporation - Common Stock,NASDAQ,N,N,ULBI,Active
ULCC,"Frontier Group Holdings, Inc. - Common Stock",NASDAQ,N,N,ULCC,Active
ULH,"Universal Logistics Holdings, Inc. - Common Stock",NASDAQ,N,N,ULH,Active
ULS,UL Solutions Inc. Class A Common Stock,NYSE,N,N,ULS,Active
ULTA,"Ulta Beauty, Inc. - Common Stock",NASDAQ,N,N,ULTA,Active
UMAC,"Unusual Machines, Inc. Common Stock",NYSE American,N,N,UMAC,Active
UMBF,UMB Financial Corporation - Common Stock,NASDAQ,N,N,UMBF,Active
UMC,United Microelectronics Corporation (NEW) Common Stock,NYSE,N,N,UMC,Active
UMH,"UMH Properties, Inc. Common Stock",NYSE,N,N,UMH,Active
UNB,"Union Bankshares, Inc. - Common Stock",NASDAQ,N,N,UNB,Active
UNCY,"Unicycive Therapeutics, Inc. - Common Stock",NASDAQ,N,N,UNCY,Active
UNF,Unifirst Corporation Common Stock,NYSE,N,N,UNF,Active
UNFI,"United Natural Foods, Inc. Common Stock",NYSE,N,N,UNFI,Active
UNH,UnitedHealth Group Incorporated Common Stock (DE),NYSE,N,N,UNH,Active
UNIT,Uniti Group Inc. - Common Stock,NASDAQ,N,N,UNIT,Active
UNM,Unum Group Common Stock,NYSE,N,N,UNM,Active
UNP,Union Pacific Corporation Common Stock,NYSE,N,N,UNP,Active
UNTY,"Unity Bancorp, Inc. - Common Stock",NASDAQ,N,N,UNTY,Active
UONE,"Urban One, Inc.  - Class A Common Stock",NASDAQ,N,N,UONE,Active
UONEK,"Urban One, Inc.  - Class D Common Stock",NASDAQ,N,N,UONEK,Active
UP,Wheels Up Experience Inc. Class A Common Stock,NYSE,N,N,UP,Active
UPB,"Upstream Bio, Inc. - Common Stock",NASDAQ,N,N,UPB,Active
UPBD,"Upbound Group, Inc. - Common Stock",NASDAQ,N,N,UPBD,Active
UPC,Universe Pharmaceuticals Inc - Class A Ordinary Shares,NASDAQ,N,N,UPC,Active
UPLD,"Upland Software, Inc. - Common Stock",NASDAQ,N,N,UPLD,Active
UPS,"United Parcel Service, Inc. Common Stock",NYSE,N,N,UPS,Active
UPST,"Upstart Holdings, Inc. - Common stock",NASDAQ,N,N,UPST,Active
UPWK,Upwork Inc. - Common Stock,NASDAQ,N,N,UPWK,Active
UPXI,"Upexi, Inc. - Common Stock",NASDAQ,N,N,UPXI,Active
URBN,"Urban Outfitters, Inc. - Common Stock",NASDAQ,N,N,URBN,Active
URG,Ur Energy Inc Common Shares (Canada),NYSE American,N,N,URG,Active
URGN,UroGen Pharma Ltd. - Ordinary Shares,NASDAQ,N,N,URGN,Active
URI,"United Rentals, Inc. Common Stock",NYSE,N,N,URI,Active
UROY,Uranium Royalty Corp. - Common Stock,NASDAQ,N,N,UROY,Active
USAR,"USA Rare Earth, Inc. - Common Stock",NASDAQ,N,N,USAR,Active
USAS,"Americas Gold and Silver Corporation Common Shares, no par value",NYSE American,N,N,USAS,Active
USAU,U.S. Gold Corp. - Common Stock,NASDAQ,N,N,USAU,Active
USB,U.S. Bancorp Common Stock,NYSE,N,N,USB,Active
USBC,"USBC, Inc. Common Stock",NYSE American,N,N,USBC,Active
USCB,"USCB Financial Holdings, Inc.  - Class A Common Stock",NASDAQ,N,N,USCB,Active
USDE,StablecoinX Inc. - Class A Common Stock,NASDAQ,N,N,USDE,Active
USDEW,StablecoinX Inc. - Warrants,NASDAQ,N,N,USDEW,Active
USEA,United Maritime Corporation - Common Stock,NASDAQ,N,N,USEA,Active
USFD,US Foods Holding Corp. Common Stock,NYSE,N,N,USFD,Active
USGO,U.S. GoldMining Inc. - Common stock,NASDAQ,N,N,USGO,Active
USIO,"Usio, Inc. - Common Stock",NASDAQ,N,N,USIO,Active
USLM,"United States Lime & Minerals, Inc. - Common Stock",NASDAQ,N,N,USLM,Active
USNA,"USANA Health Sciences, Inc. Common Stock",NYSE,N,N,USNA,Active
USPH,"U.S. Physical Therapy, Inc. Common Stock",NYSE,N,N,USPH,Active
UTHR,United Therapeutics Corporation - Common Stock,NASDAQ,N,N,UTHR,Active
UTI,Universal Technical Institute Inc Common Stock,NYSE,N,N,UTI,Active
UTL,UNITIL Corporation Common Stock,NYSE,N,N,UTL,Active
UTMD,"Utah Medical Products, Inc. - Common Stock",NASDAQ,N,N,UTMD,Active
UTSI,UTStarcom Holdings Corp - Ordinary Shares,NASDAQ,N,N,UTSI,Active
UTZ,Utz Brands Inc Class A Common Stock ,NYSE,N,N,UTZ,Active
UUU,"Universal Safety Products, Inc. Common Stock",NYSE American,N,N,UUU,Active
UUUU,Energy Fuels Inc Ordinary Shares (Canada),NYSE American,N,N,UUUU,Active
UVE,UNIVERSAL INSURANCE HOLDINGS INC Common Stock,NYSE,N,N,UVE,Active
UVSP,Univest Financial Corporation - Common Stock,NASDAQ,N,N,UVSP,Active
UVV,Universal Corporation Common Stock,NYSE,N,N,UVV,Active
UWMC,UWM Holdings Corporation Class A Common Stock,NYSE,N,N,UWMC,Active
UYSC,UY Scuti Acquisition Corp. - Ordinary Shares,NASDAQ,N,N,UYSC,Active
UZX,Linkage Global Inc - Class A Ordinary Shares,NASDAQ,N,N,UZX,Active
V,Visa Inc.,NYSE,N,N,V,Active
VABK,Virginia National Bankshares Corporation - Common Stock,NASDAQ,N,N,VABK,Active
VAC,Marriott Vacations Worldwide Corporation Common Stock,NYSE,N,N,VAC,Active
VACI,Viking Acquisition Corp. I Class A Ordinary Shares,NYSE,N,N,VACI,Active
VAL,Valaris Limited Common Shares,NYSE,N,N,VAL,Active
VALU,"Value Line, Inc. - Common Stock",NASDAQ,N,N,VALU,Active
VANI,"Vivani Medical, Inc.  - Common Stock",NASDAQ,N,N,VANI,Active
VATE,INNOVATE Corp. Common Stock,NYSE,N,N,VATE,Active
VBIO,"Valion Bio, Inc. - Common stock",NASDAQ,N,N,VBIO,Active
VBNK,VersaBank - Common Shares,NASDAQ,N,N,VBNK,Active
VC,Visteon Corporation - Common Stock,NASDAQ,N,N,VC,Active
VCEL,Vericel Corporation - Common Stock,NASDAQ,N,N,VCEL,Active
VCIG,VCI Global Limited - Ordinary Share,NASDAQ,N,N,VCIG,Active
VCTR,"Victory Capital Holdings, Inc. - Common Stock",NASDAQ,N,N,VCTR,Active
VCV,Invesco California Value Municipal Income Trust Common Stock,NYSE,N,N,VCV,Active
VCYT,"Veracyte, Inc. - Common Stock",NASDAQ,N,N,VCYT,Active
VECA,Vernal Capital Acquisition Corp. Ordinary Shares,NYSE,N,N,VECA,Active
VECO,Veeco Instruments Inc. - Common Stock,NASDAQ,N,N,VECO,Active
VEEA,Veea Inc. - Common Stock,NASDAQ,N,N,VEEA,Active
VEEE,Twin Vee PowerCats Co. - Common Stock,NASDAQ,N,N,VEEE,Active
VEEV,Veeva Systems Inc. Class A Common Stock,NYSE,N,N,VEEV,Active
VEL,"Velocity Financial, Inc. Common Stock",NYSE,N,N,VEL,Active
VELO,"Velo3D, Inc. - Common stock",NASDAQ,N,N,VELO,Active
VENU,Venu Holding Corporation Common Stock,NYSE American,N,N,VENU,Active
VERA,"Vera Therapeutics, Inc. - Class A Common Stock",NASDAQ,N,N,VERA,Active
VERI,"Veritone, Inc. - Common Stock",NASDAQ,N,N,VERI,Active
VERU,Veru Inc. - Common Stock,NASDAQ,N,N,VERU,Active
VERX,"Vertex, Inc. - Class A Common Stock",NASDAQ,N,N,VERX,Active
VET,Vermilion Energy Inc. Common (Canada),NYSE,N,N,VET,Active
VFC,V.F. Corporation Common Stock,NYSE,N,N,VFC,Active
VFF,"Village Farms International, Inc. - Common Shares",NASDAQ,N,N,VFF,Active
VFS,VinFast Auto Ltd. - Ordinary Shares,NASDAQ,N,N,VFS,Active
VG,"Venture Global, Inc. Class A common stock",NYSE,N,N,VG,Active
VGAS,"Verde Clean Fuels, Inc. - Class A Common Stock",NASDAQ,N,N,VGAS,Active
VGM,Invesco Trust for Investment Grade Municipals Common Stock (DE),NYSE,N,N,VGM,Active
VGNT,Versigent PLC Ordinary Shares,NYSE,N,N,VGNT,Active
VGZ,Vista Gold Corp Common Stock,NYSE American,N,N,VGZ,Active
VHC,VirnetX Holding Corp - Common Stock,NASDAQ,N,N,VHC,Active
VHCP,Vine Hill Capital Investment Corp. II - Class A Ordinary Shares,NASDAQ,N,N,VHCP,Active
VHCPW,Vine Hill Capital Investment Corp. II - Warrants,NASDAQ,N,N,VHCPW,Active
VHI,"Valhi, Inc. Common Stock",NYSE,N,N,VHI,Active
VHUB,"VenHub Global, Inc. - Common Stock",NASDAQ,N,N,VHUB,Active
VIA,"Via Transportation, Inc. Class A Common Stock",NYSE,N,N,VIA,Active
VIAV,Viavi Solutions Inc. - Common Stock,NASDAQ,N,N,VIAV,Active
VICI,VICI Properties Inc. Common Stock,NYSE,N,N,VICI,Active
VICR,Vicor Corporation - Common Stock,NASDAQ,N,N,VICR,Active
VIDA,VIDA Global Inc. Class A Common Stock,NYSE American,N,N,VIDA,Active
VII,Viking Acquisition Corp. II Class A Ordinary Shares,NYSE,N,N,VII,Active
VIK,Viking Holdings Ltd Ordinary Shares,NYSE,N,N,VIK,Active
VINP,Vinci Compass Investments Ltd. - Class A Common Shares,NASDAQ,N,N,VINP,Active
VIP,Vulcan Infrastructure and Power Inc. - Class A Common Stock,NASDAQ,N,N,VIP,Active
VIR,"Vir Biotechnology, Inc. - Common Stock",NASDAQ,N,N,VIR,Active
VIRC,Virco Manufacturing Corporation - Common Stock,NASDAQ,N,N,VIRC,Active
VIRT,"Virtu Financial, Inc. Class A Common Stock",NYSE,N,N,VIRT,Active
VISN,"Vistance Networks, Inc.  - Common Stock",NASDAQ,N,N,VISN,Active
VITL,"Vital Farms, Inc. - Common Stock",NASDAQ,N,N,VITL,Active
VIVK,"Vivakor, Inc. - Common Stock",NASDAQ,N,N,VIVK,Active
VIVO,VivoPower PLC - Class A Ordinary Shares,NASDAQ,N,N,VIVO,Active
VIVS,"VivoSim Labs, Inc. - Common Stock",NASDAQ,N,N,VIVS,Active
VKQ,Invesco Municipal Trust Common Stock,NYSE,N,N,VKQ,Active
VKTX,"Viking Therapeutics, Inc. - Common Stock",NASDAQ,N,N,VKTX,Active
VLGEA,"Village Super Market, Inc. - Class A Common Stock",NASDAQ,N,N,VLGEA,Active
VLN,Valens Semiconductor Ltd. Ordinary Shares,NYSE,N,N,VLN,Active
VLO,Valero Energy Corporation Common Stock,NYSE,N,N,VLO,Active
VLOS,Velos Acquisition I Corp. - Class A Ordinary shares,NASDAQ,N,N,VLOS,Active
VLT,Invesco High Income Trust II,NYSE,N,N,VLT,Active
VLTO,Veralto Corp Common Stock ,NYSE,N,N,VLTO,Active
VLY,Valley National Bancorp - Common Stock,NASDAQ,N,N,VLY,Active
VMAR,Vision Marine Technologies Inc. - Common Shares,NASDAQ,N,N,VMAR,Active
VMC,Vulcan Materials Company (Holding Company) Common Stock,NYSE,N,N,VMC,Active
VMD,"Viemed Healthcare, Inc. - Common Shares",NASDAQ,N,N,VMD,Active
VMET,Versamet Royalties Corporation - Common Stock,NASDAQ,N,N,VMET,Active
VMI,"Valmont Industries, Inc. Common Stock",NYSE,N,N,VMI,Active
VMO,Invesco Municipal Opportunity Trust Common Stock,NYSE,N,N,VMO,Active
VNCE,Vince Holding Corp. - Common Stock,NASDAQ,N,N,VNCE,Active
VNDA,Vanda Pharmaceuticals Inc. - Common Stock,NASDAQ,N,N,VNDA,Active
VNME,Vendome Acquisition Corporation I - Class A Ordinary Shares,NASDAQ,N,N,VNME,Active
VNO,Vornado Realty Trust Common Stock,NYSE,N,N,VNO,Active
VNOM,"Viper Energy, Inc.  - Class A Common Stock",NASDAQ,N,N,VNOM,Active
VNRX,VolitionRX Limited Common Stock,NYSE American,N,N,VNRX,Active
VNT,Vontier Corporation Common Stock ,NYSE,N,N,VNT,Active
VNTG,Vantage Corp Class A Ordinary Shares,NYSE American,N,N,VNTG,Active
VOR,Vor Biopharma Inc. - Common Stock,NASDAQ,N,N,VOR,Active
VOXR,Vox Royalty Corp. - common stock,NASDAQ,N,N,VOXR,Active
VOYA,"Voya Financial, Inc. Common Stock",NYSE,N,N,VOYA,Active
VOYG,"Voyager Technologies, Inc. Class A Common Stock",NYSE,N,N,VOYG,Active
VPG,"Vishay Precision Group, Inc. Common Stock",NYSE,N,N,VPG,Active
VPV,Invesco Pennsylvania Value Municipal Income Trust Common Stock (DE),NYSE,N,N,VPV,Active
VRA,"Vera Bradley, Inc. - Common Stock",NASDAQ,N,N,VRA,Active
VRAX,Virax Biolabs Group Limited - Ordinary Shares,NASDAQ,N,N,VRAX,Active
VRCA,Verrica Pharmaceuticals Inc. - Common Stock,NASDAQ,N,N,VRCA,Active
VRDN,"Viridian Therapeutics, Inc.  - Common Stock",NASDAQ,N,N,VRDN,Active
VREX,Varex Imaging Corporation - Common Stock,NASDAQ,N,N,VREX,Active
VRM,"Vroom, Inc. - Common Stock",NASDAQ,N,N,VRM,Active
VRME,"VerifyMe, Inc. - Common Stock",NASDAQ,N,N,VRME,Active
VRNS,"Varonis Systems, Inc. - Common Stock",NASDAQ,N,N,VRNS,Active
VRRM,Verra Mobility Corporation - Class A Common Stock,NASDAQ,N,N,VRRM,Active
VRSK,"Verisk Analytics, Inc. - Common Stock",NASDAQ,N,N,VRSK,Active
VRSN,"VeriSign, Inc. - Common Stock",NASDAQ,N,N,VRSN,Active
VRT,"Vertiv Holdings, LLC Class A Common Stock",NYSE,N,N,VRT,Active
VRTS,"Virtus Investment Partners, Inc. Common Stock",NYSE,N,N,VRTS,Active
VRTX,Vertex Pharmaceuticals Incorporated - Common Stock,NASDAQ,N,N,VRTX,Active
VRXA,Veraxa Biotech AG - Ordinary Shares,NASDAQ,N,N,VRXA,Active
VRXAW,Veraxa Biotech AG - Warrants,NASDAQ,N,N,VRXAW,Active
VS,Versus Systems Inc. - Common Stock,NASDAQ,N,N,VS,Active
VSAT,"ViaSat, Inc. - Common Stock",NASDAQ,N,N,VSAT,Active
VSEC,VSE Corporation - Common Stock,NASDAQ,N,N,VSEC,Active
VSEE,"VSee Health, Inc. - Common Stock",NASDAQ,N,N,VSEE,Active
VSH,"Vishay Intertechnology, Inc. Common Stock",NYSE,N,N,VSH,Active
VSME,VS Media Holdings Limited - Class A Ordinary Shares,NASDAQ,N,N,VSME,Active
VSNT,"Versant Media Group, Inc. - Class A Common Stock",NASDAQ,N,N,VSNT,Active
VST,Vistra Corp. Common Stock,NYSE,N,N,VST,Active
VSTD,Vestand Inc.  - Class A Common Stock,NASDAQ,N,N,VSTD,Active
VSTM,"Verastem, Inc. - Common Stock",NASDAQ,N,N,VSTM,Active
VSTS,Vestis Corporation Common Stock,NYSE,N,N,VSTS,Active
VSXY,Victorias Secret & Co. Common Stock ,NYSE,N,N,VSXY,Active
VTAK,"Catheter Precision, Inc. Common Stock",NYSE American,N,N,VTAK,Active
VTEX,VTEX Class A Common Shares,NYSE,N,N,VTEX,Active
VTGN,"Vistagen Therapeutics, Inc. - Common Stock",NASDAQ,N,N,VTGN,Active
VTIX,Virtuix Holdings Inc. - Class A Common Stock,NASDAQ,N,N,VTIX,Active
VTN,Invesco Trust for Investment Grade New York Municipals Common Stock,NYSE,N,N,VTN,Active
VTOL,"Bristow Group, Inc. Common Stock",NYSE,N,N,VTOL,Active
VTR,"Ventas, Inc. Common Stock",NYSE,N,N,VTR,Active
VTRS,Viatris Inc. - Common Stock,NASDAQ,N,N,VTRS,Active
VTS,"Vitesse Energy, Inc. Common Stock",NYSE,N,N,VTS,Active
VTSI,"VirTra, Inc. - Common Stock",NASDAQ,N,N,VTSI,Active
VTVT,vTv Therapeutics Inc. - Class A Common Stock,NASDAQ,N,N,VTVT,Active
VUZI,Vuzix Corporation  - Common Stock,NASDAQ,N,N,VUZI,Active
VVOS,"Vivos Therapeutics, Inc. - Common Stock",NASDAQ,N,N,VVOS,Active
VVR,Invesco Senior Income Trust Common Stock (DE),NYSE,N,N,VVR,Active
VVV,Valvoline Inc. Common Stock,NYSE,N,N,VVV,Active
VVX,"V2X, Inc. Common Stock",NYSE,N,N,VVX,Active
VWAV,"VisionWave Holdings, Inc. - Common Stock",NASDAQ,N,N,VWAV,Active
VYGR,"Voyager Therapeutics, Inc. - Common Stock",NASDAQ,N,N,VYGR,Active
VYNE,VYNE Therapeutics Inc. - Common Stock,NASDAQ,N,N,VYNE,Active
VYX,NCR Voyix Corporation Common Stock,NYSE,N,N,VYX,Active
VZ,Verizon Communications Inc. Common Stock,NYSE,N,N,VZ,Active
VZLA,Vizsla Silver Corp. Common Shares,NYSE American,N,N,VZLA,Active
W,Wayfair Inc. Class A Common Stock,NYSE,N,N,W,Active
WAB,Westinghouse Air Brake Technologies Corporation Common Stock,NYSE,N,N,WAB,Active
WABC,Westamerica Bancorporation - Common Stock,NASDAQ,N,N,WABC,Active
WAFD,"WaFd, Inc. - Common Stock",NASDAQ,N,N,WAFD,Active
WAFU,Wah Fu Education Group Limited - Ordinary Shares,NASDAQ,N,N,WAFU,Active
WAL,Western Alliance Bancorporation Common Stock (DE),NYSE,N,N,WAL,Active
WALD,Waldencast plc - Class A Ordinary Share,NASDAQ,N,N,WALD,Active
WASH,"Washington Trust Bancorp, Inc. - Common Stock",NASDAQ,N,N,WASH,Active
WAT,Waters Corporation Common Stock,NYSE,N,N,WAT,Active
WATT,Energous Corporation - Common Stock,NASDAQ,N,N,WATT,Active
WAY,Waystar Holding Corp. - Common Stock,NASDAQ,N,N,WAY,Active
WBD,"Warner Bros. Discovery, Inc. - Series A Common Stock",NASDAQ,N,N,WBD,Active
WBI,WaterBridge Infrastructure LLC Class A Shares Representing Limited Liability Company Interests,NYSE,N,N,WBI,Active
WBS,Webster Financial Corporation Common Stock,NYSE,N,N,WBS,Active
WBTN,WEBTOON Entertainment Inc. - Common stock,NASDAQ,N,N,WBTN,Active
WBUY,WEBUY GLOBAL LTD. - Class A Ordinary Shares,NASDAQ,N,N,WBUY,Active
WBX,Wallbox N.V. Class A Ordinary Shares,NYSE,N,N,WBX,Active
WCC,"WESCO International, Inc. Common Stock",NYSE,N,N,WCC,Active
WCN,"Waste Connections, Inc. Common Shares",NYSE,N,N,WCN,Active
WCT,Wellchange Holdings Company Limited - Class A Ordinary shares,NASDAQ,N,N,WCT,Active
WD,"Walker & Dunlop, Inc Common Stock",NYSE,N,N,WD,Active
WDAY,"Workday, Inc. - Class A Common Stock",NASDAQ,N,N,WDAY,Active
WDC,Western Digital Corporation - Common Stock,NASDAQ,N,N,WDC,Active
WDFC,WD-40 Company - Common Stock,NASDAQ,N,N,WDFC,Active
WEAV,"Weave Communications, Inc. Common Stock",NYSE,N,N,WEAV,Active
WEC,"WEC Energy Group, Inc. Common Stock",NYSE,N,N,WEC,Active
WELL,Welltower Inc. Common Stock,NYSE,N,N,WELL,Active
WEN,Wendy's Company (The) - Common Stock,NASDAQ,N,N,WEN,Active
WENC,West Enclave Merger Corp. Ordinary Shares,NYSE,N,N,WENC,Active
WENN,Wen Acquisition Corp - Class A Ordinary Shares,NASDAQ,N,N,WENN,Active
WERN,"Werner Enterprises, Inc. - Common Stock",NASDAQ,N,N,WERN,Active
WEST,Westrock Coffee Company - Common Stock,NASDAQ,N,N,WEST,Active
WETH,Wetouch Technology Inc. - Common Stock,NASDAQ,N,N,WETH,Active
WETO,Wetour Robotics Limited - Ordinary Shares,NASDAQ,N,N,WETO,Active
WEX,WEX Inc. common stock,NYSE,N,N,WEX,Active
WEYS,"Weyco Group, Inc. - Common Stock",NASDAQ,N,N,WEYS,Active
WFC,Wells Fargo & Company Common Stock,NYSE,N,N,WFC,Active
WFCF,"Where Food Comes From, Inc. - Common Stock",NASDAQ,N,N,WFCF,Active
WFF,WF Holding Limited - Ordinary Shares,NASDAQ,N,N,WFF,Active
WFG,West Fraser Timber Co. Ltd Common stock,NYSE,N,N,WFG,Active
WFRD,Weatherford International plc - Ordinary shares,NASDAQ,N,N,WFRD,Active
WGO,"Winnebago Industries, Inc. Common Stock",NYSE,N,N,WGO,Active
WGS,GeneDx Holdings Corp. - Class A Common Stock,NASDAQ,N,N,WGS,Active
WH,"Wyndham Hotels & Resorts, Inc. Common Stock ",NYSE,N,N,WH,Active
WHD,"Cactus, Inc. Class A Common Stock",NYSE,N,N,WHD,Active
WHG,Westwood Holdings Group Inc Common Stock,NYSE,N,N,WHG,Active
WHK,WhiteHawk Minerals Corp Class A Common Stock,NYSE,N,N,WHK,Active
WHLR,"Wheeler Real Estate Investment Trust, Inc. - Common Stock",NASDAQ,N,N,WHLR,Active
WHR,Whirlpool Corporation Common Stock,NYSE,N,N,WHR,Active
WHWK,"Whitehawk Therapeutics, Inc. - Common Stock",NASDAQ,N,N,WHWK,Active
WILC,"G. Willi-Food International,  Ltd. - Ordinary Shares",NASDAQ,N,N,WILC,Active
WIMI,WiMi Hologram Cloud Inc. - Class B Ordinary Shares,NASDAQ,N,N,WIMI,Active
WINA,Winmark Corporation - Common Stock,NASDAQ,N,N,WINA,Active
WING,Wingstop Inc. - Common Stock,NASDAQ,N,N,WING,Active
WIT,Wipro Limited Common Stock,NYSE,N,N,WIT,Active
WIX,Wix.com Ltd. - Ordinary Shares,NASDAQ,N,N,WIX,Active
WK,Workiva Inc. Class A Common Stock,NYSE,N,N,WK,Active
WKC,World Kinect Corporation Common Stock,NYSE,N,N,WKC,Active
WKHS,"Workhorse Group, Inc. - Common Stock",NASDAQ,N,N,WKHS,Active
WKSP,"Worksport, Ltd. - Common Stock",NASDAQ,N,N,WKSP,Active
WLDN,"Willdan Group, Inc. - Common Stock",NASDAQ,N,N,WLDN,Active
WLDS,Wearable Devices Ltd. - Ordinary Share,NASDAQ,N,N,WLDS,Active
WLFC,Willis Lease Finance Corporation - Common Stock,NASDAQ,N,N,WLFC,Active
WLII,Willow Lane Acquisition Corp. II - Class A Ordinary Shares,NASDAQ,N,N,WLII,Active
WLIIW,Willow Lane Acquisition Corp. II - Warrants,NASDAQ,N,N,WLIIW,Active
WLK,Westlake Corporation Common Stock,NYSE,N,N,WLK,Active
WLTH,Wealthfront Corporation - Common Stock,NASDAQ,N,N,WLTH,Active
WLY,"John Wiley & Sons, Inc. Common Stock",NYSE,N,N,WLY,Active
WLYB,"John Wiley & Sons, Inc. Common Stock",NYSE,N,N,WLYB,Active
WM,"Waste Management, Inc. Common Stock",NYSE,N,N,WM,Active
WMB,"Williams Companies, Inc. (The) Common Stock",NYSE,N,N,WMB,Active
WMG,Warner Music Group Corp. - Class A Common Stock,NASDAQ,N,N,WMG,Active
WMK,"Weis Markets, Inc. Common Stock",NYSE,N,N,WMK,Active
WMS,"Advanced Drainage Systems, Inc. Common Stock",NYSE,N,N,WMS,Active
WMT,Walmart Inc. - Common Stock,NASDAQ,N,N,WMT,Active
WNC,Wabash National Corporation Common Stock,NYSE,N,N,WNC,Active
WNEB,"Western New England Bancorp, Inc. - Common Stock",NASDAQ,N,N,WNEB,Active
WNW,Meiwu Technology Company Limited - Ordinary Shares,NASDAQ,N,N,WNW,Active
WOK,WORK Medical Technology Group LTD - Class A Ordinary Shares,NASDAQ,N,N,WOK,Active
WOLF,"Wolfspeed, Inc. Common Stock New",NYSE,N,N,WOLF,Active
WOOF,"Petco Health and Wellness Company, Inc. - Class A Common Stock",NASDAQ,N,N,WOOF,Active
WOR,"Worthington Enterprises, Inc. Common Shares",NYSE,N,N,WOR,Active
WPAC,White Pearl Acquisition Corp. Class A Ordinary Shares,NYSE,N,N,WPAC,Active
WPC,W. P. Carey Inc. REIT,NYSE,N,N,WPC,Active
WPM,Wheaton Precious Metals Corp Common Shares (Canada),NYSE,N,N,WPM,Active
WPRT,Westport Fuel Systems Inc - Common Shares,NASDAQ,N,N,WPRT,Active
WRAP,"Wrap Technologies, Inc. - Common Stock",NASDAQ,N,N,WRAP,Active
WRB,W.R. Berkley Corporation Common Stock,NYSE,N,N,WRB,Active
WRBY,Warby Parker Inc. Class A Common Stock,NYSE,N,N,WRBY,Active
WRLD,World Acceptance Corporation - Common Stock,NASDAQ,N,N,WRLD,Active
WRN,Western Copper and Gold Corporation Common Stock,NYSE American,N,N,WRN,Active
WS,"Worthington Steel, Inc. Common Shares",NYSE,N,N,WS,Active
WSBC,"WesBanco, Inc. - Common Stock",NASDAQ,N,N,WSBC,Active
WSBF,"Waterstone Financial, Inc. - Common Stock",NASDAQ,N,N,WSBF,Active
WSBK,"Winchester Bancorp, Inc. - Common Stock",NASDAQ,N,N,WSBK,Active
WSC,WillScot Holdings Corporation - Class A Common Stock,NASDAQ,N,N,WSC,Active
WSE,Wise Group plc - Class A Ordinary Shares,NASDAQ,N,N,WSE,Active
WSFS,WSFS Financial Corporation - Common Stock,NASDAQ,N,N,WSFS,Active
WSHP,WeShop Holdings Limited - Class A Ordinary Shares,NASDAQ,N,N,WSHP,Active
WSM,"Williams-Sonoma, Inc. Common Stock (DE)",NYSE,N,N,WSM,Active
WSO,"Watsco, Inc. Common Stock",NYSE,N,N,WSO,Active
WST,"West Pharmaceutical Services, Inc. Common Stock",NYSE,N,N,WST,Active
WSTN,Westin Acquisition Corp - Class A Ordinary Share,NASDAQ,N,N,WSTN,Active
WT,"WisdomTree, Inc. Common Stock",NYSE,N,N,WT,Active
WTBA,West Bancorporation - Common Stock,NASDAQ,N,N,WTBA,Active
WTF,Waton Financial Limited - Ordinary Shares,NASDAQ,N,N,WTF,Active
WTFC,Wintrust Financial Corporation - Common Stock,NASDAQ,N,N,WTFC,Active
WTG,Wintergreen Acquisition Corp. - Ordinary Shares,NASDAQ,N,N,WTG,Active
WTI,"W&T Offshore, Inc. Common Stock",NYSE,N,N,WTI,Active
WTM,"White Mountains Insurance Group, Ltd. Common Stock",NYSE,N,N,WTM,Active
WTRG,"Essential Utilities, Inc. Common Stock",NYSE,N,N,WTRG,Active
WTS,"Watts Water Technologies, Inc. Class A Common Stock",NYSE,N,N,WTS,Active
WTTR,"Select Water Solutions, Inc. Class A common stock",NYSE,N,N,WTTR,Active
WTW,Willis Towers Watson Public Limited Company - Ordinary Shares,NASDAQ,N,N,WTW,Active
WU,Western Union Company (The) Common Stock,NYSE,N,N,WU,Active
WULF,TeraWulf Inc. - Common Stock,NASDAQ,N,N,WULF,Active
WVE,Wave Life Sciences Ltd. - Ordinary Shares,NASDAQ,N,N,WVE,Active
WVVI,"Willamette Valley Vineyards, Inc. - Common Stock",NASDAQ,N,N,WVVI,Active
WW,"WW International, Inc.  - Common Stock",NASDAQ,N,N,WW,Active
WWD,"Woodward, Inc. - Common Stock",NASDAQ,N,N,WWD,Active
WWR,"Westwater Resources, Inc. Common Stock",NYSE American,N,N,WWR,Active
WWW,"Wolverine World Wide, Inc. Common Stock",NYSE,N,N,WWW,Active
WXM,WF International Limited - Ordinary Shares,NASDAQ,N,N,WXM,Active
WY,Weyerhaeuser Company Common Stock,NYSE,N,N,WY,Active
WYFI,"WhiteFiber, Inc. - Ordinary Shares",NASDAQ,N,N,WYFI,Active
WYNN,"Wynn Resorts, Limited - Common Stock",NASDAQ,N,N,WYNN,Active
WYY,WidePoint Corporation Common Stock,NYSE American,N,N,WYY,Active
XAIR,"Beyond Air, Inc. - Common Stock",NASDAQ,N,N,XAIR,Active
XBIO,"Xenetic Biosciences, Inc. - Common Stock",NASDAQ,N,N,XBIO,Active
XBIT,XBiotech Inc. - Common Stock,NASDAQ,N,N,XBIT,Active
XBP,"XBP Global Holdings, Inc. - Common Stock",NASDAQ,N,N,XBP,Active
XCBE,X3 Acquisition Corp. Ltd. - Class A Ordinary Shares,NASDAQ,N,N,XCBE,Active
XCH,XCHG Limited - ADS,NASDAQ,N,N,XCH,Active
XCUR,"Exicure, Inc. - Common Stock",NASDAQ,N,N,XCUR,Active
XE,"X-Energy, Inc. - Class A Common Stock",NASDAQ,N,N,XE,Active
XEL,Xcel Energy Inc. - Common Stock,NASDAQ,N,N,XEL,Active
XELB,"Xcel Brands, Inc - Common Stock",NASDAQ,N,N,XELB,Active
XENE,Xenon Pharmaceuticals Inc. - Common Shares,NASDAQ,N,N,XENE,Active
XERS,"Xeris Biopharma Holdings, Inc. - Common Stock",NASDAQ,N,N,XERS,Active
XFLH,XFLH Capital Corporation Ordinary Shares,NYSE,N,N,XFLH,Active
XFOR,"X4 Pharmaceuticals, Inc. - Common Stock",NASDAQ,N,N,XFOR,Active
XGN,Exagen Inc. - Common Stock,NASDAQ,N,N,XGN,Active
XHLD,"TEN Holdings, Inc. - Common Stock",NASDAQ,N,N,XHLD,Active
XHR,"Xenia Hotels & Resorts, Inc. Common Stock",NYSE,N,N,XHR,Active
XLO,"Xilio Therapeutics, Inc. - Common Stock",NASDAQ,N,N,XLO,Active
XMAX,"XMAX, Inc. - Common Stock",NASDAQ,N,N,XMAX,Active
XMTR,"Xometry, Inc. - Class A Common Stock",NASDAQ,N,N,XMTR,Active
XNCR,"Xencor, Inc. - Common Stock",NASDAQ,N,N,XNCR,Active
XNDU,Xanadu Quantum Technologies Limited - Class B Subordinate Voting Shares,NASDAQ,N,N,XNDU,Active
XOM,ExxonMobil Holdings Corporation Common Stock,NYSE,N,N,XOM,Active
XOS,"Xos, Inc. - Common Stock",NASDAQ,N,N,XOS,Active
XOSWW,"Xos, Inc. - Warrants",NASDAQ,N,N,XOSWW,Active
XP,XP Inc. - Class A Common Stock,NASDAQ,N,N,XP,Active
XPEL,"XPEL, Inc. - Common Stock",NASDAQ,N,N,XPEL,Active
XPER,Xperi Inc. Common Stock ,NYSE,N,N,XPER,Active
XPL,Solitario Resources Corp. Common Stock,NYSE American,N,N,XPL,Active
XPO,"XPO, Inc. Common Stock",NYSE,N,N,XPO,Active
XPOF,"Xponential Fitness, Inc. Class A Common Stock",NYSE,N,N,XPOF,Active
XPON,Expion360 Inc. - Common Stock,NASDAQ,N,N,XPON,Active
XPRO,Expro Ltd Ordinary Shares,NYSE,N,N,XPRO,Active
XRAY,DENTSPLY SIRONA Inc. - Common Stock,NASDAQ,N,N,XRAY,Active
XRN,Chiron Real Estate Inc. Common Stock,NYSE,N,N,XRN,Active
XRPN,Armada Acquisition Corp. II - Class A Ordinary Shares,NASDAQ,N,N,XRPN,Active
XRTX,XORTX Therapeutics Inc. - Common Shares,NASDAQ,N,N,XRTX,Active
XRX,Xerox Holdings Corporation - Common Stock,NASDAQ,N,N,XRX,Active
XRXDW,Xerox Holdings Corporation - Warrants,NASDAQ,N,N,XRXDW,Active
XSLL,Xsolla SPAC 1 - Class A Ordinary Shares,NASDAQ,N,N,XSLL,Active
XSLLW,Xsolla SPAC 1 - Warrants,NASDAQ,N,N,XSLLW,Active
XTIA,"XTI Aerospace, Inc. Common Stock  - Common Stock",NASDAQ,N,N,XTIA,Active
XTNT,"Xtant Medical Holdings, Inc. Common Stock",NYSE American,N,N,XTNT,Active
XWEL,"XWELL, Inc. - Common Stock",NASDAQ,N,N,XWEL,Active
XXI,"Twenty One Capital, Inc. Class A Common Stock",NYSE,N,N,XXI,Active
XXII,"22nd Century Group, Inc - Common Stock",NASDAQ,N,N,XXII,Active
XYL,Xylem Inc. Common Stock New,NYSE,N,N,XYL,Active
XYZ,"Block, Inc. Class A Common Stock,",NYSE,N,N,XYZ,Active
XZO,"Exzeo Group, Inc. Common Stock",NYSE,N,N,XZO,Active
YAAS,Youxin Technology Ltd - Class A Ordinary shares,NASDAQ,N,N,YAAS,Active
YCBD,"cbdMD, Inc. Common Stock",NYSE American,N,N,YCBD,Active
YCY,AA Mission Acquisition Corp. II Class A Ordinary Shares,NYSE,N,N,YCY,Active
YDDL,One and One Green Technologies. INC - Class A Ordinary Shares,NASDAQ,N,N,YDDL,Active
YDES,YD Bio Limited - Ordinary Shares,NASDAQ,N,N,YDES,Active
YDESW,YD Bio Limited - Warrants,NASDAQ,N,N,YDESW,Active
YDKG,Yueda Digital Holding - Class A Ordinary Share,NASDAQ,N,N,YDKG,Active
YELP,Yelp Inc. Common Stock,NYSE,N,N,YELP,Active
YETI,"YETI Holdings, Inc. Common Stock",NYSE,N,N,YETI,Active
YEXT,"Yext, Inc. Common Stock",NYSE,N,N,YEXT,Active
YHC,LQR House Inc. - Common Stock,NASDAQ,N,N,YHC,Active
YHGJ,Yunhong Green CTI Ltd. - Common Stock,NASDAQ,N,N,YHGJ,Active
YHNA,YHN Acquisition I Limited - Ordinary Shares,NASDAQ,N,N,YHNA,Active
YIBO,Planet Image International Limited - Class A Ordinary Shares,NASDAQ,N,N,YIBO,Active
YICC,Yorkville International Capital Corp. - Class A Ordinary Shares,NASDAQ,N,N,YICC,Active
YICCW,Yorkville International Capital Corp. - Warrants,NASDAQ,N,N,YICCW,Active
YJ,Yunji Inc. - American Depository Shares,NASDAQ,N,N,YJ,Active
YMAT,"J-Star Holding Co., Ltd. - Class A Ordinary Shares",NASDAQ,N,N,YMAT,Active
YORW,The York Water Company - Common Stock,NASDAQ,N,N,YORW,Active
YOU,"Clear Secure, Inc. Class A Common Stock",NYSE,N,N,YOU,Active
YPF,YPF Sociedad Anonima Common Stock,NYSE,N,N,YPF,Active
YSS,York Space Systems Inc. Common Stock,NYSE,N,N,YSS,Active
YSWY,"Yesway, Inc. - Class A Common Stock",NASDAQ,N,N,YSWY,Active
YSXT,"YSX Tech. Co., Ltd  - Class A Ordinary Shares",NASDAQ,N,N,YSXT,Active
YTRA,"Yatra Online, Inc. - Ordinary Shares",NASDAQ,N,N,YTRA,Active
YUM,"Yum! Brands, Inc.",NYSE,N,N,YUM,Active
YUMC,"Yum China Holdings, Inc. Common Stock",NYSE,N,N,YUMC,Active
YXT,YXT.COM GROUP HOLDING LIMITED - American Depository Shares,NASDAQ,N,N,YXT,Active
YYAI,AiRWA Inc. - Common Stock,NASDAQ,N,N,YYAI,Active
YYGH,YY Group Holding Limited - Class A Ordinary Shares,NASDAQ,N,N,YYGH,Active
Z,"Zillow Group, Inc. - Class C Capital Stock",NASDAQ,N,N,Z,Active
ZBAO,Zhibao Technology Inc. - Class A Ordinary Shares,NASDAQ,N,N,ZBAO,Active
ZBH,"Zimmer Biomet Holdings, Inc. Common Stock",NYSE,N,N,ZBH,Active
ZBIO,"Zenas BioPharma, Inc. - Common Stock",NASDAQ,N,N,ZBIO,Active
ZBRA,Zebra Technologies Corporation - Class A Common Stock,NASDAQ,N,N,ZBRA,Active
ZCMD,Zhongchao Inc. - Class A Ordinary Shares,NASDAQ,N,N,ZCMD,Active
ZD,"Ziff Davis, Inc. - Common Stock",NASDAQ,N,N,ZD,Active
ZDAI,"DirectBooking Technology Co., Ltd. - Class A Ordinary Shares",NASDAQ,N,N,ZDAI,Active
ZDGE,"Zedge, Inc. Class B Common Stock ",NYSE American,N,N,ZDGE,Active
ZENA,"ZenaTech, Inc. - Common Stock",NASDAQ,N,N,ZENA,Active
ZEO,Zeo Energy Corporation - Class A Common Stock,NASDAQ,N,N,ZEO,Active
ZEOWW,Zeo Energy Corporation - Warrants,NASDAQ,N,N,ZEOWW,Active
ZETA,Zeta Global Holdings Corp. Class A Common Stock,NYSE,N,N,ZETA,Active
ZG,"Zillow Group, Inc. - Class A Common Stock",NASDAQ,N,N,ZG,Active
ZGN,Ermenegildo Zegna N.V. Ordinary Shares,NYSE,N,N,ZGN,Active
ZIM,ZIM Integrated Shipping Services Ltd. Ordinary Shares,NYSE,N,N,ZIM,Active
ZION,Zions Bancorporation N.A. - Common Stock,NASDAQ,N,N,ZION,Active
ZIP,"ZipRecruiter, Inc. Class A Common Stock",NYSE,N,N,ZIP,Active
ZJK,"ZJK Industrial Co., Ltd. - Class A Ordinary Shares",NASDAQ,N,N,ZJK,Active
ZJYL,JIN MEDICAL INTERNATIONAL LTD. - Class A Ordinary Shares,NASDAQ,N,N,ZJYL,Active
ZKIN,"ZK International Group Co., Ltd - Ordinary Share",NASDAQ,N,N,ZKIN,Active
ZKP,Lafayette Digital Acquisition Corp. I - Class A Ordinary Shares,NASDAQ,N,N,ZKP,Active
ZM,"Zoom Communications, Inc. - Class A Common Stock",NASDAQ,N,N,ZM,Active
ZNB,Zeta Network Group - Class A Ordinary Shares,NASDAQ,N,N,ZNB,Active
ZNTL,"Zentalis Pharmaceuticals, Inc. - common stock",NASDAQ,N,N,ZNTL,Active
ZONE,CleanCore Solutions Inc. Class B Common Stock,NYSE American,N,N,ZONE,Active
ZOOZ,ZOOZ Strategy Ltd. - Ordinary Shares,NASDAQ,N,N,ZOOZ,Active
ZS,"Zscaler, Inc. - Common Stock",NASDAQ,N,N,ZS,Active
ZSQR,Z Squared Inc. - Common Stock,NASDAQ,N,N,ZSQR,Active
ZSTK,ZeroStack Corp. - Common Stock,NASDAQ,N,N,ZSTK,Active
ZTEK,Zentek Ltd. - common stock,NASDAQ,N,N,ZTEK,Active
ZTG,Zenta Group Company Limited - Class A Ordinary Shares,NASDAQ,N,N,ZTG,Active
ZTS,Zoetis Inc. Class A Common Stock,NYSE,N,N,ZTS,Active
ZUMZ,Zumiez Inc. - Common Stock,NASDAQ,N,N,ZUMZ,Active
ZURA,Zura Bio Limited - Class A Ordinary shares,NASDAQ,N,N,ZURA,Active
ZVIA,Zevia PBC Class A Common Stock,NYSE,N,N,ZVIA,Active
ZVRA,"Zevra Therapeutics, Inc.  - Common Stock",NASDAQ,N,N,ZVRA,Active
ZWS,Zurn Elkay Water Solutions Corporation Common Stock,NYSE,N,N,ZWS,Active
ZYBT,Zhengye Biotechnology Holding Limited - Class A Ordinary Shares,NASDAQ,N,N,ZYBT,Active
ZYME,Zymeworks Inc. - Common Stock,NASDAQ,N,N,ZYME,Active
